distance_km,operateur_enc,type_service_enc,type_ligne_enc,pays_enc,co2_emission_kg,heure_sin,heure_cos
17.81510662831215,2,1,1,2,0.24941149279637012,-0.7071067811865477,0.7071067811865474
47.46650168839088,1,1,0,0,0.6645310236374723,0.7071067811865476,0.7071067811865476
319.9874038474684,0,1,1,1,4.479823653864558,0.9659258262890683,0.25881904510252074
38.702801264914825,0,0,1,1,0.5418392177088076,0.9659258262890683,-0.25881904510252063
450.27417493659436,2,0,1,2,6.303838449112321,-0.7071067811865471,-0.7071067811865479
237.19834765053952,2,0,0,2,3.3207768671075533,0.9659258262890683,-0.25881904510252063
265.4070467100146,2,0,1,2,3.7156986539402044,-0.7071067811865471,-0.7071067811865479
199.89286583057907,0,1,0,1,2.798500121628107,0.9659258262890683,0.25881904510252074
389.11261093787016,0,0,0,1,5.447576553130182,-0.8660254037844385,-0.5000000000000004
390.9687797998619,0,1,1,1,5.473562917198067,0.0,1.0
310.30978334419086,2,0,0,2,4.344336966818672,-1.0,-1.8369701987210297e-16
351.66203906337665,1,0,0,0,4.9232685468872734,-0.9659258262890683,-0.25881904510252063
211.82385941432338,0,0,0,1,2.9655340318005274,-0.8660254037844385,-0.5000000000000004
347.59654124362874,2,0,1,2,4.866351577410802,-0.8660254037844385,-0.5000000000000004
189.1820004147148,2,0,1,2,2.648548005806007,0.258819045102521,-0.9659258262890682
250.40169198923235,2,0,0,2,3.5056236878492526,0.258819045102521,-0.9659258262890682
200.56412511406646,2,1,0,2,2.8078977515969306,0.9659258262890683,0.25881904510252074
167.70066292254472,2,0,1,2,2.347809280915626,1.0,6.123233995736766e-17
125.95987641007777,2,0,0,2,1.7634382697410889,0.9659258262890683,-0.25881904510252063
334.1842186945994,2,1,0,2,4.678579061724391,0.49999999999999994,0.8660254037844387
485.9090643064234,0,0,1,1,6.802726900289928,-0.8660254037844385,-0.5000000000000004
460.79835490052074,2,1,0,2,6.451176968607291,-0.8660254037844386,0.5000000000000001
23.818239529821625,2,0,1,2,0.33345535341750276,0.9659258262890683,-0.25881904510252063
482.0565492532372,2,0,0,2,6.748791689545321,0.49999999999999994,-0.8660254037844387
192.7314697087728,2,0,1,2,2.6982405759228194,-0.9659258262890684,0.2588190451025203
358.1319427262065,0,0,0,1,5.013847198166891,-0.9659258262890683,-0.25881904510252063
86.881240231502,2,0,1,2,1.216337363241028,-0.7071067811865471,-0.7071067811865479
275.55638449732095,2,0,0,2,3.857789382962493,1.2246467991473532e-16,-1.0
306.4701729214433,0,0,1,1,4.290582420900206,0.8660254037844387,-0.4999999999999998
17.22886254553748,2,0,0,2,0.24120407563752475,-1.0,-1.8369701987210297e-16
359.48808994195406,0,0,1,1,5.032833259187357,1.0,6.123233995736766e-17
492.2683014108967,2,0,1,2,6.891756219752554,-0.8660254037844385,-0.5000000000000004
218.56336977730697,2,0,1,2,3.059887176882298,0.9659258262890683,-0.25881904510252063
494.83026354904234,1,0,1,0,6.927623689686593,0.9659258262890683,-0.25881904510252063
215.85517117856665,1,1,0,0,3.0219723964999328,0.49999999999999994,0.8660254037844387
402.9252155883911,0,0,0,1,5.640953018237475,-0.7071067811865471,-0.7071067811865479
149.34259387119795,2,0,0,2,2.0907963141967714,0.258819045102521,-0.9659258262890682
685.3800002764234,2,0,0,2,9.595320003869928,-0.4999999999999997,-0.8660254037844388
519.1824841437323,0,1,1,1,7.268554778012252,-0.8660254037844386,0.5000000000000001
198.7674092343378,2,1,1,2,2.7827437292807295,0.7071067811865476,0.7071067811865476
104.97602479588727,2,1,0,2,1.4696643471424218,-0.5000000000000004,0.8660254037844384
301.84510629498806,2,0,0,2,4.225831488129833,1.0,6.123233995736766e-17
9.906598473276233,2,0,0,2,0.13869237862586725,0.49999999999999994,-0.8660254037844387
330.0736367603478,1,1,0,0,4.62103091464487,-0.25881904510252157,0.9659258262890681
324.08182944957076,2,1,1,2,4.53714561229399,0.8660254037844386,0.5000000000000001
80.54742957963555,0,0,1,1,1.1276640141148977,1.2246467991473532e-16,-1.0
451.77406425058797,2,0,0,2,6.324836899508232,0.49999999999999994,-0.8660254037844387
395.00344650511124,2,1,0,2,5.530048251071557,0.8660254037844386,0.5000000000000001
425.6482007119414,2,0,1,2,5.95907480996718,0.9659258262890683,-0.25881904510252063
251.59438666040117,2,1,0,2,3.5223214132456167,-0.8660254037844386,0.5000000000000001
5.0,1,0,0,0,0.07,-0.8660254037844385,-0.5000000000000004
426.01700899800477,0,0,0,1,5.9642381259720665,0.49999999999999994,-0.8660254037844387
201.33314815555758,1,0,0,0,2.818664074177806,-1.0,-1.8369701987210297e-16
5.0,0,0,1,1,0.07,-0.9659258262890683,-0.25881904510252063
493.3670858753787,0,0,0,1,6.907139202255302,0.7071067811865476,-0.7071067811865475
627.8933536904517,1,1,0,0,8.790506951666325,0.8660254037844386,0.5000000000000001
242.57533678374347,2,1,0,2,3.3960547149724083,-0.25881904510252157,0.9659258262890681
638.6418078285925,2,1,1,2,8.940985309600295,0.0,1.0
266.4366511500429,2,0,0,2,3.7301131161006005,-0.8660254037844385,-0.5000000000000004
181.51793725005678,2,0,1,2,2.5412511215007947,-0.8660254037844385,-0.5000000000000004
136.51747824661405,2,1,1,2,1.9112446954525968,0.0,1.0
544.6748334386937,2,1,0,2,7.625447668141711,0.0,1.0
109.57410135020109,0,1,0,1,1.5340374189028152,-0.5000000000000004,0.8660254037844384
382.34847579549773,2,1,0,2,5.352878661136969,-0.7071067811865477,0.7071067811865474
149.35050968934252,2,0,0,2,2.090907135650795,0.8660254037844387,-0.4999999999999998
167.14478273661464,2,1,0,2,2.340026958312605,0.7071067811865476,0.7071067811865476
435.444944914522,2,0,0,2,6.096229228803308,0.8660254037844387,-0.4999999999999998
181.59336766791634,0,0,0,1,2.542307147350829,-0.2588190451025208,-0.9659258262890683
177.13683170434723,2,0,0,2,2.479915643860861,-0.4999999999999997,-0.8660254037844388
453.90484549146527,1,0,0,0,6.354667836880513,-0.7071067811865471,-0.7071067811865479
537.5315127798922,0,0,0,1,7.5254411789184905,-0.7071067811865471,-0.7071067811865479
366.04416459116203,2,0,0,2,5.124618304276269,1.2246467991473532e-16,-1.0
132.14144038768916,2,0,0,2,1.8499801654276482,-0.2588190451025208,-0.9659258262890683
158.09047012643572,0,1,0,1,2.2132665817701,-0.7071067811865477,0.7071067811865474
264.38474747320674,0,1,0,1,3.7013864646248944,-0.8660254037844386,0.5000000000000001
307.7674111466184,0,0,0,1,4.308743756052657,0.8660254037844387,-0.4999999999999998
72.18413617484106,0,1,0,1,1.010577906447775,-0.5000000000000004,0.8660254037844384
380.1468291243755,2,0,0,2,5.322055607741256,0.8660254037844387,-0.4999999999999998
265.39239933512783,2,1,1,2,3.71549359069179,-0.8660254037844386,0.5000000000000001
58.82749735486328,2,1,1,2,0.8235849629680859,0.7071067811865476,0.7071067811865476
82.79323315706853,0,0,0,1,1.1591052641989594,0.7071067811865476,-0.7071067811865475
159.25683874270055,0,1,1,1,2.229595742397808,0.49999999999999994,0.8660254037844387
236.8856160086101,2,1,0,2,3.316398624120541,-0.8660254037844386,0.5000000000000001
590.0701831907193,2,0,0,2,8.260982564670071,0.8660254037844387,-0.4999999999999998
292.8708351051331,2,0,0,2,4.1001916914718635,-1.0,-1.8369701987210297e-16
98.66105981824748,2,0,1,2,1.3812548374554647,-0.7071067811865471,-0.7071067811865479
289.7135447752894,0,0,0,1,4.055989626854052,-0.7071067811865471,-0.7071067811865479
186.62420545830145,0,0,0,1,2.6127388764162203,-0.8660254037844385,-0.5000000000000004
308.45648311603753,0,0,0,1,4.318390763624526,-0.9659258262890683,-0.25881904510252063
354.50218366641064,2,0,0,2,4.96303057132975,0.7071067811865476,-0.7071067811865475
467.66151650030884,2,1,0,2,6.547261231004324,-0.8660254037844386,0.5000000000000001
245.62843077939536,0,0,0,1,3.438798030911535,-1.0,-1.8369701987210297e-16
545.0128949679699,0,1,0,1,7.630180529551579,-0.7071067811865477,0.7071067811865474
413.44407925651444,0,0,0,1,5.788217109591201,-0.4999999999999997,-0.8660254037844388
122.66088193380618,0,0,0,1,1.7172523470732866,-0.4999999999999997,-0.8660254037844388
647.7740198347235,2,0,0,2,9.06883627768613,0.49999999999999994,-0.8660254037844387
308.8590123886176,2,0,0,2,4.324026173440647,0.9659258262890683,-0.25881904510252063
99.67758928499768,2,1,0,2,1.3954862499899676,-0.7071067811865477,0.7071067811865474
547.5243492214759,2,0,1,2,7.665340889100662,-0.7071067811865471,-0.7071067811865479
623.99996533572,2,0,0,2,8.735999514700081,0.7071067811865476,-0.7071067811865475
244.0554525304791,2,0,0,2,3.4167763354267073,0.8660254037844387,-0.4999999999999998
159.34295313239267,0,0,0,1,2.2308013438534973,-0.4999999999999997,-0.8660254037844388
218.97250765834085,2,1,1,2,3.0656151072167717,-0.7071067811865477,0.7071067811865474
378.65171095318595,2,1,1,2,5.301123953344603,0.8660254037844386,0.5000000000000001
480.0141979054925,1,0,0,0,6.720198770676895,-0.9659258262890684,0.2588190451025203
352.6877195554432,2,1,0,2,4.937628073776205,0.25881904510252074,0.9659258262890683
268.3101775249186,2,1,1,2,3.75634248534886,-0.7071067811865477,0.7071067811865474
519.642118654797,0,0,0,1,7.274989661167157,-0.7071067811865471,-0.7071067811865479
193.689434850726,2,0,0,2,2.711652087910164,-0.9659258262890683,-0.25881904510252063
435.56548090604326,2,0,0,2,6.097916732684605,-0.7071067811865471,-0.7071067811865479
198.14869629676986,2,1,0,2,2.774081748154778,0.8660254037844386,0.5000000000000001
327.5841324419608,2,1,1,2,4.586177854187451,0.0,1.0
229.55873833771872,1,0,0,0,3.213822336728062,-1.0,-1.8369701987210297e-16
239.94660712249404,0,0,0,1,3.3592524997149167,0.7071067811865476,-0.7071067811865475
182.07042685680221,0,1,0,1,2.548985975995231,-0.8660254037844386,0.5000000000000001
492.073725612525,0,0,1,1,6.88903215857535,1.2246467991473532e-16,-1.0
118.07331314046368,0,1,0,1,1.6530263839664916,-0.5000000000000004,0.8660254037844384
116.75819454123248,2,1,1,2,1.6346147235772548,-0.25881904510252157,0.9659258262890681
631.7788418521197,0,1,0,1,8.844903785929677,-0.5000000000000004,0.8660254037844384
426.01256163777964,2,1,0,2,5.964175862928915,-0.5000000000000004,0.8660254037844384
179.32046576474653,0,0,0,1,2.5104865207064515,0.49999999999999994,-0.8660254037844387
148.25342694212736,0,0,1,1,2.075547977189783,-0.4999999999999997,-0.8660254037844388
76.15808076116974,2,1,0,2,1.0662131306563765,0.25881904510252074,0.9659258262890683
78.87567518525407,2,1,0,2,1.104259452593557,0.9659258262890683,0.25881904510252074
314.9326399221271,2,1,0,2,4.40905695890978,-0.8660254037844386,0.5000000000000001
225.34187601509038,2,0,1,2,3.1547862642112654,0.49999999999999994,-0.8660254037844387
44.45047255096392,0,0,1,1,0.6223066157134949,-0.4999999999999997,-0.8660254037844388
260.7829462233589,0,0,1,1,3.6509612471270247,0.8660254037844387,-0.4999999999999998
42.52182659885449,2,0,0,2,0.5953055723839629,0.258819045102521,-0.9659258262890682
264.9241335709672,2,1,0,2,3.7089378699935405,0.7071067811865476,0.7071067811865476
175.31506993834108,2,1,1,2,2.454410979136775,-0.5000000000000004,0.8660254037844384
520.3515337339472,2,1,0,2,7.284921472275261,-0.25881904510252157,0.9659258262890681
504.0442351142125,2,0,0,2,7.056619291598975,-0.2588190451025208,-0.9659258262890683
391.3622085418509,2,1,0,2,5.479070919585912,-0.7071067811865477,0.7071067811865474
191.20951948098173,1,1,0,0,2.676933272733744,0.49999999999999994,0.8660254037844387
607.3684711468528,2,1,0,2,8.503158596055938,-0.8660254037844386,0.5000000000000001
29.546350011167704,2,0,0,2,0.41364890015634787,-0.8660254037844385,-0.5000000000000004
5.0,0,0,0,1,0.07,1.2246467991473532e-16,-1.0
234.91904201996837,2,0,0,2,3.288866588279557,0.9659258262890683,-0.25881904510252063
655.7268596058015,1,0,0,0,9.18017603448122,0.258819045102521,-0.9659258262890682
213.57899676338423,1,0,0,0,2.990105954687379,0.258819045102521,-0.9659258262890682
217.01585622232926,2,0,0,2,3.03822198711261,0.258819045102521,-0.9659258262890682
9.543864100125631,2,1,0,2,0.13361409740175884,0.25881904510252074,0.9659258262890683
420.2673253486681,2,0,0,2,5.883742554881353,0.7071067811865476,-0.7071067811865475
421.5717257792837,2,1,0,2,5.902004160909971,-0.5000000000000004,0.8660254037844384
392.0335362519838,2,0,0,2,5.488469507527773,0.8660254037844387,-0.4999999999999998
136.74027888747477,0,1,1,1,1.9143639044246468,0.0,1.0
122.79278169285897,2,1,0,2,1.7190989437000255,0.7071067811865476,0.7071067811865476
17.23799492710532,2,1,0,2,0.24133192897947447,-0.5000000000000004,0.8660254037844384
265.0970503169681,2,0,0,2,3.7113587044375533,-0.2588190451025208,-0.9659258262890683
55.526680729869696,1,0,1,0,0.7773735302181758,-0.7071067811865471,-0.7071067811865479
38.065029055128036,2,0,0,2,0.5329104067717925,-0.9659258262890683,-0.25881904510252063
173.7356709560783,2,1,1,2,2.432299393385096,0.25881904510252074,0.9659258262890683
161.95188846684107,2,1,0,2,2.267326438535775,0.9659258262890683,0.25881904510252074
153.16386481204808,1,1,1,0,2.144294107368673,0.49999999999999994,0.8660254037844387
333.960027431247,2,0,0,2,4.675440384037458,-0.9659258262890684,0.2588190451025203
264.22860438705027,0,0,0,1,3.6992004614187035,-1.0,-1.8369701987210297e-16
198.13191450799883,0,0,0,1,2.773846803111984,1.2246467991473532e-16,-1.0
282.9423270960668,2,0,0,2,3.961192579344935,-0.8660254037844385,-0.5000000000000004
71.5251326011662,0,0,1,1,1.0013518564163268,-0.2588190451025208,-0.9659258262890683
268.950152303742,2,1,0,2,3.7653021322523883,-0.7071067811865477,0.7071067811865474
277.1084487120341,0,0,0,1,3.8795182819684775,0.49999999999999994,-0.8660254037844387
20.54843468434649,0,0,1,1,0.28767808558085084,-0.7071067811865471,-0.7071067811865479
429.22487578666517,2,0,0,2,6.009148261013313,0.49999999999999994,-0.8660254037844387
91.34193305914081,2,0,0,2,1.2787870628279714,-0.9659258262890683,-0.25881904510252063
266.2557638571583,0,1,1,1,3.7275806940002156,0.25881904510252074,0.9659258262890683
459.59411329634867,2,1,1,2,6.4343175861488815,-0.5000000000000004,0.8660254037844384
416.6218163884965,2,1,1,2,5.832705429438951,-0.8660254037844386,0.5000000000000001
256.18000994239037,2,0,0,2,3.5865201391934654,0.9659258262890683,-0.25881904510252063
184.75017948122766,0,0,1,1,2.5865025127371872,-0.2588190451025208,-0.9659258262890683
420.5521435436021,0,1,1,1,5.887730009610429,0.25881904510252074,0.9659258262890683
371.4450960055516,2,0,0,2,5.200231344077722,1.2246467991473532e-16,-1.0
138.6942963920566,2,0,0,2,1.9417201494887926,0.7071067811865476,-0.7071067811865475
106.91914353969574,2,0,0,2,1.4968680095557405,0.9659258262890683,-0.25881904510252063
123.02393270527966,0,0,0,1,1.7223350578739152,1.0,6.123233995736766e-17
277.7257315030457,2,0,1,2,3.88816024104264,1.2246467991473532e-16,-1.0
235.11440589668823,0,1,1,1,3.2916016825536354,-0.25881904510252157,0.9659258262890681
454.51444743565764,2,0,1,2,6.363202264099208,-1.0,-1.8369701987210297e-16
314.629916826466,1,1,0,0,4.4048188355705244,-0.25881904510252157,0.9659258262890681
490.1612549510843,2,0,0,2,6.86225756931518,-0.4999999999999997,-0.8660254037844388
124.47443897508926,2,1,0,2,1.7426421456512495,-0.7071067811865477,0.7071067811865474
454.8670595741713,2,1,0,2,6.368138834038398,0.25881904510252074,0.9659258262890683
154.79505176116209,1,1,0,0,2.167130724656269,-0.7071067811865477,0.7071067811865474
389.967291122609,0,1,0,1,5.459542075716526,0.8660254037844386,0.5000000000000001
12.576510655524828,2,0,0,2,0.1760711491773476,-1.0,-1.8369701987210297e-16
292.3243538859139,0,1,0,1,4.092540954402795,0.0,1.0
107.24382946026378,0,0,0,1,1.501413612443693,1.0,6.123233995736766e-17
201.91525253048417,0,0,0,1,2.8268135354267785,-0.9659258262890683,-0.25881904510252063
329.2637188980244,2,1,0,2,4.609692064572342,0.0,1.0
156.22566077840276,2,1,0,2,2.1871592508976385,0.0,1.0
60.92122682392588,2,0,1,2,0.8528971755349624,1.0,6.123233995736766e-17
402.3013244732681,0,0,1,1,5.632218542625753,-0.8660254037844385,-0.5000000000000004
231.37669782755378,1,1,0,0,3.239273769585753,0.9659258262890683,0.25881904510252074
161.8772835344791,0,0,0,1,2.266281969482707,-0.9659258262890684,0.2588190451025203
257.5412658077698,2,0,0,2,3.605577721308777,0.258819045102521,-0.9659258262890682
724.6004455502059,2,0,0,2,10.144406237702881,-0.9659258262890684,0.2588190451025203
457.6305129606779,0,0,0,1,6.40682718144949,-0.4999999999999997,-0.8660254037844388
459.2632602738113,0,0,1,1,6.429685643833358,1.2246467991473532e-16,-1.0
328.3983374186255,0,0,0,1,4.597576723860757,0.258819045102521,-0.9659258262890682
279.96734906388645,0,1,0,1,3.91954288689441,-0.8660254037844386,0.5000000000000001
181.29481189947495,0,1,0,1,2.5381273665926494,0.25881904510252074,0.9659258262890683
127.78353763663623,2,1,1,2,1.7889695269129071,-0.8660254037844386,0.5000000000000001
163.4966056235546,2,0,0,2,2.2889524787297644,-0.9659258262890683,-0.25881904510252063
87.48057152855597,0,1,0,1,1.2247280013997837,0.7071067811865476,0.7071067811865476
41.66515776122196,0,0,1,1,0.5833122086571074,0.7071067811865476,-0.7071067811865475
106.5505647660741,2,0,0,2,1.4917079067250374,0.49999999999999994,-0.8660254037844387
243.10170957447295,2,1,0,2,3.403423934042621,-0.8660254037844386,0.5000000000000001
397.3778747527869,0,1,0,1,5.563290246539017,0.9659258262890683,0.25881904510252074
449.2194133523792,2,1,0,2,6.2890717869333095,0.9659258262890683,0.25881904510252074
324.6612031742634,2,0,1,2,4.545256844439687,0.8660254037844387,-0.4999999999999998
76.58865858425759,2,0,1,2,1.0722412201796063,-0.9659258262890684,0.2588190451025203
97.7717285335927,0,0,0,1,1.3688041994702975,1.2246467991473532e-16,-1.0
66.23636589227033,0,1,1,1,0.9273091224917845,0.8660254037844386,0.5000000000000001
21.58313609419028,2,1,0,2,0.30216390531866394,0.9659258262890683,0.25881904510252074
90.00525435357855,0,1,0,1,1.2600735609501,0.7071067811865476,0.7071067811865476
221.2452703615144,2,1,0,2,3.0974337850612015,0.9659258262890683,0.25881904510252074
67.4504407371457,2,0,0,2,0.9443061703200397,-0.9659258262890683,-0.25881904510252063
311.0156608602871,0,0,1,1,4.354219252044019,1.2246467991473532e-16,-1.0
208.1907694960949,0,1,0,1,2.9146707729453287,-0.5000000000000004,0.8660254037844384
251.89822811338462,0,1,0,1,3.5265751935873846,0.49999999999999994,0.8660254037844387
455.24509948081686,0,0,0,1,6.373431392731436,0.7071067811865476,-0.7071067811865475
37.558287843933385,0,1,0,1,0.5258160298150674,0.7071067811865476,0.7071067811865476
325.3668240926263,2,0,1,2,4.555135537296768,-0.4999999999999997,-0.8660254037844388
247.4848188743068,2,0,1,2,3.4647874642402954,0.258819045102521,-0.9659258262890682
189.97246942545485,2,0,0,2,2.659614571956368,-0.4999999999999997,-0.8660254037844388
409.34613775587286,2,1,0,2,5.73084592858222,-0.8660254037844386,0.5000000000000001
408.2225478202613,1,0,1,0,5.715115669483658,0.7071067811865476,-0.7071067811865475
79.63165672208294,2,0,0,2,1.1148431941091612,0.258819045102521,-0.9659258262890682
217.21109490557365,0,1,0,1,3.040955328678031,-0.7071067811865477,0.7071067811865474
300.6181028651318,0,0,0,1,4.208653440111845,0.9659258262890683,-0.25881904510252063
200.8587853559348,0,1,1,1,2.8120229949830873,-0.8660254037844386,0.5000000000000001
355.3038398118037,2,1,0,2,4.974253757365251,-0.8660254037844386,0.5000000000000001
300.6145632238496,0,1,1,1,4.208603885133894,0.49999999999999994,0.8660254037844387
579.8610232640822,2,0,0,2,8.11805432569715,1.0,6.123233995736766e-17
25.450244467361756,2,0,1,2,0.3563034225430646,-0.9659258262890683,-0.25881904510252063
227.96152184546844,0,1,0,1,3.191461305836558,0.49999999999999994,0.8660254037844387
86.46954792780559,2,0,0,2,1.2105736709892783,-0.4999999999999997,-0.8660254037844388
358.7393419790279,2,1,0,2,5.022350787706391,0.25881904510252074,0.9659258262890683
41.09094020819799,0,0,0,1,0.5752731629147719,-0.4999999999999997,-0.8660254037844388
312.3362878404796,2,0,1,2,4.372708029766715,1.2246467991473532e-16,-1.0
136.5912823572986,1,1,0,0,1.9122779530021805,-0.25881904510252157,0.9659258262890681
117.85086409821747,1,0,0,0,1.6499120973750445,-0.9659258262890684,0.2588190451025203
10.369676637323721,1,0,1,0,0.1451754729225321,0.7071067811865476,-0.7071067811865475
166.2863296838189,2,1,0,2,2.3280086155734647,-0.25881904510252157,0.9659258262890681
445.2100954523666,2,1,0,2,6.232941336333132,-0.25881904510252157,0.9659258262890681
245.4660369646937,1,1,0,0,3.4365245175057115,-0.25881904510252157,0.9659258262890681
362.9824752174054,2,1,0,2,5.081754653043676,-0.25881904510252157,0.9659258262890681
549.6355279539296,1,0,1,0,7.694897391355014,0.9659258262890683,-0.25881904510252063
297.47600526806366,1,0,0,0,4.164664073752891,-0.7071067811865471,-0.7071067811865479
149.4160770287787,0,0,0,1,2.0918250784029015,-0.7071067811865471,-0.7071067811865479
334.10539873290213,2,1,1,2,4.677475582260629,0.25881904510252074,0.9659258262890683
152.02669366342747,2,0,0,2,2.1283737112879844,0.8660254037844387,-0.4999999999999998
159.2039170065095,0,0,0,1,2.228854838091133,0.9659258262890683,-0.25881904510252063
23.580703931417247,2,0,1,2,0.33012985503984144,0.49999999999999994,-0.8660254037844387
416.7263483951906,2,1,0,2,5.834168877532669,0.0,1.0
180.51953638310093,0,1,0,1,2.527273509363413,-0.8660254037844386,0.5000000000000001
282.7776842468552,1,0,0,0,3.958887579455973,0.49999999999999994,-0.8660254037844387
63.526852850804886,0,0,1,1,0.8893759399112685,-0.9659258262890683,-0.25881904510252063
328.470573348785,0,1,0,1,4.59858802688299,-0.8660254037844386,0.5000000000000001
112.85057713568492,2,0,1,2,1.5799080798995888,-0.4999999999999997,-0.8660254037844388
224.49243009367163,0,1,0,1,3.142894021311403,-0.25881904510252157,0.9659258262890681
408.00868562304265,1,0,0,0,5.712121598722597,0.8660254037844387,-0.4999999999999998
392.33667620185525,2,0,0,2,5.492713466825974,0.8660254037844387,-0.4999999999999998
246.03458694695072,2,1,0,2,3.4444842172573105,0.0,1.0
68.26358588720927,0,0,0,1,0.9556902024209298,1.0,6.123233995736766e-17
788.7059026109155,0,0,0,1,11.041882636552817,0.258819045102521,-0.9659258262890682
564.2546146491645,0,1,0,1,7.899564605088304,-0.25881904510252157,0.9659258262890681
380.0814684798937,0,0,0,1,5.321140558718512,0.7071067811865476,-0.7071067811865475
114.42331931362526,2,0,0,2,1.6019264703907536,-1.0,-1.8369701987210297e-16
229.55341089364634,2,0,0,2,3.2137477525110487,-0.7071067811865471,-0.7071067811865479
152.18432264022695,0,1,0,1,2.1305805169631773,0.9659258262890683,0.25881904510252074
477.4940690373499,0,0,0,1,6.6849169665228985,0.49999999999999994,-0.8660254037844387
297.2505203533301,0,0,0,1,4.161507284946621,-1.0,-1.8369701987210297e-16
108.8505054952301,1,0,1,0,1.5239070769332212,-1.0,-1.8369701987210297e-16
165.26408215753924,2,0,0,2,2.3136971502055492,-0.9659258262890683,-0.25881904510252063
451.8138656625828,2,0,0,2,6.32539411927616,-0.4999999999999997,-0.8660254037844388
538.0176124276861,0,0,0,1,7.532246573987606,-0.7071067811865471,-0.7071067811865479
525.0996814275243,0,0,0,1,7.35139553998534,-0.2588190451025208,-0.9659258262890683
386.265771709716,0,0,1,1,5.407720803936024,0.9659258262890683,-0.25881904510252063
204.52752361552538,0,0,1,1,2.8633853306173553,0.9659258262890683,-0.25881904510252063
333.4724885592417,0,1,0,1,4.668614839829384,0.25881904510252074,0.9659258262890683
303.4888042854799,2,1,1,2,4.248843259996718,0.9659258262890683,0.25881904510252074
249.67082340806192,2,0,1,2,3.495391527712867,1.2246467991473532e-16,-1.0
275.1967773378437,2,0,0,2,3.8527548827298115,1.2246467991473532e-16,-1.0
259.7015224659772,0,1,0,1,3.6358213145236804,-0.8660254037844386,0.5000000000000001
11.272810849151739,2,0,0,2,0.15781935188812435,0.258819045102521,-0.9659258262890682
350.3335402332134,2,1,0,2,4.904669563264988,0.25881904510252074,0.9659258262890683
363.79893652573304,2,1,1,2,5.093185111360262,-0.8660254037844386,0.5000000000000001
372.82098077073863,2,0,0,2,5.219493730790341,-0.9659258262890684,0.2588190451025203
420.3838606432096,0,0,1,1,5.885374049004934,0.258819045102521,-0.9659258262890682
358.7292960858922,2,0,1,2,5.022210145202491,-0.8660254037844385,-0.5000000000000004
176.19470592299604,2,1,0,2,2.4667258829219447,0.9659258262890683,0.25881904510252074
237.24936737510376,0,0,1,1,3.321491143251453,1.0,6.123233995736766e-17
266.40247610560783,2,1,0,2,3.72963466547851,0.9659258262890683,0.25881904510252074
269.3859008391913,2,1,0,2,3.771402611748678,-0.8660254037844386,0.5000000000000001
429.67917807491136,2,1,1,2,6.015508493048759,0.7071067811865476,0.7071067811865476
365.86037554404834,0,1,0,1,5.122045257616677,-0.8660254037844386,0.5000000000000001
623.9218191225916,2,0,0,2,8.734905467716283,0.8660254037844387,-0.4999999999999998
647.164416379241,0,1,0,1,9.060301829309374,0.8660254037844386,0.5000000000000001
264.3369248705065,2,0,0,2,3.700716948187091,0.7071067811865476,-0.7071067811865475
440.5979987226865,2,0,1,2,6.168371982117611,-0.4999999999999997,-0.8660254037844388
472.62984390290796,2,0,0,2,6.6168178146407115,0.9659258262890683,-0.25881904510252063
152.73225898233022,2,1,0,2,2.138251625752623,-0.5000000000000004,0.8660254037844384
105.73289407041878,0,1,0,1,1.480260516985863,0.7071067811865476,0.7071067811865476
178.27985050191398,0,1,0,1,2.4959179070267954,0.8660254037844386,0.5000000000000001
169.60425157337085,1,0,0,0,2.3744595220271916,1.0,6.123233995736766e-17
360.20856581897067,2,1,1,2,5.0429199214655895,0.9659258262890683,0.25881904510252074
30.698440242720608,2,0,0,2,0.4297781633980885,1.2246467991473532e-16,-1.0
56.01026575751172,0,0,0,1,0.784143720605164,-1.0,-1.8369701987210297e-16
311.768539755535,2,0,0,2,4.36475955657749,0.7071067811865476,-0.7071067811865475
362.12992547439546,2,0,0,2,5.069818956641536,-0.4999999999999997,-0.8660254037844388
365.47749608848216,2,1,0,2,5.116684945238751,0.49999999999999994,0.8660254037844387
108.33346979200618,2,0,1,2,1.5166685770880866,-0.9659258262890683,-0.25881904510252063
73.91218313207679,1,0,0,0,1.0347705638490752,-0.2588190451025208,-0.9659258262890683
158.8057299181745,0,1,0,1,2.223280218854443,0.49999999999999994,0.8660254037844387
293.1770954112505,0,0,1,1,4.104479335757508,0.49999999999999994,-0.8660254037844387
517.3859264690589,2,0,1,2,7.243402970566824,0.7071067811865476,-0.7071067811865475
118.53869343873504,2,0,0,2,1.6595417081422907,-0.8660254037844385,-0.5000000000000004
210.26882374749403,2,0,0,2,2.9437635324649163,1.2246467991473532e-16,-1.0
10.11788061546332,2,1,0,2,0.1416503286164865,0.25881904510252074,0.9659258262890683
47.40368192362814,2,0,1,2,0.663651546930794,1.2246467991473532e-16,-1.0
424.052196162067,0,0,0,1,5.936730746268938,-1.0,-1.8369701987210297e-16
348.03242340988095,0,1,0,1,4.872453927738333,0.8660254037844386,0.5000000000000001
330.8980328705072,2,0,0,2,4.632572460187101,-0.7071067811865471,-0.7071067811865479
415.7846511515788,1,0,0,0,5.820985116122103,0.7071067811865476,-0.7071067811865475
163.6505985820955,0,0,0,1,2.2911083801493373,0.258819045102521,-0.9659258262890682
172.12524705996492,0,0,0,1,2.409753458839509,-0.9659258262890684,0.2588190451025203
643.4315110100633,0,0,0,1,9.008041154140887,1.2246467991473532e-16,-1.0
205.6172102332766,2,1,0,2,2.8786409432658724,-0.8660254037844386,0.5000000000000001
382.3237803497364,2,0,0,2,5.35253292489631,-0.7071067811865471,-0.7071067811865479
251.1486773733967,2,1,0,2,3.5160814832275538,-0.7071067811865477,0.7071067811865474
82.6865354141147,0,1,0,1,1.1576114957976058,-0.8660254037844386,0.5000000000000001
118.0332206842283,2,1,0,2,1.6524650895791961,0.0,1.0
145.78284041081713,2,1,0,2,2.04095976575144,-0.7071067811865477,0.7071067811865474
440.098225300598,2,0,0,2,6.161375154208372,0.8660254037844387,-0.4999999999999998
391.89249819448065,2,0,0,2,5.48649497472273,-0.7071067811865471,-0.7071067811865479
414.5338895603261,0,0,0,1,5.803474453844565,-1.0,-1.8369701987210297e-16
72.33168779146325,0,0,0,1,1.0126436290804854,-0.4999999999999997,-0.8660254037844388
540.8570482220164,2,0,0,2,7.571998675108229,-0.9659258262890683,-0.25881904510252063
76.31920596645082,2,1,1,2,1.0684688835303116,-0.7071067811865477,0.7071067811865474
288.30839176059436,2,0,0,2,4.036317484648321,0.258819045102521,-0.9659258262890682
248.1365878166074,2,0,0,2,3.4739122294325036,-0.2588190451025208,-0.9659258262890683
218.70271234337446,2,1,0,2,3.0618379728072425,0.49999999999999994,0.8660254037844387
490.9465848932092,2,1,1,2,6.873252188504929,0.7071067811865476,0.7071067811865476
123.0801063701271,2,1,0,2,1.7231214891817794,0.9659258262890683,0.25881904510252074
7.071053971852962,0,0,0,1,0.09899475560594147,-0.7071067811865471,-0.7071067811865479
253.59918751715546,0,0,0,1,3.5503886252401764,1.2246467991473532e-16,-1.0
178.03118782842523,2,0,0,2,2.4924366295979534,0.258819045102521,-0.9659258262890682
857.9289254348763,2,1,1,2,12.01100495608827,-0.7071067811865477,0.7071067811865474
371.77134575919547,0,0,1,1,5.204798840628737,0.258819045102521,-0.9659258262890682
176.31869646064763,2,1,0,2,2.468461750449067,0.25881904510252074,0.9659258262890683
59.89991754632442,0,0,0,1,0.8385988456485418,1.2246467991473532e-16,-1.0
88.45191390238125,0,1,0,1,1.2383267946333376,0.49999999999999994,0.8660254037844387
65.46056456726205,2,0,0,2,0.9164479039416688,1.2246467991473532e-16,-1.0
270.6895189166437,2,1,0,2,3.789653264833012,0.25881904510252074,0.9659258262890683
506.9191572870585,0,0,1,1,7.096868202018819,-1.0,-1.8369701987210297e-16
451.9040456298254,2,0,0,2,6.326656638817556,0.8660254037844387,-0.4999999999999998
291.23706969634827,0,0,0,1,4.0773189757488755,-0.9659258262890684,0.2588190451025203
191.82982017355278,1,1,0,0,2.6856174824297385,0.0,1.0
298.38622415418774,0,0,1,1,4.177407138158628,1.2246467991473532e-16,-1.0
156.64516045277634,2,1,1,2,2.193032246338869,0.25881904510252074,0.9659258262890683
559.3055192374976,0,0,1,1,7.8302772693249665,-0.4999999999999997,-0.8660254037844388
215.9457673704856,2,0,0,2,3.0232407431867987,-1.0,-1.8369701987210297e-16
234.45918551558916,2,0,0,2,3.2824285972182485,-0.7071067811865471,-0.7071067811865479
148.84803650372027,1,0,0,0,2.0838725110520837,0.49999999999999994,-0.8660254037844387
214.8217276259025,2,0,1,2,3.007504186762635,-0.4999999999999997,-0.8660254037844388
400.5671448336894,1,1,1,0,5.607940027671652,0.9659258262890683,0.25881904510252074
57.80993613306185,1,0,0,0,0.809339105862866,-0.2588190451025208,-0.9659258262890683
114.8703397912937,2,1,0,2,1.608184757078112,0.9659258262890683,0.25881904510252074
392.6879831920596,2,0,0,2,5.497631764688835,-1.0,-1.8369701987210297e-16
15.79830023324962,2,1,1,2,0.22117620326549467,0.8660254037844386,0.5000000000000001
440.4041813575453,2,0,0,2,6.165658539005634,0.49999999999999994,-0.8660254037844387
154.21409976884163,2,1,0,2,2.158997396763783,0.7071067811865476,0.7071067811865476
180.05772031158347,0,0,1,1,2.5208080843621685,0.8660254037844387,-0.4999999999999998
47.70188707739305,2,0,0,2,0.6678264190835027,0.8660254037844387,-0.4999999999999998
318.048326877019,2,0,1,2,4.452676576278266,-0.8660254037844385,-0.5000000000000004
692.7769573052884,0,0,1,1,9.698877402274038,0.9659258262890683,-0.25881904510252063
390.6695031029137,2,0,0,2,5.4693730434407914,-0.4999999999999997,-0.8660254037844388
94.42865285070357,0,0,0,1,1.3220011399098501,0.8660254037844387,-0.4999999999999998
454.4117053884657,2,1,0,2,6.36176387543852,0.8660254037844386,0.5000000000000001
192.9976817318351,2,1,0,2,2.701967544245691,0.7071067811865476,0.7071067811865476
497.4072966569606,0,0,0,1,6.963702153197449,-0.9659258262890684,0.2588190451025203
395.2017523895853,0,0,1,1,5.532824533454194,-0.9659258262890683,-0.25881904510252063
279.765481784912,0,0,1,1,3.9167167449887685,0.8660254037844387,-0.4999999999999998
69.26566606809507,0,1,0,1,0.969719324953331,-0.8660254037844386,0.5000000000000001
419.98934011037016,0,1,1,1,5.879850761545183,0.49999999999999994,0.8660254037844387
277.29830898610317,2,1,0,2,3.8821763258054443,-0.7071067811865477,0.7071067811865474
65.7239294125869,2,0,0,2,0.9201350117762165,0.8660254037844387,-0.4999999999999998
135.9538872111137,0,0,1,1,1.903354420955592,0.8660254037844387,-0.4999999999999998
93.12259161608847,0,1,0,1,1.3037162826252386,-0.8660254037844386,0.5000000000000001
234.0928082452487,1,1,1,0,3.2772993154334817,-0.25881904510252157,0.9659258262890681
647.9241506828375,2,1,1,2,9.070938109559725,0.7071067811865476,0.7071067811865476
394.8880103318186,2,1,1,2,5.52843214464546,-0.8660254037844386,0.5000000000000001
644.2750602139162,0,0,0,1,9.019850842994828,1.0,6.123233995736766e-17
408.83147616219645,2,0,0,2,5.72364066627075,1.0,6.123233995736766e-17
434.9462818034845,1,1,0,0,6.0892479452487835,-0.5000000000000004,0.8660254037844384
605.3341637941044,0,0,0,1,8.47467829311746,0.9659258262890683,-0.25881904510252063
317.90738668160077,2,1,1,2,4.450703413542411,-0.8660254037844386,0.5000000000000001
216.29908212876154,0,1,0,1,3.028187149802662,0.0,1.0
435.8783529919622,0,0,0,1,6.102296941887471,0.8660254037844387,-0.4999999999999998
511.6912426819393,2,1,1,2,7.16367739754715,-0.5000000000000004,0.8660254037844384
163.6063643118024,1,0,1,0,2.290489100365234,0.258819045102521,-0.9659258262890682
120.11756517879473,2,1,0,2,1.6816459125031262,0.9659258262890683,0.25881904510252074
274.99408583755843,0,0,0,1,3.849917201725818,1.2246467991473532e-16,-1.0
399.66979604769915,2,1,0,2,5.595377144667788,0.8660254037844386,0.5000000000000001
393.6563887590811,0,1,1,1,5.511189442627136,-0.8660254037844386,0.5000000000000001
6.3501680337678295,2,0,0,2,0.08890235247274961,-1.0,-1.8369701987210297e-16
594.0890920713979,2,1,0,2,8.31724728899957,0.0,1.0
134.59031270856693,1,1,0,0,1.884264377919937,-0.7071067811865477,0.7071067811865474
202.28830056005572,2,1,1,2,2.83203620784078,-0.25881904510252157,0.9659258262890681
87.52221520219246,2,0,0,2,1.2253110128306943,-0.9659258262890683,-0.25881904510252063
735.6991904686759,1,0,0,0,10.299788666561462,0.9659258262890683,-0.25881904510252063
293.5727206518341,1,1,0,0,4.110018089125678,-0.25881904510252157,0.9659258262890681
96.82448547731832,0,0,0,1,1.3555427966824563,0.9659258262890683,-0.25881904510252063
405.50623899324023,0,0,0,1,5.677087345905364,-0.4999999999999997,-0.8660254037844388
388.44444027580596,2,0,1,2,5.438222163861283,-1.0,-1.8369701987210297e-16
216.2091357556209,2,0,0,2,3.0269279005786927,0.7071067811865476,-0.7071067811865475
401.309208301009,2,1,1,2,5.618328916214127,-0.25881904510252157,0.9659258262890681
101.4474470504444,0,0,1,1,1.4202642587062215,-0.7071067811865471,-0.7071067811865479
161.2747105091346,0,0,0,1,2.2578459471278842,0.49999999999999994,-0.8660254037844387
111.83899782189133,0,0,0,1,1.5657459695064786,0.258819045102521,-0.9659258262890682
11.688804840478696,0,0,1,1,0.16364326776670174,-0.7071067811865471,-0.7071067811865479
575.3735450207234,2,0,0,2,8.055229630290128,-0.7071067811865471,-0.7071067811865479
545.4571529900165,2,0,0,2,7.636400141860231,-0.9659258262890684,0.2588190451025203
261.84195675681326,2,1,0,2,3.6657873945953856,0.49999999999999994,0.8660254037844387
549.3276604941707,2,0,1,2,7.69058724691839,0.8660254037844387,-0.4999999999999998
221.18659241050514,2,0,0,2,3.096612293747072,0.9659258262890683,-0.25881904510252063
206.18614553777655,0,0,1,1,2.8866060375288716,0.7071067811865476,-0.7071067811865475
260.17191672380017,2,0,1,2,3.6424068341332023,1.2246467991473532e-16,-1.0
227.51411284175822,2,0,0,2,3.1851975797846155,-0.9659258262890683,-0.25881904510252063
211.26466175916752,2,0,0,2,2.9577052646283457,1.2246467991473532e-16,-1.0
455.8116592869195,0,0,1,1,6.381363230016873,1.2246467991473532e-16,-1.0
277.0244177121166,0,0,0,1,3.878341847969632,-0.4999999999999997,-0.8660254037844388
378.24671759808484,2,0,1,2,5.295454046373188,1.2246467991473532e-16,-1.0
435.6484945499196,2,0,1,2,6.099078923698874,-0.7071067811865471,-0.7071067811865479
319.873443217852,0,0,0,1,4.478228205049928,0.9659258262890683,-0.25881904510252063
75.35116133651701,2,0,0,2,1.0549162587112382,-1.0,-1.8369701987210297e-16
6.484139986473025,0,0,0,1,0.09077795981062235,0.7071067811865476,-0.7071067811865475
276.78051426531493,0,0,0,1,3.874927199714409,0.258819045102521,-0.9659258262890682
219.1738651315118,2,0,0,2,3.068434111841165,-0.2588190451025208,-0.9659258262890683
265.7304572056219,2,1,0,2,3.720226400878707,0.9659258262890683,0.25881904510252074
247.1102729352545,1,1,1,0,3.459543821093563,-0.8660254037844386,0.5000000000000001
715.043258829982,2,1,1,2,10.01060562361975,-0.25881904510252157,0.9659258262890681
10.559273984559155,2,0,0,2,0.14782983578382816,0.8660254037844387,-0.4999999999999998
108.19032856780245,0,0,0,1,1.5146645999492343,1.0,6.123233995736766e-17
309.8278300335297,1,1,0,0,4.337589620469417,0.9659258262890683,0.25881904510252074
182.24394017412484,1,1,1,0,2.5514151624377477,-0.7071067811865477,0.7071067811865474
306.89221655139124,0,1,0,1,4.296491031719477,0.0,1.0
355.09894401112024,2,1,0,2,4.971385216155683,-0.8660254037844386,0.5000000000000001
481.13884513220154,2,0,0,2,6.735943831850822,-0.2588190451025208,-0.9659258262890683
21.300647669108912,0,1,0,1,0.2982090673675248,-0.25881904510252157,0.9659258262890681
149.79077838571067,0,1,1,1,2.0970708973999495,0.9659258262890683,0.25881904510252074
327.1770265985375,2,0,1,2,4.580478372379526,0.258819045102521,-0.9659258262890682
388.6834472237008,1,0,1,0,5.4415682611318115,-0.8660254037844385,-0.5000000000000004
644.8209190519094,2,1,0,2,9.027492866726732,0.8660254037844386,0.5000000000000001
422.02671480049605,2,0,0,2,5.908374007206945,0.49999999999999994,-0.8660254037844387
239.77805274047012,2,1,0,2,3.3568927383665814,0.8660254037844386,0.5000000000000001
89.72156447032091,2,0,0,2,1.2561019025844928,0.258819045102521,-0.9659258262890682
148.42782651057655,2,1,0,2,2.0779895711480716,0.49999999999999994,0.8660254037844387
143.3134918677208,2,1,0,2,2.006388886148091,-0.25881904510252157,0.9659258262890681
367.94205313247693,2,0,0,2,5.151188743854678,0.8660254037844387,-0.4999999999999998
296.25954020544947,0,1,1,1,4.147633562876293,0.9659258262890683,0.25881904510252074
11.743077248407786,0,1,0,1,0.16440308147770902,-0.7071067811865477,0.7071067811865474
171.53773556372207,0,1,1,1,2.401528297892109,0.25881904510252074,0.9659258262890683
407.95855962125574,1,1,0,0,5.711419834697581,0.25881904510252074,0.9659258262890683
313.2992238953306,2,1,0,2,4.386189134534629,-0.7071067811865477,0.7071067811865474
352.3560308822987,2,0,1,2,4.932984432352181,0.258819045102521,-0.9659258262890682
318.92590781030736,0,0,1,1,4.464962709344303,0.9659258262890683,-0.25881904510252063
542.7575322295947,2,1,1,2,7.598605451214326,0.25881904510252074,0.9659258262890683
292.4877514883866,1,0,0,0,4.094828520837413,0.8660254037844387,-0.4999999999999998
180.51589638327437,2,0,1,2,2.5272225493658413,-0.7071067811865471,-0.7071067811865479
85.16409259595909,1,0,0,0,1.1922972963434273,-0.4999999999999997,-0.8660254037844388
294.92970247774815,2,0,0,2,4.129015834688475,-0.2588190451025208,-0.9659258262890683
189.3267226595151,0,0,0,1,2.6505741172332113,-0.9659258262890684,0.2588190451025203
216.82797967011186,2,1,1,2,3.035591715381566,0.7071067811865476,0.7071067811865476
212.9488252141581,1,1,0,0,2.981283552998213,0.7071067811865476,0.7071067811865476
5.0,2,0,0,2,0.07,0.49999999999999994,-0.8660254037844387
82.91214904192074,0,1,0,1,1.1607700865868904,-0.8660254037844386,0.5000000000000001
395.7383554266834,1,1,0,0,5.540336975973568,-0.25881904510252157,0.9659258262890681
291.52811483349325,2,0,0,2,4.081393607668906,-0.9659258262890683,-0.25881904510252063
268.32190006731895,0,1,1,1,3.7565066009424655,0.8660254037844386,0.5000000000000001
305.14255610776405,0,1,0,1,4.271995785508697,0.25881904510252074,0.9659258262890683
266.6729658308062,2,0,0,2,3.733421521631287,-0.4999999999999997,-0.8660254037844388
473.7152613144966,0,0,0,1,6.632013658402952,0.49999999999999994,-0.8660254037844387
272.2172527066568,0,1,1,1,3.8110415378931948,-0.25881904510252157,0.9659258262890681
12.478360487375085,1,0,1,0,0.17469704682325118,-0.8660254037844385,-0.5000000000000004
543.4233936773938,2,0,0,2,7.607927511483513,-0.7071067811865471,-0.7071067811865479
316.66124811919224,2,0,1,2,4.433257473668691,-0.4999999999999997,-0.8660254037844388
143.9343284568878,1,1,0,0,2.0150805983964295,-0.5000000000000004,0.8660254037844384
24.38769070689665,0,1,1,1,0.3414276698965531,0.49999999999999994,0.8660254037844387
321.26455977244814,2,0,0,2,4.497703836814274,-0.9659258262890684,0.2588190451025203
228.90903910461242,0,0,0,1,3.2047265474645736,-0.4999999999999997,-0.8660254037844388
533.3464214858336,2,1,0,2,7.46684990080167,-0.25881904510252157,0.9659258262890681
187.73668947997098,2,0,0,2,2.628313652719594,-1.0,-1.8369701987210297e-16
99.27145785715595,2,0,1,2,1.3898004100001833,1.2246467991473532e-16,-1.0
411.24331928246716,2,0,1,2,5.75740646995454,-0.7071067811865471,-0.7071067811865479
416.5507406890297,0,1,0,1,5.831710369646416,-0.5000000000000004,0.8660254037844384
280.3572461698352,2,0,0,2,3.925001446377693,0.258819045102521,-0.9659258262890682
371.7442685814835,1,0,0,0,5.204419760140769,-0.8660254037844385,-0.5000000000000004
243.21631826639717,1,0,1,0,3.4050284557295605,-0.7071067811865471,-0.7071067811865479
292.09571818166444,0,0,0,1,4.089340054543302,0.8660254037844387,-0.4999999999999998
459.6983588615061,2,1,1,2,6.435777024061085,0.9659258262890683,0.25881904510252074
362.55730012387056,2,0,0,2,5.075802201734188,-1.0,-1.8369701987210297e-16
219.53060110012754,0,1,0,1,3.0734284154017857,-0.5000000000000004,0.8660254037844384
493.4252582667071,0,0,0,1,6.9079536157338985,1.2246467991473532e-16,-1.0
175.6739671024722,2,1,0,2,2.459435539434611,-0.8660254037844386,0.5000000000000001
619.3731960559483,1,1,1,0,8.671224744783276,-0.25881904510252157,0.9659258262890681
57.072637080332356,0,0,0,1,0.799016919124653,0.9659258262890683,-0.25881904510252063
137.1232915409867,1,0,1,0,1.9197260815738142,0.258819045102521,-0.9659258262890682
242.63484366488757,0,0,0,1,3.396887811308426,0.8660254037844387,-0.4999999999999998
223.63347926893096,0,1,0,1,3.1308687097650334,-0.7071067811865477,0.7071067811865474
431.1539872047798,2,1,1,2,6.0361558208669175,0.7071067811865476,0.7071067811865476
59.58940865015782,1,0,0,0,0.8342517211022096,1.2246467991473532e-16,-1.0
296.93802714695136,0,1,0,1,4.157132380057319,0.25881904510252074,0.9659258262890683
145.92182232044428,2,1,0,2,2.04290551248622,0.49999999999999994,0.8660254037844387
303.125376280735,2,1,0,2,4.24375526793029,0.8660254037844386,0.5000000000000001
238.34099323638222,2,1,0,2,3.336773905309351,-0.25881904510252157,0.9659258262890681
266.72841748293604,0,0,0,1,3.7341978447611046,-0.9659258262890683,-0.25881904510252063
151.0135301564178,1,1,0,0,2.1141894221898494,-0.8660254037844386,0.5000000000000001
158.18848898270517,2,0,0,2,2.2146388457578725,-0.2588190451025208,-0.9659258262890683
301.70905252493685,0,1,1,1,4.223926735349116,0.25881904510252074,0.9659258262890683
419.86879103608794,2,0,1,2,5.878163074505232,-0.4999999999999997,-0.8660254037844388
142.30971984438742,1,0,1,0,1.9923360778214236,0.9659258262890683,-0.25881904510252063
93.62184197687625,0,0,1,1,1.3107057876762676,-0.7071067811865471,-0.7071067811865479
360.4228298209307,0,1,1,1,5.04591961749303,0.49999999999999994,0.8660254037844387
244.14929924961592,2,1,0,2,3.418090189494623,-0.25881904510252157,0.9659258262890681
399.48966411747136,2,0,1,2,5.592855297644599,-0.9659258262890684,0.2588190451025203
86.95650159319342,2,0,0,2,1.2173910223047077,-0.9659258262890684,0.2588190451025203
70.29900657621755,2,1,0,2,0.9841860920670457,-0.5000000000000004,0.8660254037844384
154.05926527125985,0,1,0,1,2.156829713797638,0.8660254037844386,0.5000000000000001
112.05653033229711,0,1,0,1,1.5687914246521595,0.7071067811865476,0.7071067811865476
235.81808798554601,1,1,1,0,3.301453231797644,-0.5000000000000004,0.8660254037844384
135.36786143132989,1,0,0,0,1.8951500600386184,0.258819045102521,-0.9659258262890682
383.38305124056086,0,0,0,1,5.367362717367852,-1.0,-1.8369701987210297e-16
198.1329527639471,0,0,0,1,2.773861338695259,-0.4999999999999997,-0.8660254037844388
277.08540977930215,1,0,1,0,3.8791957369102303,1.2246467991473532e-16,-1.0
278.37422051936994,0,1,0,1,3.8972390872711795,0.8660254037844386,0.5000000000000001
285.0919166341937,2,0,0,2,3.991286832878712,0.258819045102521,-0.9659258262890682
245.65676011810478,2,0,0,2,3.439194641653467,-1.0,-1.8369701987210297e-16
341.9081242738564,2,1,1,2,4.786713739833989,0.25881904510252074,0.9659258262890683
106.78207591135464,1,0,0,0,1.4949490627589648,1.0,6.123233995736766e-17
501.89522679769897,0,1,0,1,7.026533175167786,-0.5000000000000004,0.8660254037844384
207.42327099366366,2,1,0,2,2.9039257939112915,0.8660254037844386,0.5000000000000001
13.921155178237314,0,0,0,1,0.1948961724953224,-0.9659258262890684,0.2588190451025203
283.85320425851916,0,0,1,1,3.973944859619268,0.49999999999999994,-0.8660254037844387
96.78751315945269,2,0,1,2,1.3550251842323375,-0.9659258262890683,-0.25881904510252063
369.7602162115975,2,0,1,2,5.176643026962365,-0.9659258262890683,-0.25881904510252063
647.7290036876279,0,0,1,1,9.068206051626792,1.0,6.123233995736766e-17
108.41702351958699,2,0,1,2,1.517838329274218,0.7071067811865476,-0.7071067811865475
309.82701998031723,0,1,1,1,4.337578279724441,-0.5000000000000004,0.8660254037844384
65.99100596683297,2,0,1,2,0.9238740835356616,-0.9659258262890684,0.2588190451025203
331.7029412994425,0,0,0,1,4.643841178192195,-0.2588190451025208,-0.9659258262890683
90.57151603605581,0,0,0,1,1.2680012245047814,-0.9659258262890684,0.2588190451025203
137.52976868179317,0,0,0,1,1.9254167615451045,-0.9659258262890684,0.2588190451025203
51.768431828830956,0,0,0,1,0.7247580456036333,0.49999999999999994,-0.8660254037844387
381.78722068985235,2,1,0,2,5.345021089657933,0.25881904510252074,0.9659258262890683
431.31478434518726,2,0,0,2,6.038406980832622,1.2246467991473532e-16,-1.0
254.2093386385314,2,0,1,2,3.5589307409394397,1.2246467991473532e-16,-1.0
94.40319303957045,0,0,0,1,1.3216447025539864,0.8660254037844387,-0.4999999999999998
536.1141464986952,0,0,0,1,7.505598050981733,-0.8660254037844385,-0.5000000000000004
114.92617700416187,0,0,0,1,1.6089664780582662,-0.4999999999999997,-0.8660254037844388
139.16581398693899,2,1,0,2,1.948321395817146,-0.25881904510252157,0.9659258262890681
332.5100217922723,2,1,0,2,4.6551403050918125,-0.7071067811865477,0.7071067811865474
51.140558744527,2,1,0,2,0.7159678224233781,-0.5000000000000004,0.8660254037844384
427.94958282985147,2,1,0,2,5.991294159617921,-0.8660254037844386,0.5000000000000001
181.3952145987846,0,1,0,1,2.5395330043829847,-0.7071067811865477,0.7071067811865474
358.6683832979553,2,1,0,2,5.021357366171374,-0.7071067811865477,0.7071067811865474
502.27006237938843,2,0,0,2,7.031780873311438,-0.7071067811865471,-0.7071067811865479
32.40540436827007,1,0,1,0,0.45367566115578095,0.7071067811865476,-0.7071067811865475
148.13131643936703,2,0,0,2,2.073838430151138,-0.9659258262890684,0.2588190451025203
236.37920692172858,2,0,0,2,3.3093088969042,0.258819045102521,-0.9659258262890682
526.7592374261818,0,1,0,1,7.374629323966546,0.8660254037844386,0.5000000000000001
131.4911107707198,2,0,1,2,1.8408755507900774,-0.9659258262890684,0.2588190451025203
142.98933472917872,0,0,1,1,2.001850686208502,-0.8660254037844385,-0.5000000000000004
336.0653036000455,0,0,0,1,4.704914250400638,0.7071067811865476,-0.7071067811865475
146.0988293720972,1,1,0,0,2.045383611209361,0.9659258262890683,0.25881904510252074
277.45465892157097,2,1,0,2,3.8843652249019933,-0.8660254037844386,0.5000000000000001
29.276735774262818,1,0,0,0,0.40987430083967946,-0.9659258262890684,0.2588190451025203
648.5793896601874,2,1,1,2,9.080111455242625,0.9659258262890683,0.25881904510252074
7.412338544307403,2,0,0,2,0.10377273962030364,0.258819045102521,-0.9659258262890682
192.0845132817625,2,1,0,2,2.6891831859446746,-0.8660254037844386,0.5000000000000001
244.15341354842298,1,0,0,0,3.4181477896779215,-1.0,-1.8369701987210297e-16
594.2838641842231,2,1,0,2,8.319974098579126,0.25881904510252074,0.9659258262890683
11.52775943210679,2,0,0,2,0.16138863204949508,1.2246467991473532e-16,-1.0
607.0667443861753,0,1,1,1,8.498934421406455,-0.7071067811865477,0.7071067811865474
386.29182779836407,2,0,0,2,5.408085589177097,-0.9659258262890684,0.2588190451025203
325.0771583961843,2,0,1,2,4.5510802175465805,0.49999999999999994,-0.8660254037844387
72.76593633676802,2,0,1,2,1.0187231087147521,-0.4999999999999997,-0.8660254037844388
352.8054235668533,2,0,1,2,4.939275929935946,1.2246467991473532e-16,-1.0
119.77240796443601,2,1,0,2,1.676813711502104,0.49999999999999994,0.8660254037844387
477.9990255757142,2,0,0,2,6.6919863580599985,-0.2588190451025208,-0.9659258262890683
75.20883476060806,0,0,0,1,1.0529236866485128,0.9659258262890683,-0.25881904510252063
229.6314709979049,2,0,0,2,3.214840593970669,0.8660254037844387,-0.4999999999999998
150.05084415762911,2,0,1,2,2.1007118182068076,-0.4999999999999997,-0.8660254037844388
72.24586676314095,0,1,0,1,1.0114421346839733,-0.5000000000000004,0.8660254037844384
383.43756704342456,2,0,0,2,5.368125938607943,-0.9659258262890683,-0.25881904510252063
346.38257453373404,0,0,1,1,4.849356043472277,0.9659258262890683,-0.25881904510252063
467.6218358021795,2,0,0,2,6.546705701230512,0.49999999999999994,-0.8660254037844387
70.37751947747012,2,1,0,2,0.9852852726845817,0.8660254037844386,0.5000000000000001
441.5507264213879,2,0,0,2,6.18171016989943,-0.4999999999999997,-0.8660254037844388
700.9808029642409,2,0,0,2,9.813731241499372,-0.4999999999999997,-0.8660254037844388
168.70460394814955,2,0,1,2,2.3618644552740937,1.0,6.123233995736766e-17
591.1267501796146,2,1,1,2,8.275774502514604,-0.8660254037844386,0.5000000000000001
202.6309710292312,2,0,0,2,2.836833594409237,-0.9659258262890683,-0.25881904510252063
5.0,2,0,1,2,0.07,0.258819045102521,-0.9659258262890682
194.9861603667768,2,0,0,2,2.729806245134875,0.258819045102521,-0.9659258262890682
438.67671418154964,2,1,0,2,6.141473998541694,0.7071067811865476,0.7071067811865476
99.12823318032434,2,0,1,2,1.3877952645245408,0.49999999999999994,-0.8660254037844387
141.93904137883231,2,1,0,2,1.9871465793036522,-0.8660254037844386,0.5000000000000001
356.83709781277435,0,1,1,1,4.9957193693788415,0.9659258262890683,0.25881904510252074
250.55082101294312,2,1,1,2,3.507711494181204,-0.8660254037844386,0.5000000000000001
355.23213144761337,0,0,0,1,4.973249840266587,0.7071067811865476,-0.7071067811865475
292.80931733650044,0,0,0,1,4.099330442711006,-0.4999999999999997,-0.8660254037844388
336.3325575192831,2,1,0,2,4.708655805269964,0.0,1.0
172.1857865542826,0,0,1,1,2.4106010117599563,-0.8660254037844385,-0.5000000000000004
291.71156956547065,1,1,1,0,4.0839619739165895,0.49999999999999994,0.8660254037844387
83.07285897473196,2,0,0,2,1.1630200256462475,0.49999999999999994,-0.8660254037844387
481.91805205060996,2,0,0,2,6.74685272870854,-0.9659258262890683,-0.25881904510252063
135.83055097288354,0,0,0,1,1.9016277136203696,0.7071067811865476,-0.7071067811865475
453.1925477588901,0,1,0,1,6.344695668624461,-0.8660254037844386,0.5000000000000001
207.95074702308423,2,0,0,2,2.9113104583231793,0.8660254037844387,-0.4999999999999998
286.3598219363178,2,0,1,2,4.00903750710845,1.0,6.123233995736766e-17
160.9063808396739,2,0,1,2,2.2526893317554344,0.49999999999999994,-0.8660254037844387
67.12082238975478,2,0,1,2,0.9396915134565669,0.9659258262890683,-0.25881904510252063
64.05686976895424,0,1,0,1,0.8967961767653594,0.25881904510252074,0.9659258262890683
60.041651453357275,2,1,0,2,0.8405831203470018,0.8660254037844386,0.5000000000000001
191.69640642113407,2,0,1,2,2.683749689895877,0.8660254037844387,-0.4999999999999998
288.13825218919914,0,1,1,1,4.033935530648788,0.0,1.0
431.86827639098743,2,0,0,2,6.046155869473824,-0.8660254037844385,-0.5000000000000004
169.7636572365672,2,0,0,2,2.376691201311941,0.7071067811865476,-0.7071067811865475
91.24706243190866,0,0,0,1,1.2774588740467212,0.9659258262890683,-0.25881904510252063
9.688661480488236,0,0,1,1,0.1356412607268353,-0.9659258262890683,-0.25881904510252063
336.4114512227387,2,0,0,2,4.7097603171183415,0.7071067811865476,-0.7071067811865475
498.97501275928175,2,0,0,2,6.985650178629945,0.8660254037844387,-0.4999999999999998
477.93944823213195,2,1,1,2,6.691152275249848,0.7071067811865476,0.7071067811865476
377.7878946665027,2,1,0,2,5.289030525331038,0.25881904510252074,0.9659258262890683
364.93779710816784,2,0,0,2,5.10912915951435,-1.0,-1.8369701987210297e-16
555.5722803476814,2,0,1,2,7.778011924867539,0.7071067811865476,-0.7071067811865475
309.7746630550259,2,0,0,2,4.336845282770362,-0.8660254037844385,-0.5000000000000004
366.30334168435087,2,1,0,2,5.128246783580912,0.49999999999999994,0.8660254037844387
192.25890486664017,2,1,0,2,2.6916246681329623,-0.8660254037844386,0.5000000000000001
5.0,2,0,1,2,0.07,-1.0,-1.8369701987210297e-16
126.90719791007628,2,0,0,2,1.7767007707410678,-1.0,-1.8369701987210297e-16
248.35137306376205,2,1,1,2,3.4769192228926684,-0.7071067811865477,0.7071067811865474
260.94136705023453,2,0,1,2,3.6531791387032837,-1.0,-1.8369701987210297e-16
596.7314538739708,0,0,0,1,8.354240354235591,-1.0,-1.8369701987210297e-16
264.6298901663924,0,0,0,1,3.7048184623294933,-0.4999999999999997,-0.8660254037844388
462.19181992461586,0,0,1,1,6.470685478944622,-0.9659258262890683,-0.25881904510252063
171.6860965162631,0,0,0,1,2.403605351227683,-0.8660254037844385,-0.5000000000000004
193.89834056225786,2,0,1,2,2.71457676787161,0.7071067811865476,-0.7071067811865475
10.778625299779321,2,1,0,2,0.15090075419691049,-0.25881904510252157,0.9659258262890681
116.38095768221709,2,0,0,2,1.6293334075510393,-0.2588190451025208,-0.9659258262890683
344.85665044547557,0,0,0,1,4.827993106236658,-1.0,-1.8369701987210297e-16
251.360832470944,0,1,0,1,3.519051654593216,-0.5000000000000004,0.8660254037844384
419.7289515815021,2,0,1,2,5.87620532214103,-0.9659258262890683,-0.25881904510252063
282.625710702109,2,0,0,2,3.956759949829526,0.49999999999999994,-0.8660254037844387
186.5583283052065,2,0,0,2,2.6118165962728908,0.49999999999999994,-0.8660254037844387
636.6934354816526,2,0,1,2,8.913708096743136,0.258819045102521,-0.9659258262890682
233.0973576316515,0,0,0,1,3.263363006843121,0.9659258262890683,-0.25881904510252063
459.3401745469547,0,0,0,1,6.430762443657366,-0.7071067811865471,-0.7071067811865479
177.78234282195803,2,1,0,2,2.488952799507412,-0.25881904510252157,0.9659258262890681
377.727906289042,1,0,0,0,5.288190688046588,0.9659258262890683,-0.25881904510252063
417.04281864730365,0,1,0,1,5.838599461062251,-0.25881904510252157,0.9659258262890681
287.5285547036045,2,0,1,2,4.025399765850463,-0.2588190451025208,-0.9659258262890683
173.8069260853884,2,1,0,2,2.4332969651954377,-0.5000000000000004,0.8660254037844384
253.28544295410032,2,0,0,2,3.5459962013574047,-0.9659258262890683,-0.25881904510252063
471.48280859679556,2,1,0,2,6.600759320355138,-0.25881904510252157,0.9659258262890681
344.9465499449915,2,1,0,2,4.82925169922988,-0.8660254037844386,0.5000000000000001
330.2509975412644,2,1,1,2,4.623513965577701,-0.7071067811865477,0.7071067811865474
60.00624811235343,2,1,0,2,0.8400874735729481,0.7071067811865476,0.7071067811865476
120.3180872784894,2,0,1,2,1.6844532218988515,-0.8660254037844385,-0.5000000000000004
324.044373607259,0,0,0,1,4.536621230501626,1.2246467991473532e-16,-1.0
323.8689898216406,2,1,1,2,4.534165857502968,0.8660254037844386,0.5000000000000001
468.64002042392246,2,1,0,2,6.5609602859349145,0.49999999999999994,0.8660254037844387
223.92398407370302,2,0,0,2,3.1349357770318425,0.8660254037844387,-0.4999999999999998
323.04833560128657,1,0,0,0,4.522676698418012,-0.9659258262890684,0.2588190451025203
252.94736354763288,2,0,1,2,3.54126308966686,-0.9659258262890683,-0.25881904510252063
72.35030742971978,2,0,0,2,1.0129043040160768,-0.9659258262890684,0.2588190451025203
156.04243959705457,1,0,0,0,2.184594154358764,-1.0,-1.8369701987210297e-16
327.5817445834138,0,0,0,1,4.586144424167793,-1.0,-1.8369701987210297e-16
281.31049751430606,0,1,1,1,3.938346965200285,-0.8660254037844386,0.5000000000000001
138.72849242196958,2,0,0,2,1.942198893907574,-0.7071067811865471,-0.7071067811865479
41.45115017285565,2,1,0,2,0.5803161024199791,0.0,1.0
363.35311259357286,0,1,0,1,5.08694357631002,0.8660254037844386,0.5000000000000001
202.13438664480063,1,1,0,0,2.8298814130272087,-0.25881904510252157,0.9659258262890681
350.23745002626623,0,0,1,1,4.903324300367727,-0.4999999999999997,-0.8660254037844388
585.5287354741165,0,0,0,1,8.19740229663763,0.258819045102521,-0.9659258262890682
135.4575584575469,2,1,0,2,1.8964058184056567,0.0,1.0
124.0718544335745,0,0,0,1,1.737005962070043,-0.2588190451025208,-0.9659258262890683
212.31238960385562,2,0,0,2,2.972373454453979,-0.9659258262890683,-0.25881904510252063
511.8687113463971,2,0,1,2,7.1661619588495595,-0.9659258262890683,-0.25881904510252063
44.5525434571673,2,1,0,2,0.6237356084003423,0.9659258262890683,0.25881904510252074
598.4549846225088,2,1,0,2,8.378369784715124,0.0,1.0
274.4540622819323,2,0,1,2,3.8423568719470524,-0.8660254037844385,-0.5000000000000004
232.7198808879055,2,0,1,2,3.258078332430677,-0.9659258262890683,-0.25881904510252063
214.34924262059684,0,0,0,1,3.000889396688356,-0.4999999999999997,-0.8660254037844388
171.47265420759481,2,0,0,2,2.400617158906327,0.258819045102521,-0.9659258262890682
438.6610166684478,0,0,0,1,6.14125423335827,1.2246467991473532e-16,-1.0
57.666264265161004,2,0,0,2,0.8073276997122542,-0.9659258262890684,0.2588190451025203
312.1745526958937,2,1,0,2,4.370443737742511,0.25881904510252074,0.9659258262890683
180.84730017274438,2,1,0,2,2.5318622024184214,0.7071067811865476,0.7071067811865476
112.81597926746238,2,1,0,2,1.5794237097444734,0.49999999999999994,0.8660254037844387
715.4755316231012,2,0,1,2,10.016657442723417,-1.0,-1.8369701987210297e-16
325.4291322556228,2,0,1,2,4.556007851578719,0.9659258262890683,-0.25881904510252063
360.3877980390059,2,0,0,2,5.045429172546083,0.258819045102521,-0.9659258262890682
454.7998205203592,1,0,0,0,6.367197487285028,0.258819045102521,-0.9659258262890682
5.842990157338505,2,0,0,2,0.08180186220273908,0.7071067811865476,-0.7071067811865475
565.4125436419657,0,1,0,1,7.91577561098752,0.0,1.0
201.61229212911365,2,1,1,2,2.8225720898075912,0.8660254037844386,0.5000000000000001
111.6220461930663,0,0,0,1,1.562708646702928,-0.9659258262890684,0.2588190451025203
167.37429882779793,0,0,1,1,2.343240183589171,0.49999999999999994,-0.8660254037844387
354.71020569469107,0,0,0,1,4.9659428797256755,0.8660254037844387,-0.4999999999999998
289.3692879054678,2,0,0,2,4.051170030676548,-0.2588190451025208,-0.9659258262890683
219.97334667428922,2,1,1,2,3.079626853440049,0.49999999999999994,0.8660254037844387
247.8404779670097,2,1,0,2,3.4697666915381356,0.8660254037844386,0.5000000000000001
73.95585576593771,1,1,0,0,1.035381980723128,-0.25881904510252157,0.9659258262890681
19.501831007151168,0,1,0,1,0.2730256341001164,-0.8660254037844386,0.5000000000000001
380.77209202049085,1,0,0,0,5.330809288286871,0.8660254037844387,-0.4999999999999998
374.86710025651337,2,0,0,2,5.248139403591187,-0.9659258262890683,-0.25881904510252063
535.2089875282705,0,1,0,1,7.492925825395788,0.9659258262890683,0.25881904510252074
107.79692257326255,1,1,0,0,1.5091569160256757,-0.8660254037844386,0.5000000000000001
374.7067378541661,2,0,0,2,5.245894329958325,1.0,6.123233995736766e-17
198.93278889434828,2,0,0,2,2.785059044520876,-0.7071067811865471,-0.7071067811865479
464.2854973348268,0,0,0,1,6.499996962687575,0.9659258262890683,-0.25881904510252063
433.9532998020655,0,1,0,1,6.075346197228917,-0.5000000000000004,0.8660254037844384
288.0176918604022,0,0,0,1,4.03224768604563,0.7071067811865476,-0.7071067811865475
188.88457180012242,2,1,1,2,2.644384005201714,0.8660254037844386,0.5000000000000001
422.9677921494871,0,0,1,1,5.921549090092819,0.49999999999999994,-0.8660254037844387
366.44281418618186,2,1,1,2,5.130199398606546,-0.8660254037844386,0.5000000000000001
126.80072762448712,2,0,1,2,1.7752101867428198,1.2246467991473532e-16,-1.0
10.99623877370243,2,0,1,2,0.15394734283183403,-0.9659258262890684,0.2588190451025203
198.06407787727667,0,1,0,1,2.7728970902818735,0.25881904510252074,0.9659258262890683
522.7744867626776,0,0,1,1,7.318842814677486,-0.2588190451025208,-0.9659258262890683
456.3676885719469,2,0,0,2,6.389147640007257,0.8660254037844387,-0.4999999999999998
49.78105545929546,2,0,0,2,0.6969347764301365,0.7071067811865476,-0.7071067811865475
39.803665138014196,0,0,0,1,0.5572513119321988,0.7071067811865476,-0.7071067811865475
479.44309294230754,2,0,0,2,6.7122033011923055,0.7071067811865476,-0.7071067811865475
45.585537143590784,0,0,1,1,0.638197520010271,-1.0,-1.8369701987210297e-16
341.6731582555614,2,0,0,2,4.783424215577861,0.49999999999999994,-0.8660254037844387
139.10718123946174,2,0,0,2,1.9475005373524643,0.49999999999999994,-0.8660254037844387
541.0680864139028,2,1,0,2,7.574953209794639,0.49999999999999994,0.8660254037844387
111.32353615518181,2,0,0,2,1.5585295061725453,-1.0,-1.8369701987210297e-16
455.8050754370491,0,1,1,1,6.3812710561186865,-0.25881904510252157,0.9659258262890681
283.27455773086564,2,1,1,2,3.965843808232119,-0.7071067811865477,0.7071067811865474
295.3950737621716,2,1,0,2,4.135531032670402,0.0,1.0
104.6555446432522,0,0,0,1,1.4651776250055308,0.258819045102521,-0.9659258262890682
146.52440357702932,2,0,0,2,2.0513416500784105,-0.4999999999999997,-0.8660254037844388
210.2981307518835,2,0,1,2,2.9441738305263687,-0.2588190451025208,-0.9659258262890683
294.44309141499014,1,1,0,0,4.122203279809861,0.49999999999999994,0.8660254037844387
47.46439100720983,0,0,1,1,0.6645014741009375,-0.9659258262890684,0.2588190451025203
54.03518611425841,2,0,0,2,0.7564926055996177,1.2246467991473532e-16,-1.0
351.0650733687039,1,0,0,0,4.914911027161855,-0.9659258262890683,-0.25881904510252063
351.3138064822835,0,0,1,1,4.918393290751969,-0.7071067811865471,-0.7071067811865479
225.20660913017312,2,1,1,2,3.1528925278224236,0.9659258262890683,0.25881904510252074
390.4363098134935,2,0,0,2,5.466108337388909,0.7071067811865476,-0.7071067811865475
38.643586770373616,0,0,1,1,0.5410102147852306,-0.8660254037844385,-0.5000000000000004
185.93171492434527,0,0,0,1,2.603044008940834,-0.8660254037844385,-0.5000000000000004
546.6179690410612,2,0,0,2,7.652651566574857,0.9659258262890683,-0.25881904510252063
262.29798338916714,0,1,1,1,3.6721717674483396,0.7071067811865476,0.7071067811865476
272.73625262565986,0,0,1,1,3.8183075367592383,-0.4999999999999997,-0.8660254037844388
665.0703854741931,2,1,0,2,9.310985396638703,0.0,1.0
5.0,2,0,0,2,0.07,1.0,6.123233995736766e-17
393.3574659955799,2,0,0,2,5.507004523938119,0.7071067811865476,-0.7071067811865475
549.5175303654579,0,0,1,1,7.693245425116411,1.0,6.123233995736766e-17
191.5255732302617,2,1,1,2,2.681358025223664,0.0,1.0
404.7335416338723,0,0,0,1,5.666269582874212,-0.8660254037844385,-0.5000000000000004
73.23649050203716,0,0,0,1,1.02531086702852,0.258819045102521,-0.9659258262890682
126.38816879787672,0,0,1,1,1.769434363170274,-0.8660254037844385,-0.5000000000000004
319.29395488857415,2,0,1,2,4.470115368440037,-0.4999999999999997,-0.8660254037844388
393.74200115990624,0,1,0,1,5.512388016238687,-0.25881904510252157,0.9659258262890681
451.76857223312425,2,0,0,2,6.32476001126374,-0.7071067811865471,-0.7071067811865479
532.5331456491087,0,1,1,1,7.455464039087523,-0.5000000000000004,0.8660254037844384
237.85961946006722,2,0,0,2,3.330034672440941,-0.2588190451025208,-0.9659258262890683
464.85011593106583,2,1,1,2,6.507901623034922,0.49999999999999994,0.8660254037844387
188.38512817915318,0,0,0,1,2.6373917945081446,-1.0,-1.8369701987210297e-16
412.37643608588826,2,0,0,2,5.773270105202436,0.258819045102521,-0.9659258262890682
287.3479836133927,2,0,0,2,4.022871770587498,-1.0,-1.8369701987210297e-16
330.22202327474633,0,0,1,1,4.623108325846449,-0.9659258262890683,-0.25881904510252063
326.23141732396675,0,0,1,1,4.567239842535535,-0.2588190451025208,-0.9659258262890683
38.84690176360618,0,0,1,1,0.5438566246904866,-0.9659258262890684,0.2588190451025203
47.658065405060796,0,1,0,1,0.6672129156708511,-0.5000000000000004,0.8660254037844384
268.457459167154,2,0,1,2,3.7584044283401563,0.8660254037844387,-0.4999999999999998
53.71023433541035,2,1,1,2,0.7519432806957449,0.49999999999999994,0.8660254037844387
399.61799857595605,2,1,1,2,5.594651980063385,-0.5000000000000004,0.8660254037844384
406.8800739318656,2,0,0,2,5.696321035046117,0.258819045102521,-0.9659258262890682
308.89069951800224,1,0,0,0,4.324469793252031,-0.9659258262890684,0.2588190451025203
48.19587770357401,0,0,1,1,0.6747422878500362,-0.8660254037844385,-0.5000000000000004
498.4250089963326,2,1,0,2,6.977950125948657,0.8660254037844386,0.5000000000000001
616.6979151493044,2,0,1,2,8.633770812090262,0.9659258262890683,-0.25881904510252063
276.4738289402753,1,0,0,0,3.8706336051638544,-1.0,-1.8369701987210297e-16
341.8963681212225,2,1,1,2,4.7865491536971145,0.7071067811865476,0.7071067811865476
286.3129578632879,0,0,1,1,4.008381410086031,-0.4999999999999997,-0.8660254037844388
345.4664540197839,2,0,0,2,4.836530356276975,-1.0,-1.8369701987210297e-16
228.4794238072487,0,0,0,1,3.198711933301482,-0.4999999999999997,-0.8660254037844388
243.7784368281154,2,0,0,2,3.4128981155936153,-0.2588190451025208,-0.9659258262890683
413.0291680895258,0,0,0,1,5.782408353253361,-0.7071067811865471,-0.7071067811865479
672.2123491413593,1,1,1,0,9.41097288797903,-0.25881904510252157,0.9659258262890681
5.0,0,0,1,1,0.07,0.7071067811865476,-0.7071067811865475
231.31375280746596,0,1,0,1,3.2383925393045234,-0.25881904510252157,0.9659258262890681
37.517112658225216,1,0,0,0,0.5252395772151531,-0.2588190451025208,-0.9659258262890683
536.5644817436951,0,0,0,1,7.511902744411731,-0.9659258262890684,0.2588190451025203
144.20716552241828,2,0,0,2,2.018900317313856,0.49999999999999994,-0.8660254037844387
9.776142881442922,0,1,0,1,0.1368660003402009,0.25881904510252074,0.9659258262890683
364.87365979274324,0,0,0,1,5.108231237098406,-1.0,-1.8369701987210297e-16
563.97600065376,2,1,0,2,7.89566400915264,0.49999999999999994,0.8660254037844387
369.4476163409373,0,1,0,1,5.172266628773123,0.7071067811865476,0.7071067811865476
286.8636179107451,1,0,1,0,4.0160906507504315,0.49999999999999994,-0.8660254037844387
323.6453660996789,1,0,1,0,4.531035125395504,1.2246467991473532e-16,-1.0
504.6713193085999,2,0,1,2,7.065398470320399,-0.9659258262890683,-0.25881904510252063
92.64413139745301,2,0,0,2,1.297017839564342,-0.9659258262890683,-0.25881904510252063
229.86752126446368,1,0,0,0,3.2181452977024914,-1.0,-1.8369701987210297e-16
168.515773268284,0,0,0,1,2.359220825755976,0.258819045102521,-0.9659258262890682
39.78424468749216,2,1,0,2,0.5569794256248902,0.0,1.0
190.89245330497556,1,1,0,0,2.6724943462696578,-0.25881904510252157,0.9659258262890681
449.38979727684074,0,1,1,1,6.29145716187577,0.9659258262890683,0.25881904510252074
351.9883867106906,2,1,0,2,4.927837413949669,0.49999999999999994,0.8660254037844387
365.9758900194761,0,0,0,1,5.123662460272665,-0.8660254037844385,-0.5000000000000004
276.36561009759725,2,1,0,2,3.8691185413663614,0.49999999999999994,0.8660254037844387
344.19828089114594,2,1,1,2,4.818775932476043,0.0,1.0
105.89373837734101,2,1,1,2,1.482512337282774,0.49999999999999994,0.8660254037844387
194.28822053309872,0,1,0,1,2.7200350874633825,0.7071067811865476,0.7071067811865476
284.56076265436184,2,1,0,2,3.9838506771610653,0.9659258262890683,0.25881904510252074
299.95285459874026,2,0,0,2,4.1993399643823635,1.0,6.123233995736766e-17
307.6338138859371,2,1,0,2,4.3068733944031194,-0.5000000000000004,0.8660254037844384
225.09964923705198,2,0,0,2,3.1513950893187275,0.9659258262890683,-0.25881904510252063
182.06378779654065,1,0,1,0,2.548893029151569,1.2246467991473532e-16,-1.0
818.3988309479737,2,1,0,2,11.457583633271632,0.7071067811865476,0.7071067811865476
413.2217091278318,2,1,0,2,5.785103927789645,0.9659258262890683,0.25881904510252074
324.36654567147207,0,0,1,1,4.541131639400609,0.49999999999999994,-0.8660254037844387
208.02247032284907,2,1,1,2,2.912314584519887,0.0,1.0
168.78061115010223,2,0,0,2,2.3629285561014313,0.9659258262890683,-0.25881904510252063
226.45589312914797,2,1,0,2,3.1703825038080713,-0.7071067811865477,0.7071067811865474
302.709191845603,2,1,0,2,4.237928685838442,0.25881904510252074,0.9659258262890683
88.47839793135466,2,0,1,2,1.2386975710389652,0.9659258262890683,-0.25881904510252063
32.49012716744306,2,0,0,2,0.4548617803442029,-0.9659258262890684,0.2588190451025203
135.36116999098766,2,0,0,2,1.8950563798738271,0.8660254037844387,-0.4999999999999998
287.2850986201423,1,1,0,0,4.0219913806819925,0.7071067811865476,0.7071067811865476
206.93083351266677,2,0,1,2,2.8970316691773346,-0.8660254037844385,-0.5000000000000004
516.0618206979073,0,0,0,1,7.224865489770702,1.0,6.123233995736766e-17
16.8314216592384,0,0,1,1,0.23563990322933762,0.7071067811865476,-0.7071067811865475
114.75781547139334,2,1,0,2,1.6066094165995068,0.8660254037844386,0.5000000000000001
523.6165133783982,0,0,1,1,7.330631187297575,0.7071067811865476,-0.7071067811865475
273.6014784415264,2,0,1,2,3.8304206981813693,0.258819045102521,-0.9659258262890682
409.27166490420854,1,1,0,0,5.729803308658919,-0.8660254037844386,0.5000000000000001
619.2244497885034,2,0,0,2,8.669142297039048,-0.9659258262890684,0.2588190451025203
125.11520477767193,2,1,1,2,1.7516128668874071,0.9659258262890683,0.25881904510252074
232.12341919743423,2,1,1,2,3.2497278687640794,0.0,1.0
200.96315783244313,1,1,0,0,2.8134842096542036,0.49999999999999994,0.8660254037844387
101.82674080698962,2,0,1,2,1.4255743712978546,1.0,6.123233995736766e-17
194.12857532392556,0,0,1,1,2.717800054534958,0.49999999999999994,-0.8660254037844387
408.5911937285198,2,1,1,2,5.720276712199277,-0.25881904510252157,0.9659258262890681
347.30611752620337,0,0,0,1,4.862285645366847,0.258819045102521,-0.9659258262890682
361.4349704898418,2,0,1,2,5.060089586857785,0.8660254037844387,-0.4999999999999998
182.4083834848901,0,1,0,1,2.5537173687884613,0.0,1.0
131.90249751898455,2,1,0,2,1.8466349652657836,0.7071067811865476,0.7071067811865476
478.4660209417517,2,1,0,2,6.698524293184525,0.25881904510252074,0.9659258262890683
160.48291365561948,2,1,1,2,2.2467607911786724,0.25881904510252074,0.9659258262890683
302.9347669827785,2,0,0,2,4.241086737758899,-0.8660254037844385,-0.5000000000000004
279.4002425219569,0,1,0,1,3.9116033953073965,-0.8660254037844386,0.5000000000000001
513.1090629262812,2,1,0,2,7.183526880967937,0.25881904510252074,0.9659258262890683
424.8542243810248,0,1,0,1,5.947959141334347,0.7071067811865476,0.7071067811865476
16.85344827991824,2,0,1,2,0.23594827591885537,0.49999999999999994,-0.8660254037844387
36.24042998049279,2,0,0,2,0.5073660197268991,-1.0,-1.8369701987210297e-16
354.20376725244415,2,1,1,2,4.958852741534217,-0.25881904510252157,0.9659258262890681
238.41922347175003,2,0,0,2,3.3378691286045004,1.2246467991473532e-16,-1.0
168.0690788883225,0,1,0,1,2.352967104436515,-0.7071067811865477,0.7071067811865474
432.8130191190047,2,1,1,2,6.059382267666066,-0.8660254037844386,0.5000000000000001
283.74268877600394,2,0,1,2,3.9723976428640553,-0.9659258262890683,-0.25881904510252063
259.4423296400999,0,0,1,1,3.6321926149613986,-1.0,-1.8369701987210297e-16
390.36915533590894,1,1,0,0,5.465168174702725,-0.25881904510252157,0.9659258262890681
182.48038091015837,2,0,0,2,2.5547253327422172,-0.4999999999999997,-0.8660254037844388
532.3334173850598,2,0,0,2,7.452667843390836,0.258819045102521,-0.9659258262890682
108.15142781805855,0,0,0,1,1.5141199894528197,0.49999999999999994,-0.8660254037844387
368.2472319415759,2,1,1,2,5.155461247182062,-0.5000000000000004,0.8660254037844384
508.08991095877207,2,1,1,2,7.113258753422809,0.0,1.0
5.0,2,0,1,2,0.07,-0.7071067811865471,-0.7071067811865479
188.19966834655915,0,0,0,1,2.634795356851828,1.2246467991473532e-16,-1.0
455.5973307194004,0,1,0,1,6.378362630071606,0.9659258262890683,0.25881904510252074
458.3040185915845,2,1,0,2,6.416256260282184,-0.5000000000000004,0.8660254037844384
219.13079193011694,2,1,0,2,3.0678310870216374,0.9659258262890683,0.25881904510252074
117.7592031381653,2,0,0,2,1.6486288439343144,0.7071067811865476,-0.7071067811865475
422.0684480195372,0,1,1,1,5.90895827227352,0.25881904510252074,0.9659258262890683
463.03883846468887,2,1,1,2,6.482543738505644,0.49999999999999994,0.8660254037844387
40.36059726776895,2,1,1,2,0.5650483617487653,0.9659258262890683,0.25881904510252074
33.29554318605156,0,0,0,1,0.46613760460472187,-0.7071067811865471,-0.7071067811865479
290.5462027570479,2,1,0,2,4.067646838598671,0.9659258262890683,0.25881904510252074
363.28491401720055,0,1,1,1,5.085988796240807,-0.25881904510252157,0.9659258262890681
196.16756465859012,2,0,0,2,2.7463459052202617,1.2246467991473532e-16,-1.0
372.2728875968229,2,1,0,2,5.211820426355521,0.7071067811865476,0.7071067811865476
122.17541076927122,2,0,1,2,1.710455750769797,-0.4999999999999997,-0.8660254037844388
130.64484783327237,0,1,0,1,1.829027869665813,0.9659258262890683,0.25881904510252074
173.69780698013273,0,1,0,1,2.431769297721858,0.0,1.0
261.3817863723582,0,0,1,1,3.659345009213015,0.8660254037844387,-0.4999999999999998
200.34880721863783,2,0,0,2,2.8048833010609298,0.258819045102521,-0.9659258262890682
41.451412541292655,0,1,1,1,0.5803197755780972,-0.5000000000000004,0.8660254037844384
76.81681565818712,2,0,0,2,1.0754354192146198,0.49999999999999994,-0.8660254037844387
157.4640152137784,2,0,0,2,2.2044962129928978,1.2246467991473532e-16,-1.0
411.57803889695384,0,1,0,1,5.762092544557354,0.0,1.0
476.11553909446286,2,0,1,2,6.66561754732248,-1.0,-1.8369701987210297e-16
463.7884091449219,2,1,0,2,6.493037728028907,-0.8660254037844386,0.5000000000000001
103.13628367326046,2,1,1,2,1.4439079714256466,0.7071067811865476,0.7071067811865476
42.33286174653449,2,1,1,2,0.5926600644514829,0.8660254037844386,0.5000000000000001
339.39423069638116,2,1,0,2,4.751519229749336,-0.5000000000000004,0.8660254037844384
364.31800208762655,0,0,1,1,5.100452029226772,-0.8660254037844385,-0.5000000000000004
322.0305289360895,2,1,1,2,4.5084274051052535,0.8660254037844386,0.5000000000000001
112.53138936279743,0,0,0,1,1.575439451079164,-1.0,-1.8369701987210297e-16
93.96077472097599,0,1,0,1,1.3154508460936638,0.49999999999999994,0.8660254037844387
244.65601774852388,2,0,1,2,3.4251842484793342,0.49999999999999994,-0.8660254037844387
337.69927503347685,2,1,0,2,4.727789850468676,0.25881904510252074,0.9659258262890683
388.1153252684476,2,1,0,2,5.433614553758266,-0.7071067811865477,0.7071067811865474
275.9656340107672,0,0,1,1,3.863518876150741,-0.2588190451025208,-0.9659258262890683
309.54108517688246,2,1,0,2,4.333575192476355,0.9659258262890683,0.25881904510252074
265.27578250499874,0,0,0,1,3.7138609550699826,-1.0,-1.8369701987210297e-16
373.41148735932694,2,1,0,2,5.227760823030577,0.0,1.0
306.31581726836396,0,0,1,1,4.288421441757095,1.0,6.123233995736766e-17
261.8327788085117,2,1,1,2,3.665658903319164,0.25881904510252074,0.9659258262890683
201.69361615527146,2,1,0,2,2.8237106261738005,-0.25881904510252157,0.9659258262890681
264.6324565076466,1,0,0,0,3.7048543911070526,-1.0,-1.8369701987210297e-16
337.2264481910695,0,1,0,1,4.721170274674972,0.0,1.0
298.14557000165104,2,0,0,2,4.174037980023114,0.8660254037844387,-0.4999999999999998
318.54875530214565,0,1,0,1,4.4596825742300386,-0.8660254037844386,0.5000000000000001
491.6899350432134,2,0,0,2,6.883659090604988,-0.8660254037844385,-0.5000000000000004
297.7295060943857,0,0,0,1,4.1682130853214,0.7071067811865476,-0.7071067811865475
133.1802663148316,0,1,0,1,1.8645237284076424,0.9659258262890683,0.25881904510252074
409.0492214789504,2,1,1,2,5.726689100705306,0.49999999999999994,0.8660254037844387
5.0,2,0,0,2,0.07,-0.9659258262890684,0.2588190451025203
55.34559146692831,2,1,1,2,0.7748382805369963,-0.25881904510252157,0.9659258262890681
310.4525076496124,2,0,1,2,4.346335107094574,-0.4999999999999997,-0.8660254037844388
342.9514002015842,0,1,0,1,4.801319602822179,-0.8660254037844386,0.5000000000000001
25.890779769280897,2,1,0,2,0.36247091676993254,-0.7071067811865477,0.7071067811865474
181.09285342238502,2,0,1,2,2.5352999479133906,-0.9659258262890684,0.2588190451025203
140.90491020046144,0,1,0,1,1.9726687428064602,0.9659258262890683,0.25881904510252074
162.39826188131258,1,1,0,0,2.273575666338376,0.49999999999999994,0.8660254037844387
419.84759972913025,2,0,0,2,5.877866396207824,0.7071067811865476,-0.7071067811865475
377.17098343850546,2,0,0,2,5.280393768139076,0.258819045102521,-0.9659258262890682
246.55800762633265,2,1,0,2,3.451812106768657,0.0,1.0
151.72685311931298,2,1,1,2,2.1241759436703815,-0.7071067811865477,0.7071067811865474
7.0630593603746945,1,0,1,0,0.09888283104524573,-0.7071067811865471,-0.7071067811865479
505.63328898075076,2,0,0,2,7.078866045730511,-0.8660254037844385,-0.5000000000000004
356.5805020512853,0,0,0,1,4.992127028717994,0.7071067811865476,-0.7071067811865475
122.79956126683473,2,0,0,2,1.7191938577356862,0.258819045102521,-0.9659258262890682
379.52790957248044,0,0,0,1,5.313390734014726,-1.0,-1.8369701987210297e-16
237.35974829656737,0,0,1,1,3.3230364761519433,0.9659258262890683,-0.25881904510252063
198.3202891247783,0,1,0,1,2.776484047746896,-0.5000000000000004,0.8660254037844384
328.3380750921284,2,0,1,2,4.596733051289798,0.9659258262890683,-0.25881904510252063
116.5303150157095,2,0,0,2,1.6314244102199331,0.7071067811865476,-0.7071067811865475
188.12382648818019,2,0,1,2,2.6337335708345226,0.7071067811865476,-0.7071067811865475
271.86299155591826,1,0,0,0,3.806081881782856,-0.9659258262890683,-0.25881904510252063
160.09878528066156,0,0,1,1,2.2413829939292618,0.7071067811865476,-0.7071067811865475
370.4353378481543,0,0,0,1,5.18609472987416,1.0,6.123233995736766e-17
586.431970662087,0,1,0,1,8.210047589269218,0.7071067811865476,0.7071067811865476
114.22633613071432,0,1,1,1,1.5991687058300004,0.0,1.0
49.72255333472799,2,0,0,2,0.6961157466861919,0.49999999999999994,-0.8660254037844387
110.31323014572706,1,0,0,0,1.5443852220401788,-1.0,-1.8369701987210297e-16
222.9157345309032,2,1,0,2,3.1208202834326446,0.8660254037844386,0.5000000000000001
130.6303737772871,2,0,1,2,1.8288252328820194,0.9659258262890683,-0.25881904510252063
287.4148901920745,2,1,0,2,4.023808462689043,0.25881904510252074,0.9659258262890683
273.86758096469816,2,1,1,2,3.8341461335057745,0.25881904510252074,0.9659258262890683
38.57903239053729,2,1,1,2,0.5401064534675221,-0.25881904510252157,0.9659258262890681
76.67908930665311,0,0,0,1,1.0735072502931435,-0.2588190451025208,-0.9659258262890683
303.26798326229715,2,0,1,2,4.245751765672161,0.8660254037844387,-0.4999999999999998
274.3771902495923,0,0,0,1,3.8412806634942918,0.7071067811865476,-0.7071067811865475
173.35276029402075,2,0,0,2,2.4269386441162903,1.2246467991473532e-16,-1.0
48.28584532381484,2,1,1,2,0.6760018345334078,0.0,1.0
334.85042729769833,2,0,1,2,4.687905982167776,-0.2588190451025208,-0.9659258262890683
478.94191817630985,2,1,0,2,6.705186854468338,0.25881904510252074,0.9659258262890683
300.036839239406,0,1,0,1,4.200515749351683,0.7071067811865476,0.7071067811865476
97.45469969828838,2,0,0,2,1.3643657957760373,-1.0,-1.8369701987210297e-16
258.0193898028072,0,1,0,1,3.612271457239301,0.0,1.0
5.0,2,1,0,2,0.07,0.7071067811865476,0.7071067811865476
440.43292849098265,0,0,1,1,6.166060998873757,0.49999999999999994,-0.8660254037844387
264.731980215317,1,0,0,0,3.706247723014438,1.2246467991473532e-16,-1.0
68.26824411558175,0,0,1,1,0.9557554176181445,-0.9659258262890683,-0.25881904510252063
195.8786151201371,2,0,0,2,2.7423006116819195,0.7071067811865476,-0.7071067811865475
333.3942718421615,2,1,1,2,4.667519805790262,0.8660254037844386,0.5000000000000001
190.05142822440595,2,1,0,2,2.660719995141683,0.0,1.0
200.3387701407687,0,0,1,1,2.804742781970762,-0.2588190451025208,-0.9659258262890683
29.607602731491085,2,0,0,2,0.4145064382408752,-0.7071067811865471,-0.7071067811865479
351.9773776746981,2,1,0,2,4.927683287445774,-0.25881904510252157,0.9659258262890681
133.27554399655526,0,0,0,1,1.8658576159517737,-0.9659258262890683,-0.25881904510252063
138.16016786090586,2,1,0,2,1.934242350052682,0.49999999999999994,0.8660254037844387
183.1736732793291,0,1,0,1,2.5644314259106076,0.49999999999999994,0.8660254037844387
426.6069488026635,2,1,1,2,5.972497283237289,0.7071067811865476,0.7071067811865476
180.35269961200947,2,0,0,2,2.5249377945681326,1.0,6.123233995736766e-17
562.8372973222337,0,0,0,1,7.879722162511271,1.2246467991473532e-16,-1.0
327.2142307387331,2,0,1,2,4.580999230342263,0.8660254037844387,-0.4999999999999998
310.9764692104659,0,1,0,1,4.353670568946523,0.49999999999999994,0.8660254037844387
226.88831213483041,2,0,0,2,3.176436369887626,-0.8660254037844385,-0.5000000000000004
237.7084826024277,2,0,0,2,3.327918756433988,-0.4999999999999997,-0.8660254037844388
202.58374567848927,0,0,1,1,2.8361724394988497,0.7071067811865476,-0.7071067811865475
195.59150942514523,0,0,0,1,2.7382811319520335,-0.4999999999999997,-0.8660254037844388
345.5560891720868,0,1,0,1,4.837785248409214,0.0,1.0
81.5503786376982,2,1,0,2,1.1417053009277747,-0.7071067811865477,0.7071067811865474
56.339110829633256,0,1,0,1,0.7887475516148656,-0.8660254037844386,0.5000000000000001
47.82489084243201,2,0,0,2,0.6695484717940482,0.7071067811865476,-0.7071067811865475
618.2178185818877,2,0,0,2,8.65504946014643,1.0,6.123233995736766e-17
345.4617223007044,1,0,1,0,4.836464112209862,1.0,6.123233995736766e-17
304.80859630242605,2,1,0,2,4.267320348233965,0.49999999999999994,0.8660254037844387
59.647359347182345,1,0,0,0,0.8350630308605528,1.0,6.123233995736766e-17
362.2016141214691,2,0,1,2,5.070822597700568,0.8660254037844387,-0.4999999999999998
229.01715763840085,2,0,0,2,3.2062402069376117,0.9659258262890683,-0.25881904510252063
288.550409403715,2,1,1,2,4.03970573165201,0.49999999999999994,0.8660254037844387
74.2083431445599,0,1,0,1,1.0389168040238388,0.8660254037844386,0.5000000000000001
278.8483943351638,0,0,0,1,3.903877520692293,1.2246467991473532e-16,-1.0
173.70996312283302,0,0,0,1,2.4319394837196624,1.2246467991473532e-16,-1.0
112.1899917345662,0,0,1,1,1.5706598842839268,0.9659258262890683,-0.25881904510252063
382.13914044530475,0,0,0,1,5.349947966234266,-0.9659258262890683,-0.25881904510252063
26.787405535400467,0,0,0,1,0.37502367749560656,1.0,6.123233995736766e-17
351.6597275765471,2,0,0,2,4.92323618607166,0.7071067811865476,-0.7071067811865475
373.2075040395393,2,0,0,2,5.22490505655355,0.7071067811865476,-0.7071067811865475
91.66413840077666,2,1,0,2,1.2832979376108733,-0.5000000000000004,0.8660254037844384
102.34087699615588,1,0,0,0,1.4327722779461824,0.49999999999999994,-0.8660254037844387
209.8553773720476,1,0,1,0,2.9379752832086665,0.258819045102521,-0.9659258262890682
300.7665178831997,2,0,0,2,4.210731250364796,1.2246467991473532e-16,-1.0
222.48610147343942,0,0,0,1,3.114805420628152,0.9659258262890683,-0.25881904510252063
328.04124283453825,1,0,0,0,4.592577399683536,-0.8660254037844385,-0.5000000000000004
567.3363374567318,2,1,0,2,7.942708724394246,-0.25881904510252157,0.9659258262890681
158.6109815530515,0,0,0,1,2.220553741742721,-0.2588190451025208,-0.9659258262890683
58.73239472661572,1,0,0,0,0.8222535261726202,-0.8660254037844385,-0.5000000000000004
398.6662449455176,2,0,0,2,5.581327429237247,-1.0,-1.8369701987210297e-16
552.9966236669553,0,0,0,1,7.741952731337375,-0.7071067811865471,-0.7071067811865479
320.69830534920237,2,0,0,2,4.4897762748888335,0.8660254037844387,-0.4999999999999998
54.205238436339755,1,0,0,0,0.7588733381087566,-0.9659258262890684,0.2588190451025203
227.69937461766384,1,0,0,0,3.187791244647294,0.7071067811865476,-0.7071067811865475
48.665772841906175,1,0,0,0,0.6813208197866865,0.8660254037844387,-0.4999999999999998
365.7139889133306,2,1,1,2,5.1199958447866285,0.0,1.0
6.767727514281802,0,1,1,1,0.09474818519994523,-0.25881904510252157,0.9659258262890681
195.976818370924,0,1,1,1,2.743675457192936,0.49999999999999994,0.8660254037844387
69.21919126709685,2,0,0,2,0.9690686777393559,0.49999999999999994,-0.8660254037844387
272.8284433242931,0,0,0,1,3.8195982065401037,1.0,6.123233995736766e-17
184.05849811520363,2,0,1,2,2.5768189736128506,-0.9659258262890683,-0.25881904510252063
281.8171785850475,0,0,0,1,3.945440500190665,1.2246467991473532e-16,-1.0
254.0230998939458,2,1,0,2,3.5563233985152416,-0.5000000000000004,0.8660254037844384
72.40137500966011,2,1,0,2,1.0136192501352417,-0.5000000000000004,0.8660254037844384
362.8378714352239,2,0,0,2,5.079730200093135,-0.9659258262890683,-0.25881904510252063
241.22218266823924,0,0,0,1,3.3771105573553495,-0.7071067811865471,-0.7071067811865479
72.06477858413791,2,1,1,2,1.0089069001779307,-0.25881904510252157,0.9659258262890681
653.3667801170427,0,0,1,1,9.147134921638598,-0.7071067811865471,-0.7071067811865479
335.75743000908244,2,1,0,2,4.700604020127154,-0.8660254037844386,0.5000000000000001
222.41310038812503,2,0,0,2,3.1137834054337503,0.7071067811865476,-0.7071067811865475
504.7368148063282,2,0,1,2,7.066315407288594,0.8660254037844387,-0.4999999999999998
581.5268096895893,0,0,1,1,8.14137533565425,0.9659258262890683,-0.25881904510252063
223.83710398350067,2,0,0,2,3.1337194557690093,-1.0,-1.8369701987210297e-16
312.53154755825716,0,1,0,1,4.3754416658156,0.49999999999999994,0.8660254037844387
72.15949275947065,0,1,0,1,1.010232898632589,-0.25881904510252157,0.9659258262890681
223.50530486175793,0,0,1,1,3.129074268064611,0.8660254037844387,-0.4999999999999998
214.16874032322343,2,1,0,2,2.998362364525128,0.25881904510252074,0.9659258262890683
283.2688660518977,2,0,0,2,3.965764124726568,-1.0,-1.8369701987210297e-16
309.89688615466184,0,0,0,1,4.3385564061652655,0.9659258262890683,-0.25881904510252063
350.7691207890508,2,0,0,2,4.910767691046711,-0.9659258262890683,-0.25881904510252063
292.77567813399264,0,0,0,1,4.098859493875897,0.9659258262890683,-0.25881904510252063
32.06632720675037,2,1,0,2,0.4489285808945052,0.8660254037844386,0.5000000000000001
81.07592096660471,1,1,0,0,1.135062893532466,0.9659258262890683,0.25881904510252074
151.64662849653888,0,0,1,1,2.1230527989515444,0.7071067811865476,-0.7071067811865475
199.19669345381882,1,0,0,0,2.7887537083534637,-0.4999999999999997,-0.8660254037844388
439.13937228498037,2,1,0,2,6.147951211989725,0.7071067811865476,0.7071067811865476
40.67098236647567,0,1,0,1,0.5693937531306594,0.49999999999999994,0.8660254037844387
185.665291329274,2,1,0,2,2.599314078609836,-0.25881904510252157,0.9659258262890681
421.54170967852895,2,0,0,2,5.901583935499405,0.8660254037844387,-0.4999999999999998
196.0220545906098,0,0,0,1,2.744308764268537,-0.7071067811865471,-0.7071067811865479
332.87481697170836,0,0,1,1,4.660247437603918,-0.7071067811865471,-0.7071067811865479
224.88243227297735,1,0,0,0,3.148354051821683,-0.4999999999999997,-0.8660254037844388
296.2209863184501,0,1,0,1,4.147093808458301,-0.25881904510252157,0.9659258262890681
208.8749421142827,2,0,1,2,2.924249189599958,0.8660254037844387,-0.4999999999999998
370.0717850911037,2,0,0,2,5.181004991275452,-0.8660254037844385,-0.5000000000000004
28.110153333158337,0,1,1,1,0.3935421466642167,-0.8660254037844386,0.5000000000000001
184.6038384900619,2,0,0,2,2.5844537388608666,0.258819045102521,-0.9659258262890682
303.38308180497546,2,1,0,2,4.247363145269657,-0.5000000000000004,0.8660254037844384
346.0651446411147,2,0,1,2,4.844912024975606,0.9659258262890683,-0.25881904510252063
518.731472095689,2,0,0,2,7.262240609339646,-0.2588190451025208,-0.9659258262890683
179.61555996419625,2,0,0,2,2.5146178394987473,-0.9659258262890683,-0.25881904510252063
516.3067171349571,2,0,1,2,7.228294039889399,0.258819045102521,-0.9659258262890682
131.37571120125932,2,0,0,2,1.8392599568176307,-0.2588190451025208,-0.9659258262890683
489.15635407803586,2,0,0,2,6.8481889570925025,-0.9659258262890684,0.2588190451025203
397.14408280570706,1,1,1,0,5.560017159279899,-0.5000000000000004,0.8660254037844384
85.57745566619991,2,1,0,2,1.1980843793267986,0.8660254037844386,0.5000000000000001
305.26706270532793,2,1,1,2,4.273738877874591,0.0,1.0
240.77754960420552,0,0,1,1,3.3708856944588774,1.2246467991473532e-16,-1.0
362.6052268615001,2,0,1,2,5.076473176061001,-0.2588190451025208,-0.9659258262890683
209.81111408200428,1,1,1,0,2.93735559714806,0.25881904510252074,0.9659258262890683
194.69567938088832,0,0,0,1,2.7257395113324363,-0.7071067811865471,-0.7071067811865479
496.4370248973132,2,1,0,2,6.950118348562385,0.8660254037844386,0.5000000000000001
232.23023899797886,2,1,1,2,3.251223345971704,-0.7071067811865477,0.7071067811865474
398.75601835451795,0,1,1,1,5.582584256963251,0.0,1.0
209.43673269204405,1,0,1,0,2.932114257688617,0.258819045102521,-0.9659258262890682
549.9993866609542,2,0,0,2,7.6999914132533585,-1.0,-1.8369701987210297e-16
127.8997667196112,0,1,0,1,1.7905967340745568,-0.7071067811865477,0.7071067811865474
139.45416437550676,2,1,0,2,1.9523583012570949,-0.7071067811865477,0.7071067811865474
524.4130926008626,1,1,1,0,7.341783296412077,-0.5000000000000004,0.8660254037844384
169.9096496388545,2,0,0,2,2.3787350949439627,0.7071067811865476,-0.7071067811865475
538.1933751095906,1,0,0,0,7.534707251534269,0.258819045102521,-0.9659258262890682
410.5313043270663,0,0,0,1,5.747438260578929,-1.0,-1.8369701987210297e-16
222.16305281904997,0,0,0,1,3.1102827394666996,-0.7071067811865471,-0.7071067811865479
76.39282496308851,2,0,0,2,1.069499549483239,-0.8660254037844385,-0.5000000000000004
246.52270523106958,2,0,0,2,3.451317873234974,1.2246467991473532e-16,-1.0
268.29340963601646,2,0,1,2,3.756107734904231,1.0,6.123233995736766e-17
460.09919199478713,2,1,0,2,6.441388687927019,0.49999999999999994,0.8660254037844387
535.92049172322,2,1,0,2,7.502886884125081,0.8660254037844386,0.5000000000000001
126.70230775412543,0,1,1,1,1.773832308557756,0.7071067811865476,0.7071067811865476
394.2127175178729,2,0,0,2,5.51897804525022,-0.4999999999999997,-0.8660254037844388
387.7723880824029,2,0,0,2,5.428813433153641,-0.8660254037844385,-0.5000000000000004
443.21428643388015,1,0,0,0,6.205000010074322,0.258819045102521,-0.9659258262890682
339.764184184398,0,1,0,1,4.756698578581572,-0.5000000000000004,0.8660254037844384
99.64958437311861,1,0,0,0,1.3950941812236606,-0.2588190451025208,-0.9659258262890683
222.02396214500325,1,1,0,0,3.1083354700300454,0.7071067811865476,0.7071067811865476
41.97263651495527,2,0,0,2,0.5876169112093738,-0.8660254037844385,-0.5000000000000004
213.5309608747467,2,0,0,2,2.989433452246454,0.49999999999999994,-0.8660254037844387
426.40076250410095,0,1,0,1,5.969610675057414,0.9659258262890683,0.25881904510252074
304.9271504574951,0,1,1,1,4.268980106404932,0.7071067811865476,0.7071067811865476
456.6563559515379,2,0,0,2,6.39318898332153,1.2246467991473532e-16,-1.0
311.51570572843707,0,0,1,1,4.361219880198119,-0.9659258262890684,0.2588190451025203
16.301330859597527,2,0,0,2,0.22821863203436538,-0.4999999999999997,-0.8660254037844388
203.75246118309224,2,0,1,2,2.8525344565632915,-0.9659258262890683,-0.25881904510252063
276.7855771023263,2,0,1,2,3.874998079432568,-0.8660254037844385,-0.5000000000000004
211.49323605679024,0,0,0,1,2.9609053047950633,-1.0,-1.8369701987210297e-16
74.14976691126122,0,0,0,1,1.0380967367576572,0.7071067811865476,-0.7071067811865475
56.112904937248004,2,1,0,2,0.7855806691214721,0.8660254037844386,0.5000000000000001
117.74622157491234,0,0,0,1,1.6484471020487725,0.258819045102521,-0.9659258262890682
214.99153272434032,2,0,0,2,3.0098814581407645,-0.4999999999999997,-0.8660254037844388
369.85800826715024,2,1,0,2,5.178012115740104,-0.5000000000000004,0.8660254037844384
283.9535946822364,0,1,0,1,3.97535032555131,0.7071067811865476,0.7071067811865476
539.4521044910912,1,0,1,0,7.552329462875276,0.9659258262890683,-0.25881904510252063
63.591269911829016,0,0,0,1,0.8902777787656062,-0.9659258262890684,0.2588190451025203
408.590600570338,0,1,0,1,5.720268407984731,-0.7071067811865477,0.7071067811865474
258.513773763171,0,0,0,1,3.619192832684394,-0.8660254037844385,-0.5000000000000004
375.0404423413452,0,1,0,1,5.250566192778833,0.9659258262890683,0.25881904510252074
171.42732461220214,2,0,0,2,2.3999825445708303,-0.7071067811865471,-0.7071067811865479
442.90246730030617,2,1,1,2,6.200634542204287,0.8660254037844386,0.5000000000000001
303.1404565021437,2,0,0,2,4.243966391030011,-0.2588190451025208,-0.9659258262890683
127.6999027148051,2,1,0,2,1.7877986380072715,0.25881904510252074,0.9659258262890683
247.83567479562615,0,0,1,1,3.4696994471387663,-0.8660254037844385,-0.5000000000000004
206.87994539132208,2,1,0,2,2.8963192354785092,0.9659258262890683,0.25881904510252074
338.0521031148029,2,0,1,2,4.732729443607241,0.49999999999999994,-0.8660254037844387
37.640185112588455,2,1,1,2,0.5269625915762383,0.25881904510252074,0.9659258262890683
244.71669361917498,0,1,0,1,3.4260337106684497,0.0,1.0
321.15530547687956,2,1,0,2,4.496174276676314,0.8660254037844386,0.5000000000000001
255.94419529474598,0,0,0,1,3.583218734126444,0.9659258262890683,-0.25881904510252063
492.4494239900192,2,1,0,2,6.894291935860269,0.7071067811865476,0.7071067811865476
389.32409933278944,2,0,0,2,5.450537390659052,-1.0,-1.8369701987210297e-16
248.6534565866656,0,1,0,1,3.4811483922133184,0.8660254037844386,0.5000000000000001
289.0040375495812,0,1,0,1,4.046056525694137,0.8660254037844386,0.5000000000000001
303.21979926675994,2,1,0,2,4.24507718973464,-0.25881904510252157,0.9659258262890681
322.59392875002834,0,0,1,1,4.516315002500397,-0.7071067811865471,-0.7071067811865479
78.61843921962941,0,1,0,1,1.1006581490748117,-0.7071067811865477,0.7071067811865474
195.7252667615175,2,0,0,2,2.740153734661245,-0.9659258262890683,-0.25881904510252063
17.199032274816716,0,0,0,1,0.24078645184743402,0.49999999999999994,-0.8660254037844387
480.0905705427076,0,0,0,1,6.721267987597907,-0.8660254037844385,-0.5000000000000004
239.04708639947302,0,1,0,1,3.346659209592622,0.49999999999999994,0.8660254037844387
215.19862905766792,0,0,0,1,3.012780806807351,-0.9659258262890683,-0.25881904510252063
411.42351976598235,0,1,1,1,5.759929276723753,0.7071067811865476,0.7071067811865476
326.01846354097745,0,0,1,1,4.564258489573684,-1.0,-1.8369701987210297e-16
46.84578741174272,0,0,1,1,0.6558410237643981,0.8660254037844387,-0.4999999999999998
237.23703474507363,0,1,1,1,3.321318486431031,0.8660254037844386,0.5000000000000001
189.66994481925073,0,1,1,1,2.6553792274695103,0.7071067811865476,0.7071067811865476
64.01591994908972,0,0,0,1,0.8962228792872561,-0.7071067811865471,-0.7071067811865479
125.75027801730316,0,0,0,1,1.7605038922422442,0.7071067811865476,-0.7071067811865475
216.9627420370362,2,0,0,2,3.037478388518507,0.8660254037844387,-0.4999999999999998
229.30883233146832,0,0,0,1,3.2103236526405565,-0.7071067811865471,-0.7071067811865479
16.801656261915582,0,0,0,1,0.23522318766681816,-0.9659258262890684,0.2588190451025203
457.2998049485456,2,1,1,2,6.402197269279639,-0.7071067811865477,0.7071067811865474
231.621449399541,0,0,0,1,3.2427002915935743,-0.8660254037844385,-0.5000000000000004
256.7595537989013,2,0,0,2,3.594633753184618,-0.9659258262890683,-0.25881904510252063
322.1154949011706,2,0,0,2,4.5096169286163885,-0.4999999999999997,-0.8660254037844388
108.14627429733918,0,0,0,1,1.5140478401627484,-0.9659258262890684,0.2588190451025203
332.1440751638853,2,0,1,2,4.650017052294395,0.8660254037844387,-0.4999999999999998
183.92656371672706,0,1,0,1,2.5749718920341786,0.9659258262890683,0.25881904510252074
88.61460268350552,0,1,0,1,1.2406044375690775,0.9659258262890683,0.25881904510252074
353.22054880397184,2,0,0,2,4.945087683255606,0.49999999999999994,-0.8660254037844387
518.5012945843254,2,0,1,2,7.259018124180555,-0.9659258262890684,0.2588190451025203
380.46928722744974,2,1,1,2,5.326570021184296,0.49999999999999994,0.8660254037844387
416.1359617252775,0,1,1,1,5.825903464153885,-0.5000000000000004,0.8660254037844384
156.28649081878618,1,0,1,0,2.1880108714630064,0.258819045102521,-0.9659258262890682
37.57155125032216,0,0,1,1,0.5260017175045102,-0.4999999999999997,-0.8660254037844388
518.2247539779714,2,0,1,2,7.2551465556916,1.0,6.123233995736766e-17
619.8126800928567,0,1,0,1,8.677377521299993,-0.7071067811865477,0.7071067811865474
527.7052192785427,2,0,0,2,7.387873069899598,-0.9659258262890683,-0.25881904510252063
189.55853098364506,0,1,0,1,2.6538194337710306,-0.7071067811865477,0.7071067811865474
42.165819028808045,2,0,0,2,0.5903214664033126,-0.4999999999999997,-0.8660254037844388
58.17711439247802,0,0,0,1,0.8144796014946922,0.9659258262890683,-0.25881904510252063
53.07186217052873,2,1,0,2,0.7430060703874023,-0.7071067811865477,0.7071067811865474
230.67184868619182,1,0,1,0,3.2294058816066853,0.8660254037844387,-0.4999999999999998
539.0220324548418,2,0,0,2,7.546308454367785,-0.4999999999999997,-0.8660254037844388
224.5007262629962,0,0,0,1,3.143010167681947,-0.7071067811865471,-0.7071067811865479
304.41812206268946,1,0,0,0,4.261853708877652,-0.9659258262890684,0.2588190451025203
497.6074535747575,2,1,1,2,6.9665043500466055,0.49999999999999994,0.8660254037844387
177.26284387016807,1,1,0,0,2.481679814182353,0.8660254037844386,0.5000000000000001
616.395662209527,0,1,0,1,8.62953927093338,0.49999999999999994,0.8660254037844387
608.5769933495417,2,1,1,2,8.520077906893585,0.25881904510252074,0.9659258262890683
226.39995903751313,2,1,1,2,3.169599426525184,0.25881904510252074,0.9659258262890683
146.0438324765417,0,1,0,1,2.0446136546715836,0.7071067811865476,0.7071067811865476
375.50284835025633,2,1,0,2,5.257039876903589,0.49999999999999994,0.8660254037844387
187.44551034660554,0,0,0,1,2.624237144852478,0.8660254037844387,-0.4999999999999998
41.82006092787947,2,1,1,2,0.5854808529903125,-0.5000000000000004,0.8660254037844384
480.62295763413647,0,1,0,1,6.72872140687791,-0.7071067811865477,0.7071067811865474
468.96052970987444,2,0,1,2,6.565447415938243,0.258819045102521,-0.9659258262890682
277.99208867744096,0,1,1,1,3.8918892414841735,-0.25881904510252157,0.9659258262890681
22.684344328927978,1,0,0,0,0.3175808206049917,0.8660254037844387,-0.4999999999999998
28.685274780870486,1,0,1,0,0.4015938469321868,-1.0,-1.8369701987210297e-16
269.3012719154475,0,0,1,1,3.7702178068162646,0.258819045102521,-0.9659258262890682
160.0232137890942,2,0,0,2,2.240324993047319,-0.7071067811865471,-0.7071067811865479
188.60327221451053,0,1,1,1,2.6404458110031475,-0.5000000000000004,0.8660254037844384
433.95336791080064,2,1,1,2,6.075347150751209,0.0,1.0
381.97227713606037,2,0,0,2,5.3476118799048455,0.7071067811865476,-0.7071067811865475
498.06568248957035,2,1,0,2,6.972919554853985,-0.5000000000000004,0.8660254037844384
71.68781979209362,2,0,0,2,1.0036294770893108,0.7071067811865476,-0.7071067811865475
188.22551763639183,0,1,0,1,2.6351572469094853,0.7071067811865476,0.7071067811865476
386.6167051828203,0,0,0,1,5.412633872559484,0.49999999999999994,-0.8660254037844387
330.6541013823205,2,1,0,2,4.629157419352486,-0.7071067811865477,0.7071067811865474
525.8284688657719,2,0,0,2,7.361598564120807,0.49999999999999994,-0.8660254037844387
325.6966070627325,1,0,0,0,4.559752498878256,0.49999999999999994,-0.8660254037844387
582.6596387389994,2,1,0,2,8.157234942345992,-0.7071067811865477,0.7071067811865474
347.20320431016535,2,1,0,2,4.860844860342315,0.9659258262890683,0.25881904510252074
441.1901405659588,2,0,0,2,6.176661967923423,-0.4999999999999997,-0.8660254037844388
191.76730957879772,0,1,0,1,2.684742334103168,0.25881904510252074,0.9659258262890683
252.57169813911804,0,1,0,1,3.5360037739476526,-0.8660254037844386,0.5000000000000001
413.9699926911055,2,1,0,2,5.795579897675478,-0.5000000000000004,0.8660254037844384
540.3360707067498,2,1,1,2,7.564704989894497,-0.7071067811865477,0.7071067811865474
381.26265087593555,0,1,1,1,5.337677112263098,0.49999999999999994,0.8660254037844387
235.0290810517685,0,1,0,1,3.2904071347247585,0.8660254037844386,0.5000000000000001
497.9203053151015,2,1,0,2,6.9708842744114206,-0.25881904510252157,0.9659258262890681
144.55615813037855,1,0,0,0,2.0237862138252996,0.49999999999999994,-0.8660254037844387
6.002210271237232,2,1,0,2,0.08403094379732125,-0.8660254037844386,0.5000000000000001
372.69416026031,2,0,0,2,5.21771824364434,0.258819045102521,-0.9659258262890682
252.53950412556247,1,1,1,0,3.5355530577578747,0.49999999999999994,0.8660254037844387
358.9924572023497,2,0,0,2,5.025894400832896,0.8660254037844387,-0.4999999999999998
261.5933540377496,0,1,0,1,3.6623069565284943,0.49999999999999994,0.8660254037844387
352.7702250286971,2,1,0,2,4.938783150401759,0.25881904510252074,0.9659258262890683
103.40749222122568,2,1,0,2,1.4477048910971595,0.9659258262890683,0.25881904510252074
352.6874954943443,1,1,0,0,4.9376249369208205,-0.25881904510252157,0.9659258262890681
428.9946150773652,2,1,0,2,6.005924611083112,0.9659258262890683,0.25881904510252074
469.69910870762186,0,0,0,1,6.575787521906706,-0.8660254037844385,-0.5000000000000004
612.4397730367659,2,0,0,2,8.574156822514723,0.9659258262890683,-0.25881904510252063
293.9377198304296,2,1,0,2,4.115128077626014,0.0,1.0
299.3039956324922,2,0,0,2,4.19025593885489,0.9659258262890683,-0.25881904510252063
24.1710435512926,0,1,0,1,0.3383946097180964,-0.7071067811865477,0.7071067811865474
154.3459477950835,2,0,0,2,2.160843269131169,-0.4999999999999997,-0.8660254037844388
215.24522667880973,0,0,0,1,3.013433173503336,-0.9659258262890683,-0.25881904510252063
439.0575194097439,2,0,0,2,6.146805271736415,1.2246467991473532e-16,-1.0
140.01979766386677,1,0,0,0,1.9602771672941348,0.9659258262890683,-0.25881904510252063
393.34120355478984,2,0,0,2,5.506776849767058,-0.9659258262890684,0.2588190451025203
249.70809094659157,0,0,1,1,3.495913273252282,-0.9659258262890683,-0.25881904510252063
218.10973927934285,0,0,1,1,3.0535363499107997,1.2246467991473532e-16,-1.0
294.80091444398613,0,0,1,1,4.127212802215806,-0.2588190451025208,-0.9659258262890683
179.59185299448833,0,0,1,1,2.5142859419228367,-0.4999999999999997,-0.8660254037844388
172.7732953433202,0,1,0,1,2.418826134806483,0.9659258262890683,0.25881904510252074
56.86146304222058,0,1,0,1,0.7960604825910881,0.0,1.0
205.36824268097988,2,0,0,2,2.8751553975337183,1.0,6.123233995736766e-17
163.60573369322924,2,1,1,2,2.2904802717052095,0.0,1.0
157.12342191716567,1,0,0,0,2.1997279068403195,-0.4999999999999997,-0.8660254037844388
325.0371512662073,0,1,0,1,4.550520117726902,0.9659258262890683,0.25881904510252074
368.55375150229173,0,1,0,1,5.159752521032084,0.8660254037844386,0.5000000000000001
291.795010835619,2,0,0,2,4.085130151698666,0.258819045102521,-0.9659258262890682
429.1747342809054,2,1,1,2,6.008446279932675,0.49999999999999994,0.8660254037844387
353.6011466494657,2,1,1,2,4.95041605309252,-0.7071067811865477,0.7071067811865474
196.88988583498443,0,0,0,1,2.756458401689782,-0.9659258262890684,0.2588190451025203
166.68586857141165,2,0,0,2,2.333602159999763,-0.2588190451025208,-0.9659258262890683
306.30800261803233,2,1,0,2,4.288312036652453,0.9659258262890683,0.25881904510252074
353.27807978234216,2,1,0,2,4.94589311695279,0.7071067811865476,0.7071067811865476
501.6119752656697,2,0,1,2,7.022567653719376,-0.4999999999999997,-0.8660254037844388
464.41114808921725,0,0,0,1,6.501756073249042,-0.8660254037844385,-0.5000000000000004
152.53485882870956,2,1,0,2,2.135488023601934,0.8660254037844386,0.5000000000000001
231.6388695770929,0,1,0,1,3.2429441740793004,-0.25881904510252157,0.9659258262890681
370.7832048851986,2,1,0,2,5.19096486839278,0.9659258262890683,0.25881904510252074
442.23960005061497,2,0,1,2,6.191354400708609,0.7071067811865476,-0.7071067811865475
419.0145043668626,2,0,0,2,5.866203061136076,0.8660254037844387,-0.4999999999999998
238.5019900903576,2,1,0,2,3.339027861265006,0.7071067811865476,0.7071067811865476
24.275922562867038,2,0,1,2,0.3398629158801385,0.8660254037844387,-0.4999999999999998
70.19145227579358,2,0,1,2,0.98268033186111,0.9659258262890683,-0.25881904510252063
299.07403257749456,0,1,0,1,4.187036456084924,0.49999999999999994,0.8660254037844387
311.6006042963822,2,1,0,2,4.362408460149351,-0.7071067811865477,0.7071067811865474
52.2377127818107,0,0,0,1,0.7313279789453497,-0.9659258262890684,0.2588190451025203
258.0225299600689,0,1,1,1,3.6123154194409643,0.0,1.0
363.62038425492096,0,0,0,1,5.090685379568893,-0.9659258262890684,0.2588190451025203
42.779201648714064,2,1,1,2,0.5989088230819969,0.8660254037844386,0.5000000000000001
448.89949632479465,2,1,1,2,6.284592948547125,0.49999999999999994,0.8660254037844387
182.04439325923147,2,1,0,2,2.5486215056292405,0.7071067811865476,0.7071067811865476
476.3703602637972,2,1,0,2,6.669185043693161,-0.5000000000000004,0.8660254037844384
153.97855976033793,1,1,0,0,2.155699836644731,-0.25881904510252157,0.9659258262890681
65.20741308084777,2,0,1,2,0.9129037831318687,-1.0,-1.8369701987210297e-16
167.53534182849046,2,0,0,2,2.345494785598867,-0.4999999999999997,-0.8660254037844388
232.87333784608236,0,0,0,1,3.260226729845153,-1.0,-1.8369701987210297e-16
180.07361678113344,0,0,0,1,2.521030634935868,-0.7071067811865471,-0.7071067811865479
211.1197441168396,0,1,0,1,2.9556764176357544,-0.5000000000000004,0.8660254037844384
310.1137269417143,2,0,1,2,4.341592177184,0.9659258262890683,-0.25881904510252063
219.1877134366481,2,0,1,2,3.068627988113073,-0.2588190451025208,-0.9659258262890683
238.09976908863874,2,1,0,2,3.3333967672409424,0.8660254037844386,0.5000000000000001
57.6607518564673,2,1,0,2,0.8072505259905423,0.0,1.0
320.5056428818851,2,0,0,2,4.487079000346391,-1.0,-1.8369701987210297e-16
233.94340641549977,2,1,0,2,3.275207689816997,0.8660254037844386,0.5000000000000001
539.8527364869168,2,1,0,2,7.5579383108168345,0.49999999999999994,0.8660254037844387
80.87826989428751,2,0,0,2,1.1322957785200252,-0.8660254037844385,-0.5000000000000004
75.49315912991261,2,0,0,2,1.0569042278187768,1.0,6.123233995736766e-17
361.25232890740756,0,0,1,1,5.057532604703706,-0.8660254037844385,-0.5000000000000004
312.3748632963401,0,0,0,1,4.373248086148761,1.2246467991473532e-16,-1.0
68.48205630439375,0,1,0,1,0.9587487882615126,-0.7071067811865477,0.7071067811865474
25.35481190073648,2,1,1,2,0.3549673666103107,-0.7071067811865477,0.7071067811865474
526.7314115231723,2,0,0,2,7.374239761324412,-0.2588190451025208,-0.9659258262890683
504.53987030922076,2,1,0,2,7.063558184329091,-0.5000000000000004,0.8660254037844384
197.7422165671033,0,0,0,1,2.7683910319394465,0.258819045102521,-0.9659258262890682
167.51985473382985,0,0,1,1,2.345277966273618,0.49999999999999994,-0.8660254037844387
549.5545698611019,2,1,0,2,7.6937639780554266,0.0,1.0
164.30873959998394,1,1,1,0,2.3003223543997753,0.49999999999999994,0.8660254037844387
161.68979787520252,2,0,0,2,2.263657170252835,0.258819045102521,-0.9659258262890682
199.1033210267137,2,0,1,2,2.7874464943739916,0.8660254037844387,-0.4999999999999998
48.23854472173133,0,1,0,1,0.6753396261042386,0.25881904510252074,0.9659258262890683
56.85963396104796,0,0,0,1,0.7960348754546714,-0.2588190451025208,-0.9659258262890683
439.4585159322548,0,1,0,1,6.1524192230515675,0.8660254037844386,0.5000000000000001
81.72864312458165,0,1,1,1,1.1442010037441432,0.49999999999999994,0.8660254037844387
294.50886137957605,2,0,0,2,4.123124059314065,0.258819045102521,-0.9659258262890682
409.5843086963769,0,0,0,1,5.734180321749277,0.258819045102521,-0.9659258262890682
11.220733802208485,2,1,0,2,0.1570902732309188,-0.8660254037844386,0.5000000000000001
83.6316875328871,0,0,0,1,1.1708436254604193,1.0,6.123233995736766e-17
468.37225391048617,2,1,0,2,6.557211554746806,0.0,1.0
345.9205096408672,0,1,0,1,4.84288713497214,0.49999999999999994,0.8660254037844387
138.8885727618003,2,0,0,2,1.9444400186652042,0.49999999999999994,-0.8660254037844387
466.4048206050108,0,0,0,1,6.529667488470151,1.2246467991473532e-16,-1.0
467.17643022177447,2,1,0,2,6.5404700231048425,-0.7071067811865477,0.7071067811865474
298.4294847428273,0,1,0,1,4.178012786399583,-0.5000000000000004,0.8660254037844384
87.97115898274069,2,0,0,2,1.2315962257583697,0.7071067811865476,-0.7071067811865475
175.57923337507685,2,0,1,2,2.458109267251076,-1.0,-1.8369701987210297e-16
301.54961391197025,2,1,0,2,4.221694594767583,0.7071067811865476,0.7071067811865476
216.05293075345213,2,1,0,2,3.0247410305483298,-0.7071067811865477,0.7071067811865474
419.01229208227323,0,1,1,1,5.866172089151825,0.8660254037844386,0.5000000000000001
25.359334419680522,2,0,0,2,0.35503068187552733,0.49999999999999994,-0.8660254037844387
18.96743523192299,1,0,1,0,0.26554409324692185,0.8660254037844387,-0.4999999999999998
282.5568000668378,2,0,0,2,3.9557952009357296,1.2246467991473532e-16,-1.0
161.52200551475718,2,0,0,2,2.2613080772066003,-0.8660254037844385,-0.5000000000000004
137.13124935440663,0,0,0,1,1.9198374909616929,-0.4999999999999997,-0.8660254037844388
68.25020945139153,0,0,0,1,0.9555029323194814,1.2246467991473532e-16,-1.0
253.51825206367272,2,1,0,2,3.5492555288914183,-0.8660254037844386,0.5000000000000001
240.5040805598622,0,0,0,1,3.3670571278380708,0.49999999999999994,-0.8660254037844387
367.62621675131334,0,1,0,1,5.146767034518387,0.0,1.0
262.403103961775,2,0,0,2,3.67364345546485,0.9659258262890683,-0.25881904510252063
226.1312659167106,1,1,0,0,3.165837722833948,-0.5000000000000004,0.8660254037844384
461.86011462226065,1,1,0,0,6.4660416047116485,0.8660254037844386,0.5000000000000001
13.75588537926103,0,1,0,1,0.19258239530965443,-0.7071067811865477,0.7071067811865474
346.5500593925637,2,0,0,2,4.851700831495892,-0.7071067811865471,-0.7071067811865479
50.80648966316278,0,1,0,1,0.7112908552842789,0.7071067811865476,0.7071067811865476
99.09486159985462,2,0,0,2,1.3873280623979647,-1.0,-1.8369701987210297e-16
31.721716127803518,2,0,1,2,0.44410402578924923,-0.9659258262890683,-0.25881904510252063
390.7496563813453,2,1,0,2,5.470495189338834,-0.5000000000000004,0.8660254037844384
238.22615795282908,2,1,0,2,3.3351662113396072,0.25881904510252074,0.9659258262890683
247.56941597326417,0,0,0,1,3.4659718236256984,1.2246467991473532e-16,-1.0
50.78806220869882,0,0,0,1,0.7110328709217835,-0.7071067811865471,-0.7071067811865479
196.05517073207994,0,1,0,1,2.7447723902491195,-0.7071067811865477,0.7071067811865474
112.5762454043599,2,0,0,2,1.5760674356610385,0.9659258262890683,-0.25881904510252063
319.02190267375886,2,0,0,2,4.466306637432624,-1.0,-1.8369701987210297e-16
71.60359564030955,2,1,1,2,1.0024503389643338,0.49999999999999994,0.8660254037844387
489.36298573691363,1,0,1,0,6.85108180031679,-1.0,-1.8369701987210297e-16
51.604480932337026,2,0,0,2,0.7224627330527184,-0.8660254037844385,-0.5000000000000004
104.82643015781895,0,0,1,1,1.4675700222094652,0.8660254037844387,-0.4999999999999998
551.8960917938973,0,1,1,1,7.726545285114562,-0.8660254037844386,0.5000000000000001
171.6750253668338,2,1,0,2,2.403450355135673,-0.8660254037844386,0.5000000000000001
13.321840407205855,0,1,1,1,0.18650576570088195,-0.5000000000000004,0.8660254037844384
289.4328812567804,2,0,1,2,4.052060337594925,-0.8660254037844385,-0.5000000000000004
164.4293964013824,0,1,0,1,2.302011549619354,0.0,1.0
99.54335398870495,1,1,0,0,1.3936069558418693,0.7071067811865476,0.7071067811865476
52.74325405623088,2,1,0,2,0.7384055567872324,-0.5000000000000004,0.8660254037844384
748.3072490126698,2,0,0,2,10.476301486177377,-0.4999999999999997,-0.8660254037844388
204.72065796685547,0,0,0,1,2.8660892115359764,0.258819045102521,-0.9659258262890682
96.60212485991786,1,0,1,0,1.35242974803885,-0.8660254037844385,-0.5000000000000004
518.8677566209961,2,0,0,2,7.264148592693946,0.258819045102521,-0.9659258262890682
359.9927629199027,0,0,0,1,5.039898680878638,-0.7071067811865471,-0.7071067811865479
112.03604241643822,0,0,0,1,1.568504593830135,1.2246467991473532e-16,-1.0
82.0385640364945,0,0,0,1,1.148539896510923,0.49999999999999994,-0.8660254037844387
371.22510330848155,2,0,0,2,5.197151446318741,-0.4999999999999997,-0.8660254037844388
205.55470105189818,0,0,0,1,2.8777658147265748,-0.7071067811865471,-0.7071067811865479
96.67600732011823,1,1,0,0,1.3534641024816552,0.9659258262890683,0.25881904510252074
571.7031936288404,2,0,0,2,8.003844710803765,0.49999999999999994,-0.8660254037844387
171.88171680112774,2,0,0,2,2.4063440352157883,-0.4999999999999997,-0.8660254037844388
519.2029125668367,1,1,0,0,7.268840775935714,0.8660254037844386,0.5000000000000001
480.11829243382874,2,1,0,2,6.7216560940736025,0.49999999999999994,0.8660254037844387
69.81828199309345,0,1,1,1,0.9774559479033083,0.25881904510252074,0.9659258262890683
435.97417558536665,2,1,0,2,6.1036384581951335,0.0,1.0
132.74034102453737,2,0,1,2,1.858364774343523,-0.4999999999999997,-0.8660254037844388
86.00610562470956,0,1,1,1,1.2040854787459339,0.25881904510252074,0.9659258262890683
173.57233011601434,2,0,0,2,2.4300126216242006,-0.9659258262890684,0.2588190451025203
321.57475031973024,2,1,0,2,4.5020465044762235,0.9659258262890683,0.25881904510252074
166.70740336065916,2,0,0,2,2.3339036470492283,0.258819045102521,-0.9659258262890682
194.73129863348174,0,1,0,1,2.7262381808687444,-0.8660254037844386,0.5000000000000001
455.8418880871503,2,0,1,2,6.381786433220104,-0.7071067811865471,-0.7071067811865479
269.16891645221654,2,0,0,2,3.7683648303310315,-0.2588190451025208,-0.9659258262890683
98.20630396870857,1,1,0,0,1.37488825556192,0.7071067811865476,0.7071067811865476
376.36545826011877,2,0,0,2,5.269116415641663,0.9659258262890683,-0.25881904510252063
285.58160205176415,0,0,0,1,3.998142428724698,0.258819045102521,-0.9659258262890682
203.8888642631677,2,1,0,2,2.854444099684348,-0.5000000000000004,0.8660254037844384
327.1035244788608,0,0,0,1,4.57944934270405,-0.2588190451025208,-0.9659258262890683
320.52916738889826,2,0,0,2,4.487408343444575,-0.9659258262890684,0.2588190451025203
253.6218033245548,1,0,1,0,3.5507052465437674,1.2246467991473532e-16,-1.0
410.50610459252357,2,1,0,2,5.74708546429533,0.8660254037844386,0.5000000000000001
128.9691548212296,2,0,0,2,1.8055681674972146,0.258819045102521,-0.9659258262890682
310.56996198776216,2,0,0,2,4.34797946782867,0.7071067811865476,-0.7071067811865475
32.05268681012353,2,1,0,2,0.44873761534172946,-0.8660254037844386,0.5000000000000001
323.27626901178974,2,0,0,2,4.525867766165057,-1.0,-1.8369701987210297e-16
601.5507451971814,2,0,0,2,8.42171043276054,1.2246467991473532e-16,-1.0
70.92585655584259,0,0,0,1,0.9929619917817962,0.8660254037844387,-0.4999999999999998
113.23561624220045,2,0,0,2,1.5852986273908063,0.49999999999999994,-0.8660254037844387
122.1972202795206,2,1,0,2,1.7107610839132883,0.8660254037844386,0.5000000000000001
273.3996806442872,0,0,1,1,3.8275955290200203,1.2246467991473532e-16,-1.0
58.65347088633072,0,0,0,1,0.82114859240863,0.7071067811865476,-0.7071067811865475
325.82452816437643,2,0,1,2,4.56154339430127,-0.9659258262890683,-0.25881904510252063
402.43119018444975,2,0,1,2,5.634036662582297,-0.4999999999999997,-0.8660254037844388
346.1824984216812,2,0,0,2,4.846554977903537,-0.9659258262890684,0.2588190451025203
68.31477661485303,0,0,0,1,0.9564068726079424,0.258819045102521,-0.9659258262890682
429.13017972854914,0,1,0,1,6.007822516199688,0.7071067811865476,0.7071067811865476
418.7261345656624,2,1,1,2,5.862165883919273,0.8660254037844386,0.5000000000000001
399.42904702233477,0,0,0,1,5.592006658312687,0.9659258262890683,-0.25881904510252063
317.1116047580485,0,1,0,1,4.439562466612679,0.8660254037844386,0.5000000000000001
289.6340765569239,0,1,0,1,4.054877071796935,0.0,1.0
435.83009166275144,0,0,0,1,6.10162128327852,-0.9659258262890683,-0.25881904510252063
596.2324277686218,2,0,0,2,8.347253988760706,-1.0,-1.8369701987210297e-16
78.45271659432703,2,0,1,2,1.0983380323205783,-1.0,-1.8369701987210297e-16
444.0625712430589,2,0,0,2,6.216875997402825,0.7071067811865476,-0.7071067811865475
234.48092235865852,2,1,0,2,3.2827329130212193,-0.7071067811865477,0.7071067811865474
226.6588506348519,2,0,0,2,3.1732239088879264,0.8660254037844387,-0.4999999999999998
26.575524268766912,1,1,0,0,0.37205733976273675,0.0,1.0
198.7379062872289,2,1,0,2,2.7823306880212044,-0.7071067811865477,0.7071067811865474
70.49230756568522,2,0,0,2,0.9868923059195931,-0.9659258262890684,0.2588190451025203
166.50620268892976,2,1,0,2,2.3310868376450165,0.49999999999999994,0.8660254037844387
52.32645091993302,1,0,1,0,0.7325703128790624,1.2246467991473532e-16,-1.0
169.19649028365887,2,1,1,2,2.3687508639712243,0.9659258262890683,0.25881904510252074
176.90013573578742,2,1,0,2,2.4766019003010236,0.9659258262890683,0.25881904510252074
267.41588531898407,2,0,1,2,3.743822394465777,-0.9659258262890683,-0.25881904510252063
40.65497521243958,2,1,1,2,0.5691696529741541,0.8660254037844386,0.5000000000000001
10.193266594158217,1,0,0,0,0.14270573231821504,-0.8660254037844385,-0.5000000000000004
315.1445687314948,1,1,1,0,4.412023962240927,0.49999999999999994,0.8660254037844387
106.4611389273822,2,1,0,2,1.4904559449833508,0.8660254037844386,0.5000000000000001
443.4153622413876,1,1,0,0,6.207815071379426,0.49999999999999994,0.8660254037844387
290.5485499627084,0,1,0,1,4.067679699477918,-0.5000000000000004,0.8660254037844384
359.21718703715334,0,0,0,1,5.029040618520146,1.2246467991473532e-16,-1.0
503.92461767576106,2,0,0,2,7.054944647460655,-0.4999999999999997,-0.8660254037844388
194.25205387481694,2,0,0,2,2.719528754247437,-0.8660254037844385,-0.5000000000000004
146.59239302507038,2,0,0,2,2.0522935023509854,-0.4999999999999997,-0.8660254037844388
406.9064654077864,0,1,0,1,5.69669051570901,0.8660254037844386,0.5000000000000001
341.71244150734344,2,1,0,2,4.783974181102808,-0.7071067811865477,0.7071067811865474
216.28054423216585,2,0,0,2,3.027927619250322,-0.2588190451025208,-0.9659258262890683
500.4624340520696,2,0,0,2,7.006474076728975,0.49999999999999994,-0.8660254037844387
211.79602422881248,0,0,0,1,2.9651443392033747,-0.2588190451025208,-0.9659258262890683
255.89925476004066,2,0,0,2,3.5825895666405696,1.0,6.123233995736766e-17
253.82007715016653,0,1,0,1,3.5534810801023315,0.49999999999999994,0.8660254037844387
81.7730989182752,1,1,0,0,1.1448233848558527,-0.5000000000000004,0.8660254037844384
263.96537010755037,2,0,1,2,3.695515181505705,-0.9659258262890684,0.2588190451025203
501.41683193172844,0,0,0,1,7.019835647044197,0.7071067811865476,-0.7071067811865475
330.0942967677116,2,0,1,2,4.621320154747963,0.49999999999999994,-0.8660254037844387
255.59141675180766,0,1,0,1,3.5782798345253073,0.9659258262890683,0.25881904510252074
220.88188939017957,2,1,0,2,3.092346451462514,0.8660254037844386,0.5000000000000001
309.55606511314323,0,0,1,1,4.333784911584005,-0.9659258262890684,0.2588190451025203
384.9579931280533,0,1,0,1,5.389411903792746,-0.7071067811865477,0.7071067811865474
359.66298956015555,1,0,1,0,5.035281853842178,1.2246467991473532e-16,-1.0
190.26432487204374,0,0,0,1,2.6637005482086122,0.258819045102521,-0.9659258262890682
308.4606869398206,2,0,0,2,4.318449617157488,-1.0,-1.8369701987210297e-16
336.3891534066902,0,0,1,1,4.709448147693663,-1.0,-1.8369701987210297e-16
68.7049022451439,0,1,0,1,0.9618686314320146,-0.8660254037844386,0.5000000000000001
280.281497413065,0,1,0,1,3.92394096378291,0.8660254037844386,0.5000000000000001
139.03469953442516,2,0,0,2,1.9464857934819522,-0.9659258262890684,0.2588190451025203
336.85606776781333,1,1,0,0,4.715984948749386,-0.8660254037844386,0.5000000000000001
368.8617498212827,0,0,0,1,5.164064497497958,0.8660254037844387,-0.4999999999999998
384.5583026415627,0,1,1,1,5.383816236981878,0.7071067811865476,0.7071067811865476
178.89156660947785,2,0,0,2,2.50448193253269,-0.4999999999999997,-0.8660254037844388
305.6284303043263,0,1,1,1,4.278798024260568,0.49999999999999994,0.8660254037844387
506.31169219741,2,1,0,2,7.08836369076374,-0.5000000000000004,0.8660254037844384
504.4785366924266,0,0,1,1,7.062699513693972,1.0,6.123233995736766e-17
244.7489141392191,2,1,0,2,3.426484797949067,-0.25881904510252157,0.9659258262890681
275.0775335313208,0,0,1,1,3.851085469438491,-0.9659258262890684,0.2588190451025203
449.964006052198,1,0,0,0,6.299496084730772,-0.9659258262890684,0.2588190451025203
20.14436274719145,2,0,0,2,0.2820210784606803,-0.2588190451025208,-0.9659258262890683
191.84636631813558,1,0,0,0,2.6858491284538983,-0.2588190451025208,-0.9659258262890683
490.40268199661614,2,0,0,2,6.865637547952626,0.8660254037844387,-0.4999999999999998
425.5360975032579,0,1,0,1,5.95750536504561,-0.5000000000000004,0.8660254037844384
316.4674799769828,0,1,1,1,4.430544719677759,0.49999999999999994,0.8660254037844387
21.04983295951166,0,0,0,1,0.2946976614331633,0.8660254037844387,-0.4999999999999998
241.01615805259084,0,1,0,1,3.374226212736272,-0.8660254037844386,0.5000000000000001
143.81522867501207,0,1,1,1,2.013413201450169,0.7071067811865476,0.7071067811865476
309.5870025070984,2,0,0,2,4.3342180350993775,-0.8660254037844385,-0.5000000000000004
104.31759673692156,2,1,0,2,1.4604463543169017,0.9659258262890683,0.25881904510252074
65.36978890457067,0,0,1,1,0.9151770446639894,-0.7071067811865471,-0.7071067811865479
121.67574998305548,0,0,1,1,1.7034604997627767,-0.9659258262890683,-0.25881904510252063
469.9248432958062,0,0,0,1,6.578947806141287,1.2246467991473532e-16,-1.0
178.04130794024965,0,0,0,1,2.492578311163495,1.0,6.123233995736766e-17
278.2862410664562,2,1,0,2,3.8960073749303876,0.49999999999999994,0.8660254037844387
249.5971390346474,0,1,0,1,3.4943599464850634,0.9659258262890683,0.25881904510252074
57.86189206711012,2,1,1,2,0.8100664889395416,-0.25881904510252157,0.9659258262890681
23.368315939325214,2,1,0,2,0.327156423150553,0.49999999999999994,0.8660254037844387
69.04327732049762,2,0,0,2,0.9666058824869668,0.258819045102521,-0.9659258262890682
119.82968101070927,2,1,1,2,1.6776155341499297,0.8660254037844386,0.5000000000000001
315.9891244624849,2,1,1,2,4.423847742474788,-0.7071067811865477,0.7071067811865474
106.77082056628993,2,0,0,2,1.494791487928059,-0.8660254037844385,-0.5000000000000004
564.3683136870319,0,0,1,1,7.901156391618446,0.7071067811865476,-0.7071067811865475
434.8871864607672,2,0,0,2,6.088420610450741,1.0,6.123233995736766e-17
395.5047189398275,2,1,0,2,5.537066065157585,0.7071067811865476,0.7071067811865476
228.46139755483298,2,0,0,2,3.1984595657676618,0.7071067811865476,-0.7071067811865475
522.5705324296871,2,0,0,2,7.31598745401562,1.0,6.123233995736766e-17
210.7589863981977,2,1,1,2,2.9506258095747677,-0.5000000000000004,0.8660254037844384
244.3729454522357,2,0,0,2,3.4212212363313,0.49999999999999994,-0.8660254037844387
280.59541715486847,0,1,0,1,3.9283358401681583,-0.8660254037844386,0.5000000000000001
376.32814729780193,0,0,0,1,5.268594062169227,0.9659258262890683,-0.25881904510252063
364.64345422053736,0,0,0,1,5.105008359087523,0.9659258262890683,-0.25881904510252063
164.4774498799714,2,1,0,2,2.3026842983196,0.8660254037844386,0.5000000000000001
154.06113050332834,2,1,1,2,2.1568558270465967,0.8660254037844386,0.5000000000000001
365.1825322873752,0,0,0,1,5.112555452023253,1.0,6.123233995736766e-17
378.7425851004219,2,1,0,2,5.302396191405906,-0.7071067811865477,0.7071067811865474
179.1967975318829,2,1,0,2,2.5087551654463605,0.7071067811865476,0.7071067811865476
35.693852542121704,2,1,0,2,0.49971393558970384,0.25881904510252074,0.9659258262890683
212.68310271851598,2,1,0,2,2.9775634380592235,-0.25881904510252157,0.9659258262890681
362.2346437886546,2,0,0,2,5.071285013041164,-1.0,-1.8369701987210297e-16
574.9750323555605,2,1,1,2,8.049650452977847,0.25881904510252074,0.9659258262890683
34.36756677868084,0,0,0,1,0.48114593490153174,-0.7071067811865471,-0.7071067811865479
173.21717449049675,2,0,1,2,2.4250404428669543,0.258819045102521,-0.9659258262890682
179.90735892543222,0,0,0,1,2.5187030249560514,-0.4999999999999997,-0.8660254037844388
494.04496109767024,0,0,0,1,6.916629455367383,0.7071067811865476,-0.7071067811865475
243.7105299174461,0,1,1,1,3.4119474188442456,-0.5000000000000004,0.8660254037844384
86.6812193129922,0,1,1,1,1.2135370703818908,0.9659258262890683,0.25881904510252074
350.56515092592747,1,1,0,0,4.907912112962984,-0.25881904510252157,0.9659258262890681
177.16506639262965,2,0,1,2,2.4803109294968153,1.2246467991473532e-16,-1.0
29.610290795568204,2,1,0,2,0.4145440711379549,0.9659258262890683,0.25881904510252074
89.30080469029289,2,1,1,2,1.2502112656641005,-0.5000000000000004,0.8660254037844384
562.1275517960714,0,1,1,1,7.869785725145,0.25881904510252074,0.9659258262890683
319.1576598969032,0,0,0,1,4.468207238556645,-0.2588190451025208,-0.9659258262890683
269.39680998145775,2,0,0,2,3.7715553397404085,-0.9659258262890683,-0.25881904510252063
205.0191275538317,1,1,0,0,2.8702677857536436,0.9659258262890683,0.25881904510252074
302.5867915813838,2,0,0,2,4.236215082139373,-1.0,-1.8369701987210297e-16
300.44247028044896,1,0,0,0,4.206194583926285,-0.2588190451025208,-0.9659258262890683
302.5903890773187,2,0,0,2,4.236265447082462,1.2246467991473532e-16,-1.0
270.67211624999555,2,0,1,2,3.789409627499938,0.9659258262890683,-0.25881904510252063
406.38370089499887,2,1,1,2,5.689371812529984,0.8660254037844386,0.5000000000000001
254.1587822801316,2,0,1,2,3.558222951921842,1.2246467991473532e-16,-1.0
73.97100960052504,2,1,0,2,1.0355941344073505,0.9659258262890683,0.25881904510252074
139.76387963784373,2,1,0,2,1.9566943149298122,-0.7071067811865477,0.7071067811865474
106.22336482814819,0,0,0,1,1.4871271075940746,-1.0,-1.8369701987210297e-16
614.8270808876307,2,0,0,2,8.60757913242683,0.49999999999999994,-0.8660254037844387
405.29582655148363,2,0,0,2,5.674141571720771,-0.7071067811865471,-0.7071067811865479
100.58731087673735,0,1,0,1,1.408222352274323,0.8660254037844386,0.5000000000000001
199.26792710852203,0,0,1,1,2.789750979519308,0.258819045102521,-0.9659258262890682
135.362234642842,2,0,0,2,1.8950712849997882,-0.8660254037844385,-0.5000000000000004
527.658498047341,2,1,0,2,7.387218972662775,0.25881904510252074,0.9659258262890683
5.577889568767205,2,0,0,2,0.07809045396274086,0.7071067811865476,-0.7071067811865475
270.60569058738025,2,0,0,2,3.7884796682233235,-0.4999999999999997,-0.8660254037844388
230.46498833832737,0,0,0,1,3.226509836736583,-1.0,-1.8369701987210297e-16
398.8309535276406,2,0,0,2,5.583633349386968,-0.9659258262890684,0.2588190451025203
231.2783390095549,2,0,0,2,3.2378967461337687,-0.8660254037844385,-0.5000000000000004
66.47759779797832,0,0,0,1,0.9306863691716964,-1.0,-1.8369701987210297e-16
204.79878976436063,2,0,0,2,2.867183056701049,-1.0,-1.8369701987210297e-16
75.01080077020148,0,0,0,1,1.0501512107828208,1.2246467991473532e-16,-1.0
264.3243183801809,2,0,0,2,3.7005404573225325,1.2246467991473532e-16,-1.0
508.15186657365876,1,0,0,0,7.114126132031222,-0.7071067811865471,-0.7071067811865479
63.096543961810085,2,1,0,2,0.8833516154653411,-0.7071067811865477,0.7071067811865474
105.95990762801733,0,1,0,1,1.4834387067922425,-0.8660254037844386,0.5000000000000001
150.51526831897053,0,1,1,1,2.1072137564655873,0.49999999999999994,0.8660254037844387
181.30640282562194,2,1,0,2,2.538289639558707,0.7071067811865476,0.7071067811865476
383.22261953894395,0,0,1,1,5.365116673545216,1.0,6.123233995736766e-17
218.76200483895025,1,1,0,0,3.062668067745303,0.49999999999999994,0.8660254037844387
324.84449062968014,0,0,0,1,4.547822868815523,0.8660254037844387,-0.4999999999999998
137.36085212828027,0,0,1,1,1.9230519297959239,0.9659258262890683,-0.25881904510252063
291.38638217522873,0,0,0,1,4.079409350453202,-0.9659258262890683,-0.25881904510252063
390.0035735579887,2,1,0,2,5.460050029811843,-0.8660254037844386,0.5000000000000001
118.18608104732408,2,0,0,2,1.6546051346625372,-0.2588190451025208,-0.9659258262890683
390.6444615651726,0,0,0,1,5.469022461912417,-0.9659258262890684,0.2588190451025203
259.4270983709623,2,1,0,2,3.6319793771934723,0.8660254037844386,0.5000000000000001
438.18284328680545,0,1,0,1,6.134559806015276,0.49999999999999994,0.8660254037844387
213.74441798614475,1,0,0,0,2.9924218518060264,0.7071067811865476,-0.7071067811865475
318.6240379291778,2,0,0,2,4.460736531008489,0.49999999999999994,-0.8660254037844387
242.6908782978646,2,0,0,2,3.3976722961701045,-0.8660254037844385,-0.5000000000000004
232.68179283269578,0,0,0,1,3.257545099657741,0.9659258262890683,-0.25881904510252063
296.60747708062416,2,0,0,2,4.1525046791287386,0.8660254037844387,-0.4999999999999998
346.62534446048267,0,0,0,1,4.852754822446757,0.9659258262890683,-0.25881904510252063
25.078315853679072,2,0,0,2,0.35109642195150703,-0.9659258262890684,0.2588190451025203
508.054049587218,0,1,0,1,7.112756694221052,0.25881904510252074,0.9659258262890683
84.73934729896371,2,1,0,2,1.186350862185492,0.7071067811865476,0.7071067811865476
126.73382024699873,0,0,0,1,1.7742734834579823,-0.7071067811865471,-0.7071067811865479
233.03156726231788,2,0,1,2,3.2624419416724506,0.8660254037844387,-0.4999999999999998
324.2240744354707,0,0,0,1,4.5391370420965895,0.8660254037844387,-0.4999999999999998
533.7110549934482,2,1,1,2,7.471954769908275,-0.8660254037844386,0.5000000000000001
84.49246788051931,0,1,0,1,1.1828945503272703,0.8660254037844386,0.5000000000000001
158.6150568898521,0,1,0,1,2.2206107964579296,0.49999999999999994,0.8660254037844387
132.83002780386778,2,0,0,2,1.859620389254149,-0.2588190451025208,-0.9659258262890683
255.6919553038446,2,0,0,2,3.579687374253824,-0.4999999999999997,-0.8660254037844388
298.90304521000553,2,1,0,2,4.184642632940077,0.9659258262890683,0.25881904510252074
536.3432335908255,0,0,1,1,7.508805270271558,-0.7071067811865471,-0.7071067811865479
271.71425696082173,0,1,0,1,3.803999597451504,-0.5000000000000004,0.8660254037844384
437.92452329962833,2,0,1,2,6.130943326194797,0.7071067811865476,-0.7071067811865475
355.0906746770306,2,0,0,2,4.971269445478429,-0.2588190451025208,-0.9659258262890683
171.6553245390697,2,0,0,2,2.4031745435469762,0.258819045102521,-0.9659258262890682
5.0,0,0,0,1,0.07,0.8660254037844387,-0.4999999999999998
299.50041369252597,2,1,0,2,4.193005791695364,-0.5000000000000004,0.8660254037844384
18.578363086165496,1,0,0,0,0.2600970832063169,-1.0,-1.8369701987210297e-16
483.1372730805359,2,0,0,2,6.763921823127503,0.258819045102521,-0.9659258262890682
220.8288216333717,0,0,0,1,3.0916035028672035,1.2246467991473532e-16,-1.0
465.13193407205495,2,1,1,2,6.5118470770087695,-0.5000000000000004,0.8660254037844384
163.56140185616812,2,0,1,2,2.2898596259863533,1.2246467991473532e-16,-1.0
298.3931415521786,0,0,0,1,4.1775039817305,-0.8660254037844385,-0.5000000000000004
287.682794320244,0,1,0,1,4.027559120483416,0.25881904510252074,0.9659258262890683
241.8920587580337,1,0,1,0,3.386488822612472,-0.9659258262890684,0.2588190451025203
172.12128758861343,2,1,0,2,2.4096980262405876,-0.5000000000000004,0.8660254037844384
320.64208332469366,2,0,0,2,4.488989166545711,0.8660254037844387,-0.4999999999999998
83.29061257302251,0,1,0,1,1.1660685760223153,-0.8660254037844386,0.5000000000000001
32.30164078736942,0,0,0,1,0.4522229710231719,0.9659258262890683,-0.25881904510252063
473.708840798829,2,0,0,2,6.631923771183605,1.0,6.123233995736766e-17
380.8902380005781,2,1,0,2,5.332463332008094,0.8660254037844386,0.5000000000000001
261.86048954840317,2,0,1,2,3.6660468536776443,-1.0,-1.8369701987210297e-16
549.7256288578807,0,1,1,1,7.69615880401033,0.49999999999999994,0.8660254037844387
201.80220662952792,2,0,0,2,2.8252308928133907,1.2246467991473532e-16,-1.0
488.0865795980163,2,1,0,2,6.833212114372229,0.9659258262890683,0.25881904510252074
281.6033352866479,2,0,0,2,3.9424466940130705,0.49999999999999994,-0.8660254037844387
65.54486498624976,2,1,1,2,0.9176281098074967,0.7071067811865476,0.7071067811865476
582.647234518753,2,1,0,2,8.157061283262541,0.49999999999999994,0.8660254037844387
428.3279523923353,2,1,1,2,5.996591333492694,0.7071067811865476,0.7071067811865476
228.2162144182784,2,1,0,2,3.1950270018558977,0.49999999999999994,0.8660254037844387
380.89082671611084,0,0,1,1,5.3324715740255515,1.2246467991473532e-16,-1.0
177.33338188037678,2,0,0,2,2.482667346325275,-0.4999999999999997,-0.8660254037844388
399.24682631071755,2,0,1,2,5.589455568350045,0.258819045102521,-0.9659258262890682
180.39414175111273,0,0,0,1,2.525517984515578,-0.4999999999999997,-0.8660254037844388
66.43575993497313,0,0,1,1,0.9301006390896239,0.49999999999999994,-0.8660254037844387
426.2667539716533,2,0,1,2,5.967734555603147,0.49999999999999994,-0.8660254037844387
205.0620031205945,2,0,1,2,2.8708680436883234,1.2246467991473532e-16,-1.0
287.35761307997353,2,0,0,2,4.0230065831196296,0.258819045102521,-0.9659258262890682
7.57858081922177,0,1,0,1,0.10610013146910478,0.9659258262890683,0.25881904510252074
582.6160592263785,1,1,0,0,8.1566248291693,-0.5000000000000004,0.8660254037844384
464.2953358691818,0,0,1,1,6.500134702168545,-0.9659258262890684,0.2588190451025203
213.87666069244065,0,0,1,1,2.994273249694169,-1.0,-1.8369701987210297e-16
177.15474576460127,0,0,0,1,2.4801664407044175,-1.0,-1.8369701987210297e-16
435.32878505554476,2,1,0,2,6.094602990777626,0.49999999999999994,0.8660254037844387
606.844681030407,2,0,1,2,8.495825534425698,-0.7071067811865471,-0.7071067811865479
421.6768460460437,0,0,0,1,5.903475844644612,0.8660254037844387,-0.4999999999999998
640.9244801313883,1,0,0,0,8.972942721839438,-0.2588190451025208,-0.9659258262890683
83.97676076885477,2,1,0,2,1.1756746507639668,0.49999999999999994,0.8660254037844387
102.51037051021768,0,1,0,1,1.4351451871430476,0.49999999999999994,0.8660254037844387
35.990598750397226,2,1,1,2,0.5038683825055612,-0.25881904510252157,0.9659258262890681
329.5169169369063,2,0,1,2,4.613236837116688,-0.9659258262890684,0.2588190451025203
281.6086389647866,2,0,0,2,3.9425209455070127,1.0,6.123233995736766e-17
222.64879777504254,2,0,1,2,3.1170831688505953,-1.0,-1.8369701987210297e-16
395.66655306219377,0,1,1,1,5.539331742870712,-0.25881904510252157,0.9659258262890681
471.8191489386395,2,1,0,2,6.605468085140953,0.49999999999999994,0.8660254037844387
24.619233671631548,0,1,0,1,0.34466927140284165,-0.8660254037844386,0.5000000000000001
142.54503497779922,0,1,0,1,1.995630489689189,0.0,1.0
397.6258469421508,1,0,0,0,5.566761857190111,0.258819045102521,-0.9659258262890682
165.80703690545522,2,1,0,2,2.321298516676373,-0.8660254037844386,0.5000000000000001
106.32290625553227,2,1,0,2,1.4885206875774517,0.9659258262890683,0.25881904510252074
433.33673697707104,2,0,1,2,6.066714317678994,1.0,6.123233995736766e-17
17.889987449683588,1,1,0,0,0.25045982429557023,0.25881904510252074,0.9659258262890683
195.7156345976011,1,0,1,0,2.7400188843664153,-0.9659258262890683,-0.25881904510252063
309.15592464486554,2,0,1,2,4.328182945028117,-0.4999999999999997,-0.8660254037844388
146.7124154961786,0,0,0,1,2.0539738169465003,-0.4999999999999997,-0.8660254037844388
390.9680180823715,2,0,0,2,5.4735522531532,0.7071067811865476,-0.7071067811865475
147.60214446447358,0,0,1,1,2.06643002250263,-0.8660254037844385,-0.5000000000000004
503.55150882026544,2,0,0,2,7.049721123483716,-0.9659258262890683,-0.25881904510252063
227.36566645076093,0,0,0,1,3.183119330310653,-0.9659258262890683,-0.25881904510252063
370.8286246069636,2,0,0,2,5.1916007444974905,-0.4999999999999997,-0.8660254037844388
384.2843115369069,0,1,0,1,5.379980361516696,-0.5000000000000004,0.8660254037844384
137.0427995060669,0,1,0,1,1.9185991930849366,0.9659258262890683,0.25881904510252074
119.62757875805994,0,0,0,1,1.6747861026128392,0.8660254037844387,-0.4999999999999998
314.9360358394903,2,0,0,2,4.409104501752864,0.49999999999999994,-0.8660254037844387
263.0119024824765,2,0,0,2,3.682166634754671,-0.4999999999999997,-0.8660254037844388
350.04868496352293,2,1,0,2,4.900681589489321,-0.5000000000000004,0.8660254037844384
209.22505497108915,2,1,0,2,2.9291507695952483,0.49999999999999994,0.8660254037844387
172.52301421587114,2,0,0,2,2.415322199022196,-1.0,-1.8369701987210297e-16
611.525141976706,1,1,0,0,8.561351987673882,0.0,1.0
15.023731071940006,0,1,1,1,0.21033223500716008,-0.25881904510252157,0.9659258262890681
382.1110861055629,2,0,0,2,5.34955520547788,-0.8660254037844385,-0.5000000000000004
146.5716655269896,2,0,0,2,2.0520033173778542,0.49999999999999994,-0.8660254037844387
189.55984880672403,2,0,0,2,2.6538378832941367,-0.9659258262890683,-0.25881904510252063
192.92149013668617,0,0,1,1,2.7009008619136066,0.49999999999999994,-0.8660254037844387
105.38183064917371,2,0,0,2,1.475345629088432,1.0,6.123233995736766e-17
352.8203578425231,1,1,0,0,4.939485009795323,0.0,1.0
500.3158472709923,2,0,0,2,7.004421861793892,0.258819045102521,-0.9659258262890682
334.6024590243991,1,1,0,0,4.684434426341587,0.7071067811865476,0.7071067811865476
268.60875931817714,0,0,1,1,3.76052263045448,0.9659258262890683,-0.25881904510252063
72.44071016213562,2,0,0,2,1.0141699422698986,-0.4999999999999997,-0.8660254037844388
343.02854784840116,1,0,1,0,4.802399669877617,0.49999999999999994,-0.8660254037844387
638.1429337112738,2,0,0,2,8.934001071957834,0.9659258262890683,-0.25881904510252063
181.47496771688336,0,0,0,1,2.540649548036367,0.258819045102521,-0.9659258262890682
182.3229557166641,2,1,0,2,2.5525213800332973,0.49999999999999994,0.8660254037844387
149.00395642342048,0,1,0,1,2.0860553899278864,-0.8660254037844386,0.5000000000000001
161.90543779100432,0,1,0,1,2.2666761290740607,0.7071067811865476,0.7071067811865476
244.1539196610292,0,0,0,1,3.4181548752544084,0.258819045102521,-0.9659258262890682
322.9063694540283,0,0,0,1,4.520689172356397,0.9659258262890683,-0.25881904510252063
97.80060825616951,2,1,0,2,1.3692085155863731,-0.5000000000000004,0.8660254037844384
39.847361382524014,2,1,0,2,0.5578630593553362,-0.5000000000000004,0.8660254037844384
385.5741909518588,2,0,0,2,5.398038673326023,0.7071067811865476,-0.7071067811865475
55.23679869245149,2,1,1,2,0.7733151816943208,-0.5000000000000004,0.8660254037844384
189.03957030092363,0,1,0,1,2.646553984212931,0.0,1.0
513.9596304139444,2,0,1,2,7.195434825795221,1.2246467991473532e-16,-1.0
5.0,1,0,0,0,0.07,1.0,6.123233995736766e-17
25.867682227597186,0,0,0,1,0.3621475511863606,-0.9659258262890684,0.2588190451025203
298.4751141212209,0,1,1,1,4.178651597697092,0.49999999999999994,0.8660254037844387
456.9077255218663,2,0,0,2,6.396708157306128,-0.7071067811865471,-0.7071067811865479
33.38150919175331,0,0,0,1,0.46734112868454636,0.258819045102521,-0.9659258262890682
323.38415263069186,1,1,0,0,4.527378136829686,0.8660254037844386,0.5000000000000001
354.57991719310456,2,0,1,2,4.964118840703464,-0.9659258262890683,-0.25881904510252063
120.64888706461767,0,0,0,1,1.6890844189046474,0.9659258262890683,-0.25881904510252063
393.73024082329965,0,0,0,1,5.512223371526195,0.258819045102521,-0.9659258262890682
407.7890583715923,2,1,1,2,5.709046817202292,-0.8660254037844386,0.5000000000000001
193.87859681391555,2,1,0,2,2.7143003553948177,0.49999999999999994,0.8660254037844387
475.4223452136415,2,0,0,2,6.655912832990981,-0.7071067811865471,-0.7071067811865479
454.5620033784721,2,0,0,2,6.3638680472986096,0.7071067811865476,-0.7071067811865475
268.5612266290969,2,1,0,2,3.7598571728073567,-0.5000000000000004,0.8660254037844384
168.73982974151193,2,0,0,2,2.362357616381167,-0.8660254037844385,-0.5000000000000004
74.89097933506773,2,0,1,2,1.048473710690948,0.7071067811865476,-0.7071067811865475
243.23856831408557,2,1,0,2,3.405339956397198,0.49999999999999994,0.8660254037844387
352.5566055467522,1,1,0,0,4.935792477654531,0.25881904510252074,0.9659258262890683
191.64816501268456,2,0,0,2,2.683074310177584,-0.2588190451025208,-0.9659258262890683
145.55018094716536,1,0,1,0,2.037702533260315,0.8660254037844387,-0.4999999999999998
478.36850102378264,2,0,0,2,6.697159014332957,-0.8660254037844385,-0.5000000000000004
284.2401799320809,2,1,0,2,3.979362519049132,0.7071067811865476,0.7071067811865476
181.6675905981699,2,1,0,2,2.543346268374379,-0.7071067811865477,0.7071067811865474
404.2885099161919,2,0,0,2,5.660039138826687,-0.4999999999999997,-0.8660254037844388
524.434947366896,2,0,1,2,7.342089263136544,1.2246467991473532e-16,-1.0
254.34408250782047,0,1,0,1,3.5608171551094867,-0.5000000000000004,0.8660254037844384
328.1674569859729,2,0,0,2,4.594344397803621,-1.0,-1.8369701987210297e-16
6.7968579458624845,0,0,0,1,0.09515601124207479,0.8660254037844387,-0.4999999999999998
339.83989122380945,0,1,1,1,4.757758477133332,0.7071067811865476,0.7071067811865476
273.0268964274243,2,1,0,2,3.82237654998394,-0.8660254037844386,0.5000000000000001
364.43077475929897,2,0,1,2,5.102030846630186,0.9659258262890683,-0.25881904510252063
160.13542939096206,0,0,0,1,2.2418960114734685,-0.4999999999999997,-0.8660254037844388
87.18322012744733,2,0,1,2,1.2205650817842624,-0.2588190451025208,-0.9659258262890683
168.93372557379973,2,1,0,2,2.3650721580331964,0.49999999999999994,0.8660254037844387
323.23257432516095,1,1,0,0,4.525256040552254,-0.25881904510252157,0.9659258262890681
432.7706191615402,2,0,1,2,6.058788668261562,-0.8660254037844385,-0.5000000000000004
39.070365914945484,0,0,1,1,0.5469851228092368,0.9659258262890683,-0.25881904510252063
434.87087683714316,1,0,0,0,6.088192275720004,-0.2588190451025208,-0.9659258262890683
133.38298786362617,2,0,0,2,1.8673618300907664,1.2246467991473532e-16,-1.0
315.2409786870148,2,0,0,2,4.413373701618207,-0.4999999999999997,-0.8660254037844388
158.2190884841861,2,0,1,2,2.2150672387786052,0.49999999999999994,-0.8660254037844387
282.7907129881783,2,0,0,2,3.9590699818344963,-0.4999999999999997,-0.8660254037844388
410.53797422264944,2,0,1,2,5.747531639117092,0.258819045102521,-0.9659258262890682
29.137466088063547,0,1,0,1,0.4079245252328897,-0.25881904510252157,0.9659258262890681
127.61693858557034,2,1,0,2,1.7866371401979848,-0.7071067811865477,0.7071067811865474
283.2932657215756,2,1,0,2,3.9661057201020586,-0.8660254037844386,0.5000000000000001
682.2850589854634,1,0,0,0,9.551990825796487,0.8660254037844387,-0.4999999999999998
94.62585180997095,0,1,0,1,1.3247619253395932,-0.7071067811865477,0.7071067811865474
617.2240994794454,0,0,1,1,8.641137392712235,-0.4999999999999997,-0.8660254037844388
610.7961946615308,2,1,0,2,8.55114672526143,0.0,1.0
232.4839928737136,0,0,0,1,3.2547759002319903,0.258819045102521,-0.9659258262890682
196.33254528401795,2,1,1,2,2.7486556339762513,0.9659258262890683,0.25881904510252074
125.42826424035549,2,1,1,2,1.7559956993649768,0.0,1.0
237.72354454011958,2,1,1,2,3.328129623561674,-0.7071067811865477,0.7071067811865474
5.0,0,0,1,1,0.07,-1.0,-1.8369701987210297e-16
236.27697688229244,2,1,0,2,3.3078776763520943,-0.7071067811865477,0.7071067811865474
519.4384492931541,2,0,0,2,7.272138290104158,1.2246467991473532e-16,-1.0
140.00468875419082,2,1,0,2,1.9600656425586716,0.9659258262890683,0.25881904510252074
206.66962528197087,2,0,1,2,2.893374753947592,-0.8660254037844385,-0.5000000000000004
56.205285368103546,0,0,0,1,0.7868739951534497,1.2246467991473532e-16,-1.0
317.3311758635878,0,0,0,1,4.442636462090229,0.8660254037844387,-0.4999999999999998
297.6067032912473,0,0,1,1,4.166493846077462,0.9659258262890683,-0.25881904510252063
261.46642475783875,2,0,0,2,3.6605299466097425,-0.4999999999999997,-0.8660254037844388
210.9711309600142,2,0,0,2,2.9535958334401986,-0.9659258262890683,-0.25881904510252063
197.30357462095816,2,1,0,2,2.762250044693414,0.25881904510252074,0.9659258262890683
340.34204206612094,2,1,0,2,4.764788588925693,-0.8660254037844386,0.5000000000000001
244.8130117140478,2,1,0,2,3.4273821639966693,0.25881904510252074,0.9659258262890683
306.6949368799598,0,0,0,1,4.2937291163194375,0.49999999999999994,-0.8660254037844387
288.69690714181866,2,1,1,2,4.041756699985461,0.0,1.0
452.21691167723714,2,0,1,2,6.33103676348132,-0.9659258262890683,-0.25881904510252063
371.85893752750974,2,1,0,2,5.206025125385136,-0.8660254037844386,0.5000000000000001
284.71513176703434,2,0,0,2,3.986011844738481,1.0,6.123233995736766e-17
523.3159655173924,2,1,0,2,7.326423517243494,-0.8660254037844386,0.5000000000000001
325.64833523018103,1,0,1,0,4.559076693222535,-0.8660254037844385,-0.5000000000000004
484.8932839822754,0,0,0,1,6.788505975751856,-0.7071067811865471,-0.7071067811865479
359.2496695095948,1,0,0,0,5.029495373134328,1.0,6.123233995736766e-17
81.54543420767772,2,1,0,2,1.141636078907488,-0.7071067811865477,0.7071067811865474
484.87025739747935,2,0,1,2,6.788183603564711,1.0,6.123233995736766e-17
274.3317234416804,2,1,0,2,3.8406441281835257,0.25881904510252074,0.9659258262890683
240.64814123785996,2,1,0,2,3.3690739773300393,0.8660254037844386,0.5000000000000001
300.64270254812385,0,0,0,1,4.208997835673734,-0.2588190451025208,-0.9659258262890683
187.90303084772788,2,0,0,2,2.63064243186819,0.9659258262890683,-0.25881904510252063
290.86519487001016,2,0,0,2,4.072112728180143,0.258819045102521,-0.9659258262890682
143.46230805824337,2,0,1,2,2.008472312815407,1.0,6.123233995736766e-17
479.3690065721866,2,1,0,2,6.711166092010612,0.9659258262890683,0.25881904510252074
229.55413954821094,0,0,0,1,3.213757953674953,1.2246467991473532e-16,-1.0
181.134908309962,2,1,1,2,2.535888716339468,-0.7071067811865477,0.7071067811865474
83.5133531705307,2,0,1,2,1.1691869443874299,0.258819045102521,-0.9659258262890682
298.37964204675546,2,0,0,2,4.177314988654576,-0.8660254037844385,-0.5000000000000004
283.67927802251654,2,0,0,2,3.9715098923152317,-0.7071067811865471,-0.7071067811865479
319.91643046195117,0,1,0,1,4.478830026467316,0.0,1.0
65.09466024907681,0,0,1,1,0.9113252434870753,1.0,6.123233995736766e-17
38.21261578608312,1,1,0,0,0.5349766210051636,0.49999999999999994,0.8660254037844387
362.60643445118075,0,1,0,1,5.076490082316531,0.9659258262890683,0.25881904510252074
517.2355351377714,2,1,0,2,7.2412974919288,-0.8660254037844386,0.5000000000000001
65.2563479698187,0,1,0,1,0.9135888715774618,0.49999999999999994,0.8660254037844387
536.0994310411057,2,1,0,2,7.505392034575481,-0.7071067811865477,0.7071067811865474
301.1039905725486,2,1,1,2,4.21545586801568,0.49999999999999994,0.8660254037844387
248.72867718085064,0,0,0,1,3.4822014805319093,0.9659258262890683,-0.25881904510252063
178.44123462175997,2,0,0,2,2.4981772847046395,-0.2588190451025208,-0.9659258262890683
5.0,1,1,1,0,0.07,-0.5000000000000004,0.8660254037844384
427.7911328664279,2,0,0,2,5.989075860129991,0.8660254037844387,-0.4999999999999998
110.39085494123145,0,1,1,1,1.5454719691772403,0.8660254037844386,0.5000000000000001
109.63479836723195,0,0,0,1,1.5348871771412473,-0.4999999999999997,-0.8660254037844388
428.54673577965184,0,0,0,1,5.999654300915125,-0.8660254037844385,-0.5000000000000004
88.9370204009108,0,0,0,1,1.2451182856127512,0.7071067811865476,-0.7071067811865475
24.24760592027002,0,0,0,1,0.3394664828837803,0.9659258262890683,-0.25881904510252063
246.7358361685453,2,0,0,2,3.454301706359634,-0.9659258262890683,-0.25881904510252063
302.79119722087336,2,1,0,2,4.239076761092226,0.9659258262890683,0.25881904510252074
337.2522366344063,2,0,0,2,4.721531312881688,-0.8660254037844385,-0.5000000000000004
195.6762711886745,0,1,0,1,2.739467796641443,-0.7071067811865477,0.7071067811865474
705.4665403555041,2,1,0,2,9.876531564977057,0.7071067811865476,0.7071067811865476
208.97933942214985,0,1,0,1,2.9257107519100978,-0.8660254037844386,0.5000000000000001
208.45849262151,2,0,0,2,2.91841889670114,-0.4999999999999997,-0.8660254037844388
106.54239961350206,2,0,0,2,1.4915935945890286,0.7071067811865476,-0.7071067811865475
272.3032269737928,0,1,1,1,3.8122451776330992,-0.5000000000000004,0.8660254037844384
360.69302176841944,2,0,0,2,5.049702304757872,1.2246467991473532e-16,-1.0
466.6440498160228,2,1,1,2,6.533016697424319,-0.7071067811865477,0.7071067811865474
18.07116759923923,2,1,0,2,0.25299634638934926,0.0,1.0
205.72083909597384,1,1,1,0,2.880091747343634,-0.7071067811865477,0.7071067811865474
330.40664994564594,0,1,1,1,4.625693099239044,-0.7071067811865477,0.7071067811865474
355.6703562270164,2,0,0,2,4.979384987178229,0.8660254037844387,-0.4999999999999998
251.17875840481707,2,1,0,2,3.516502617667439,0.8660254037844386,0.5000000000000001
347.63631451577834,2,0,0,2,4.866908403220896,0.49999999999999994,-0.8660254037844387
104.38649927335592,0,1,1,1,1.4614109898269831,-0.7071067811865477,0.7071067811865474
530.4229778173042,0,1,0,1,7.425921689442259,-0.7071067811865477,0.7071067811865474
428.6730585362973,2,1,1,2,6.001422819508162,-0.5000000000000004,0.8660254037844384
7.912998328268969,2,1,0,2,0.11078197659576557,-0.8660254037844386,0.5000000000000001
56.48145133898399,2,1,0,2,0.7907403187457758,-0.8660254037844386,0.5000000000000001
61.5540849807569,0,1,1,1,0.8617571897305966,0.7071067811865476,0.7071067811865476
372.0345947613751,0,0,0,1,5.208484326659252,-0.9659258262890684,0.2588190451025203
18.7490020448559,2,0,0,2,0.2624860286279826,-0.7071067811865471,-0.7071067811865479
190.41561984254548,2,1,0,2,2.6658186777956367,-0.25881904510252157,0.9659258262890681
331.8467913550194,2,0,1,2,4.645855078970271,-0.9659258262890683,-0.25881904510252063
238.09013178164176,1,0,0,0,3.3332618449429847,0.9659258262890683,-0.25881904510252063
296.599752828287,2,1,0,2,4.152396539596019,0.25881904510252074,0.9659258262890683
58.155511957223524,0,0,0,1,0.8141771674011293,-0.8660254037844385,-0.5000000000000004
357.07378721150405,0,0,0,1,4.999033020961057,0.7071067811865476,-0.7071067811865475
139.62185935432063,2,0,1,2,1.954706030960489,1.2246467991473532e-16,-1.0
191.56845860837058,2,0,0,2,2.681958420517188,-0.4999999999999997,-0.8660254037844388
292.7917110230775,2,0,1,2,4.099083954323085,0.8660254037844387,-0.4999999999999998
268.55407987555265,0,0,0,1,3.759757118257737,0.9659258262890683,-0.25881904510252063
254.31640342280673,0,1,0,1,3.5604296479192943,0.9659258262890683,0.25881904510252074
114.88717204418398,0,1,0,1,1.6084204086185758,0.7071067811865476,0.7071067811865476
196.0811059841454,2,0,0,2,2.7451354837780357,-0.9659258262890683,-0.25881904510252063
250.39304635066648,2,1,0,2,3.5055026489093306,-0.25881904510252157,0.9659258262890681
5.0,1,1,1,0,0.07,0.49999999999999994,0.8660254037844387
166.74406606359182,0,1,0,1,2.3344169248902853,0.7071067811865476,0.7071067811865476
319.78237822591234,2,1,0,2,4.476953295162772,-0.8660254037844386,0.5000000000000001
20.061411307838313,1,0,0,0,0.28085975830973636,1.2246467991473532e-16,-1.0
458.1846972869631,0,0,1,1,6.4145857620174835,-0.9659258262890684,0.2588190451025203
478.5303872679717,0,0,0,1,6.699425421751605,0.49999999999999994,-0.8660254037844387
25.872896327184606,0,0,0,1,0.3622205485805845,0.9659258262890683,-0.25881904510252063
494.3715339490251,0,0,1,1,6.9212014752863515,-0.2588190451025208,-0.9659258262890683
224.1553140318158,0,0,0,1,3.138174396445421,-0.2588190451025208,-0.9659258262890683
325.3326206482699,2,0,0,2,4.554656689075778,-0.7071067811865471,-0.7071067811865479
160.6028106169156,2,0,1,2,2.2484393486368184,-0.2588190451025208,-0.9659258262890683
416.1480689008171,1,1,1,0,5.8260729646114395,0.0,1.0
323.09692339276006,2,1,0,2,4.523356927498641,0.25881904510252074,0.9659258262890683
103.45241381243136,2,0,0,2,1.448333793374039,-0.9659258262890684,0.2588190451025203
40.26364000624807,2,1,0,2,0.563690960087473,0.0,1.0
12.854438337660099,2,0,0,2,0.17996213672724137,0.49999999999999994,-0.8660254037844387
283.82951975789615,0,1,1,1,3.9736132766105463,0.9659258262890683,0.25881904510252074
353.04485412035245,1,0,1,0,4.942627957684935,-0.4999999999999997,-0.8660254037844388
367.17382218029945,2,0,0,2,5.1404335105241925,0.258819045102521,-0.9659258262890682
228.763402970672,2,1,1,2,3.202687641589408,0.8660254037844386,0.5000000000000001
41.740637980414505,2,1,0,2,0.5843689317258032,-0.5000000000000004,0.8660254037844384
127.22653635571906,0,0,0,1,1.7811715089800668,0.258819045102521,-0.9659258262890682
457.4227550131466,0,1,0,1,6.403918570184053,-0.7071067811865477,0.7071067811865474
162.76685837198534,2,0,1,2,2.2787360172077946,-0.2588190451025208,-0.9659258262890683
275.8151735226657,0,0,0,1,3.86141242931732,-0.2588190451025208,-0.9659258262890683
56.382912956520244,0,0,0,1,0.7893607813912834,-1.0,-1.8369701987210297e-16
310.5849481826263,0,1,1,1,4.348189274556768,0.8660254037844386,0.5000000000000001
167.61677889776598,1,1,1,0,2.346634904568724,0.49999999999999994,0.8660254037844387
438.40828847963746,2,0,0,2,6.137716038714924,-0.9659258262890683,-0.25881904510252063
389.2403871172264,0,1,0,1,5.44936541964117,0.9659258262890683,0.25881904510252074
160.77292961651807,2,0,0,2,2.2508210146312533,0.8660254037844387,-0.4999999999999998
227.2004750774206,0,0,0,1,3.1808066510838886,1.0,6.123233995736766e-17
150.79907679268683,0,1,0,1,2.111187075097616,-0.8660254037844386,0.5000000000000001
5.497975378101756,0,0,0,1,0.07697165529342459,-0.9659258262890683,-0.25881904510252063
95.660362681501,0,1,0,1,1.3392450775410139,0.25881904510252074,0.9659258262890683
285.6791189897476,2,0,0,2,3.9995076658564668,-0.9659258262890684,0.2588190451025203
308.5467096813247,2,0,1,2,4.319653935538547,0.7071067811865476,-0.7071067811865475
276.738622646675,1,0,0,0,3.87434071705345,0.258819045102521,-0.9659258262890682
195.68805028744555,1,1,0,0,2.739632704024238,0.25881904510252074,0.9659258262890683
417.95198902977734,2,0,1,2,5.851327846416883,1.2246467991473532e-16,-1.0
261.4375428209687,2,0,1,2,3.6601255994935618,0.9659258262890683,-0.25881904510252063
376.58568905727054,2,1,1,2,5.272199646801788,-0.5000000000000004,0.8660254037844384
69.27952379645336,0,0,0,1,0.9699133331503471,1.0,6.123233995736766e-17
456.03204529130164,0,1,1,1,6.384448634078224,0.49999999999999994,0.8660254037844387
301.0818450108544,2,1,0,2,4.215145830151961,-0.5000000000000004,0.8660254037844384
6.4578176698681204,2,0,0,2,0.09040944737815369,0.9659258262890683,-0.25881904510252063
211.7586935116499,0,1,0,1,2.9646217091630986,-0.8660254037844386,0.5000000000000001
195.62253261557098,0,1,0,1,2.7387154566179936,0.0,1.0
535.7321084347966,2,0,0,2,7.500249518087152,-0.4999999999999997,-0.8660254037844388
321.99937952984914,0,1,0,1,4.507991313417888,0.0,1.0
279.85462482376107,2,0,0,2,3.917964747532655,0.258819045102521,-0.9659258262890682
400.6584078340612,2,0,0,2,5.609217709676857,0.49999999999999994,-0.8660254037844387
316.329565631027,0,0,1,1,4.428613918834378,-0.7071067811865471,-0.7071067811865479
167.61814126208205,0,1,1,1,2.3466539776691486,0.7071067811865476,0.7071067811865476
442.86566744582075,0,1,0,1,6.20011934424149,0.25881904510252074,0.9659258262890683
50.244976980110636,0,1,0,1,0.7034296777215489,-0.5000000000000004,0.8660254037844384
308.1844937560412,0,1,1,1,4.3145829125845765,0.49999999999999994,0.8660254037844387
28.562562944536012,2,1,1,2,0.39987588122350415,0.7071067811865476,0.7071067811865476
286.70989435287913,2,0,0,2,4.013938520940308,-0.9659258262890683,-0.25881904510252063
284.7381355191273,2,0,0,2,3.986333897267782,0.258819045102521,-0.9659258262890682
551.7618931446393,2,1,0,2,7.72466650402495,-0.25881904510252157,0.9659258262890681
31.6953008195203,0,1,1,1,0.4437342114732842,0.0,1.0
141.84030834631375,1,1,0,0,1.9857643168483923,0.49999999999999994,0.8660254037844387
398.0828367833459,2,1,0,2,5.573159714966843,0.7071067811865476,0.7071067811865476
310.3571061515154,2,1,1,2,4.344999486121216,0.9659258262890683,0.25881904510252074
282.45490924075057,0,0,0,1,3.954368729370508,-0.8660254037844385,-0.5000000000000004
77.89557346746295,2,0,0,2,1.0905380285444812,0.9659258262890683,-0.25881904510252063
143.65269734354274,0,0,0,1,2.0111377628095983,-0.9659258262890683,-0.25881904510252063
474.1073814801862,0,0,0,1,6.637503340722606,-0.7071067811865471,-0.7071067811865479
240.72834512429296,0,1,0,1,3.3701968317401017,-0.8660254037844386,0.5000000000000001
317.5647453060052,2,1,0,2,4.445906434284073,0.9659258262890683,0.25881904510252074
229.2661008202338,2,1,1,2,3.209725411483273,-0.25881904510252157,0.9659258262890681
37.04460725504225,0,0,0,1,0.5186245015705915,-1.0,-1.8369701987210297e-16
418.08587669349936,0,1,1,1,5.853202273708991,-0.8660254037844386,0.5000000000000001
340.5818292158493,2,0,1,2,4.768145609021891,0.9659258262890683,-0.25881904510252063
665.0146307260941,0,1,0,1,9.310204830165318,0.7071067811865476,0.7071067811865476
67.19535166290188,2,0,1,2,0.9407349232806264,0.8660254037844387,-0.4999999999999998
398.0631258160865,0,0,0,1,5.572883761425211,0.9659258262890683,-0.25881904510252063
13.922086113339788,2,1,0,2,0.19490920558675703,-0.8660254037844386,0.5000000000000001
278.32238218115396,1,0,0,0,3.8965133505361553,-1.0,-1.8369701987210297e-16
425.7711860313696,2,1,1,2,5.9607966044391745,0.0,1.0
122.98432089736764,2,1,1,2,1.721780492563147,-0.8660254037844386,0.5000000000000001
213.11215463651058,2,1,0,2,2.983570164911148,-0.8660254037844386,0.5000000000000001
148.62224787232833,2,1,0,2,2.0807114702125964,0.7071067811865476,0.7071067811865476
123.64768630687806,0,0,1,1,1.7310676082962928,0.7071067811865476,-0.7071067811865475
319.33827740668374,1,0,0,0,4.470735883693573,0.9659258262890683,-0.25881904510252063
451.72342715606715,2,1,0,2,6.324127980184939,0.49999999999999994,0.8660254037844387
226.009831258752,2,0,1,2,3.164137637622528,0.258819045102521,-0.9659258262890682
286.98755696080366,0,0,0,1,4.017825797451251,0.8660254037844387,-0.4999999999999998
270.5755755506646,0,1,0,1,3.788058057709305,0.49999999999999994,0.8660254037844387
250.32463114415455,0,1,0,1,3.5045448360181637,0.7071067811865476,0.7071067811865476
53.91832521182087,2,1,1,2,0.7548565529654923,0.9659258262890683,0.25881904510252074
449.5200283101207,2,0,0,2,6.29328039634169,0.8660254037844387,-0.4999999999999998
303.13516626859047,0,1,0,1,4.243892327760266,0.25881904510252074,0.9659258262890683
321.078668200464,2,1,0,2,4.495101354806495,0.25881904510252074,0.9659258262890683
104.8282667753952,0,0,0,1,1.467595734855533,-0.9659258262890683,-0.25881904510252063
167.3403283619367,2,1,1,2,2.342764597067114,-0.8660254037844386,0.5000000000000001
218.2958444120599,0,1,0,1,3.0561418217688385,-0.7071067811865477,0.7071067811865474
26.142444820793287,2,1,0,2,0.365994227491106,0.49999999999999994,0.8660254037844387
53.846178535582055,0,1,0,1,0.7538464994981487,0.49999999999999994,0.8660254037844387
141.86537248505778,2,0,1,2,1.9861152147908088,-0.9659258262890683,-0.25881904510252063
344.0537379596302,0,1,1,1,4.816752331434823,0.9659258262890683,0.25881904510252074
132.43526981261064,2,1,0,2,1.8540937773765491,0.0,1.0
66.61506443367156,0,0,1,1,0.9326109020714018,-0.4999999999999997,-0.8660254037844388
103.35658241721936,0,0,0,1,1.446992153841071,0.49999999999999994,-0.8660254037844387
168.03836383384373,0,0,0,1,2.352537093673812,0.7071067811865476,-0.7071067811865475
186.30538669238132,0,1,0,1,2.6082754136933386,0.7071067811865476,0.7071067811865476
639.7938613971802,0,0,1,1,8.957114059560523,-0.2588190451025208,-0.9659258262890683
439.8317131277173,0,1,0,1,6.157643983788042,0.25881904510252074,0.9659258262890683
434.45934021071105,2,0,0,2,6.082430762949954,1.2246467991473532e-16,-1.0
460.34446556920864,0,0,0,1,6.4448225179689205,-0.7071067811865471,-0.7071067811865479
70.2122435198711,2,0,0,2,0.9829714092781954,0.258819045102521,-0.9659258262890682
29.974369302296964,2,1,1,2,0.41964117023215747,-0.7071067811865477,0.7071067811865474
50.76334752386978,2,1,0,2,0.7106868653341769,0.8660254037844386,0.5000000000000001
490.2111040008108,2,0,0,2,6.862955456011351,-1.0,-1.8369701987210297e-16
151.50547800115163,0,1,0,1,2.1210766920161226,0.49999999999999994,0.8660254037844387
24.75588719692837,0,1,0,1,0.3465824207569972,-0.8660254037844386,0.5000000000000001
172.42068396043368,0,0,1,1,2.4138895754460714,-0.9659258262890684,0.2588190451025203
207.05100429136706,2,1,0,2,2.898714060079139,-0.8660254037844386,0.5000000000000001
298.3143892650212,2,1,0,2,4.176401449710296,0.25881904510252074,0.9659258262890683
295.17118372816776,2,0,1,2,4.132396572194349,-0.8660254037844385,-0.5000000000000004
100.92749850276854,2,1,0,2,1.4129849790387596,-0.8660254037844386,0.5000000000000001
373.41815065246794,2,0,0,2,5.227854109134552,0.49999999999999994,-0.8660254037844387
134.94516392497155,2,1,0,2,1.8892322949496017,0.0,1.0
221.87025939309225,2,0,0,2,3.1061836315032916,-1.0,-1.8369701987210297e-16
373.6193326906039,0,0,0,1,5.230670657668455,0.9659258262890683,-0.25881904510252063
134.47214729001854,0,0,0,1,1.8826100620602597,0.49999999999999994,-0.8660254037844387
147.51674375539523,1,0,0,0,2.065234412575533,0.9659258262890683,-0.25881904510252063
356.5002489447636,1,0,0,0,4.991003485226691,-0.8660254037844385,-0.5000000000000004
95.6080282110965,0,0,0,1,1.3385123949553508,-0.9659258262890684,0.2588190451025203
180.7374357512673,2,1,0,2,2.5303241005177424,0.9659258262890683,0.25881904510252074
350.0335920477206,0,0,1,1,4.900470288668089,1.0,6.123233995736766e-17
619.7366394584756,0,1,1,1,8.676312952418659,-0.8660254037844386,0.5000000000000001
358.9728108572944,2,0,0,2,5.0256193520021215,1.2246467991473532e-16,-1.0
335.0751573382021,2,0,0,2,4.691052202734829,1.0,6.123233995736766e-17
345.54428506109133,0,0,0,1,4.837619990855279,0.49999999999999994,-0.8660254037844387
56.82575066793112,2,0,0,2,0.7955605093510356,0.7071067811865476,-0.7071067811865475
270.8074129623834,0,0,1,1,3.791303781473368,0.9659258262890683,-0.25881904510252063
244.64203209944768,0,0,0,1,3.4249884493922673,0.7071067811865476,-0.7071067811865475
307.8852172670961,2,1,1,2,4.310393041739346,-0.7071067811865477,0.7071067811865474
270.97144944565673,2,0,1,2,3.7936002922391943,0.49999999999999994,-0.8660254037844387
318.34594193508025,2,0,1,2,4.456843187091123,-0.9659258262890684,0.2588190451025203
193.9359049181437,2,0,0,2,2.715102668854012,-0.8660254037844385,-0.5000000000000004
260.5496051269227,2,0,1,2,3.647694471776918,0.49999999999999994,-0.8660254037844387
28.990858109741424,0,0,1,1,0.4058720135363799,-0.7071067811865471,-0.7071067811865479
192.41668995947552,2,1,0,2,2.6938336594326575,0.8660254037844386,0.5000000000000001
500.3500386717958,2,0,1,2,7.00490054140514,0.7071067811865476,-0.7071067811865475
307.38550113308605,2,0,1,2,4.3033970158632044,-0.9659258262890684,0.2588190451025203
246.23421327104617,1,1,0,0,3.447278985794646,0.8660254037844386,0.5000000000000001
591.3021897257825,2,0,0,2,8.278230656160956,-0.9659258262890684,0.2588190451025203
5.049703905805757,2,0,1,2,0.07069585468128059,0.8660254037844387,-0.4999999999999998
50.298000019680444,0,1,1,1,0.7041720002755262,0.49999999999999994,0.8660254037844387
558.2880540297291,0,1,0,1,7.816032756416207,0.49999999999999994,0.8660254037844387
258.2729684888081,2,0,0,2,3.6158215588433134,0.7071067811865476,-0.7071067811865475
206.33505346783713,0,0,1,1,2.88869074854972,1.0,6.123233995736766e-17
34.14322148278421,2,1,1,2,0.478005100758979,0.25881904510252074,0.9659258262890683
330.58532795110216,2,0,0,2,4.62819459131543,0.9659258262890683,-0.25881904510252063
348.0027765149432,2,0,0,2,4.872038871209204,0.258819045102521,-0.9659258262890682
52.99101504971867,2,1,0,2,0.7418742106960614,-0.7071067811865477,0.7071067811865474
224.7503946009229,0,0,1,1,3.1465055244129205,0.8660254037844387,-0.4999999999999998
189.6071502340481,2,0,1,2,2.6545001032766735,0.49999999999999994,-0.8660254037844387
296.07588635537877,2,0,0,2,4.145062408975303,-1.0,-1.8369701987210297e-16
48.5349564002841,0,0,0,1,0.6794893896039774,-0.9659258262890684,0.2588190451025203
475.3505418123683,0,1,1,1,6.654907585373157,-0.5000000000000004,0.8660254037844384
414.8482806875688,2,0,0,2,5.807875929625963,-0.8660254037844385,-0.5000000000000004
184.62839942809308,0,0,1,1,2.5847975919933033,1.2246467991473532e-16,-1.0
211.04463190509318,2,1,0,2,2.9546248466713045,0.0,1.0
225.4440129500291,0,1,1,1,3.1562161813004077,0.0,1.0
109.90446045882939,0,0,0,1,1.5386624464236116,0.9659258262890683,-0.25881904510252063
170.18270471769358,1,0,0,0,2.3825578660477102,1.2246467991473532e-16,-1.0
201.35133381857037,2,1,0,2,2.818918673459985,0.9659258262890683,0.25881904510252074
540.3163067272831,2,1,0,2,7.564428294181963,0.49999999999999994,0.8660254037844387
420.3912954994786,2,0,0,2,5.885478136992701,-0.7071067811865471,-0.7071067811865479
418.2378473205922,2,0,0,2,5.855329862488291,0.7071067811865476,-0.7071067811865475
316.58661034079023,2,0,1,2,4.432212544771064,1.0,6.123233995736766e-17
48.88113839237778,1,1,0,0,0.6843359374932888,-0.7071067811865477,0.7071067811865474
242.53160117607175,2,1,1,2,3.3954424164650043,-0.8660254037844386,0.5000000000000001
424.6879227304084,2,1,0,2,5.945630918225717,0.49999999999999994,0.8660254037844387
23.512366713888184,0,0,0,1,0.3291731339944346,-0.2588190451025208,-0.9659258262890683
364.57957723718755,2,0,1,2,5.104114081320626,-0.7071067811865471,-0.7071067811865479
668.0696605472979,0,1,0,1,9.35297524766217,0.7071067811865476,0.7071067811865476
441.12699627815175,2,0,0,2,6.175777947894125,1.2246467991473532e-16,-1.0
504.5252444011577,2,1,0,2,7.063353421616208,0.0,1.0
289.3009750795889,2,1,1,2,4.050213651114245,0.8660254037844386,0.5000000000000001
424.22775077769813,2,0,0,2,5.939188510887774,-0.9659258262890683,-0.25881904510252063
120.78642141627361,1,0,0,0,1.6910098998278307,0.258819045102521,-0.9659258262890682
393.2554862214207,2,0,1,2,5.5055768070998905,0.49999999999999994,-0.8660254037844387
367.7898641309374,2,0,0,2,5.149058097833124,0.8660254037844387,-0.4999999999999998
302.18401132677934,2,0,0,2,4.230576158574911,1.0,6.123233995736766e-17
486.8813355493297,2,0,0,2,6.8163386976906155,-0.2588190451025208,-0.9659258262890683
153.01872918747006,0,1,0,1,2.142262208624581,-0.25881904510252157,0.9659258262890681
216.32964703474073,2,1,0,2,3.0286150584863702,0.49999999999999994,0.8660254037844387
267.1831674444934,0,0,0,1,3.7405643442229075,-0.7071067811865471,-0.7071067811865479
64.6700252039079,1,0,0,0,0.9053803528547105,1.0,6.123233995736766e-17
290.8477498840446,0,1,1,1,4.071868498376625,0.0,1.0
59.40747433169247,1,1,0,0,0.8317046406436945,0.9659258262890683,0.25881904510252074
438.4518161970776,2,1,1,2,6.138325426759087,0.9659258262890683,0.25881904510252074
258.3947259818738,2,0,0,2,3.6175261637462337,0.7071067811865476,-0.7071067811865475
156.2392772973226,2,0,0,2,2.187349882162516,0.258819045102521,-0.9659258262890682
99.81274978687813,0,1,1,1,1.3973784970162937,-0.7071067811865477,0.7071067811865474
207.77577466854623,1,0,0,0,2.908860845359647,-1.0,-1.8369701987210297e-16
373.8867479390344,2,1,0,2,5.234414471146481,0.9659258262890683,0.25881904510252074
348.59301617276094,0,0,1,1,4.880302226418653,-0.2588190451025208,-0.9659258262890683
123.00316948987702,2,1,0,2,1.7220443728582784,0.49999999999999994,0.8660254037844387
97.71285892702579,0,0,0,1,1.3679800249783611,0.7071067811865476,-0.7071067811865475
368.24176713753656,2,0,0,2,5.155384739925512,0.8660254037844387,-0.4999999999999998
119.9774671692947,1,1,1,0,1.679684540370126,-0.5000000000000004,0.8660254037844384
260.7837593343106,0,0,1,1,3.6509726306803487,-0.9659258262890684,0.2588190451025203
272.27583565436987,2,0,1,2,3.811861699161178,-1.0,-1.8369701987210297e-16
306.1711837108129,2,1,1,2,4.28639657195138,-0.7071067811865477,0.7071067811865474
404.48867743273695,2,0,0,2,5.662841484058317,-0.4999999999999997,-0.8660254037844388
22.666671363881903,2,0,0,2,0.31733339909434666,0.8660254037844387,-0.4999999999999998
94.00867854688778,2,0,1,2,1.316121499656429,-1.0,-1.8369701987210297e-16
147.8594893788967,0,0,1,1,2.070032851304554,0.9659258262890683,-0.25881904510252063
574.2751134097934,0,1,0,1,8.039851587737108,-0.7071067811865477,0.7071067811865474
613.9913380157282,2,1,0,2,8.595878732220193,0.7071067811865476,0.7071067811865476
579.6118844018597,2,1,0,2,8.114566381626036,0.8660254037844386,0.5000000000000001
215.26335380307586,0,0,1,1,3.013686953243062,-1.0,-1.8369701987210297e-16
70.78071475726921,0,0,0,1,0.9909300066017689,-0.2588190451025208,-0.9659258262890683
171.74703829733136,2,0,0,2,2.404458536162639,-0.9659258262890683,-0.25881904510252063
139.473130921106,0,0,0,1,1.952623832895484,-1.0,-1.8369701987210297e-16
214.34674657311518,2,1,0,2,3.0008544520236127,0.9659258262890683,0.25881904510252074
484.11257219007257,2,1,0,2,6.777576010661016,0.8660254037844386,0.5000000000000001
406.20498271764023,2,0,0,2,5.686869758046964,0.49999999999999994,-0.8660254037844387
290.9329142184917,2,1,0,2,4.073060799058884,-0.25881904510252157,0.9659258262890681
89.82794123059449,2,1,0,2,1.257591177228323,0.8660254037844386,0.5000000000000001
77.05967951591975,1,0,1,0,1.0788355132228766,0.9659258262890683,-0.25881904510252063
295.7429836728584,0,1,0,1,4.140401771420017,0.8660254037844386,0.5000000000000001
375.4691761911508,0,0,0,1,5.256568466676111,0.49999999999999994,-0.8660254037844387
320.5386272042052,2,0,0,2,4.487540780858874,1.2246467991473532e-16,-1.0
63.772367270802135,2,1,0,2,0.89281314179123,0.9659258262890683,0.25881904510252074
367.1201731825755,0,1,0,1,5.1396824245560575,0.8660254037844386,0.5000000000000001
326.66397407825406,2,0,0,2,4.5732956370955575,-0.9659258262890683,-0.25881904510252063
57.280046885767916,2,0,0,2,0.8019206564007508,0.7071067811865476,-0.7071067811865475
108.82222534595397,2,0,0,2,1.5235111548433555,-0.7071067811865471,-0.7071067811865479
373.92927542108197,0,1,0,1,5.2350098558951474,-0.7071067811865477,0.7071067811865474
207.7886436737396,2,0,0,2,2.9090410114323544,-0.2588190451025208,-0.9659258262890683
536.0465142945623,2,1,0,2,7.504651200123871,-0.5000000000000004,0.8660254037844384
340.20326969162375,0,0,0,1,4.762845775682732,-0.4999999999999997,-0.8660254037844388
162.40638612593153,2,1,1,2,2.2736894057630415,0.49999999999999994,0.8660254037844387
248.1629919296321,2,1,1,2,3.4742818870148495,0.49999999999999994,0.8660254037844387
261.4090106747893,2,0,0,2,3.65972614944705,0.258819045102521,-0.9659258262890682
118.88974361649221,2,1,1,2,1.664456410630891,-0.5000000000000004,0.8660254037844384
85.7341243280272,0,0,1,1,1.200277740592381,-0.4999999999999997,-0.8660254037844388
376.2501808857099,2,0,0,2,5.267502532399938,0.49999999999999994,-0.8660254037844387
402.1491934675772,2,0,1,2,5.630088708546081,0.7071067811865476,-0.7071067811865475
358.68066451953257,0,0,0,1,5.021529303273456,-0.9659258262890684,0.2588190451025203
522.7572569782843,0,0,1,1,7.318601597695981,-0.4999999999999997,-0.8660254037844388
152.48081751791165,0,0,1,1,2.134731445250763,-0.9659258262890683,-0.25881904510252063
551.3687378928034,2,0,0,2,7.719162330499248,-0.2588190451025208,-0.9659258262890683
87.8341986602525,2,1,0,2,1.229678781243535,0.9659258262890683,0.25881904510252074
67.7165985936713,1,0,1,0,0.9480323803113984,-0.2588190451025208,-0.9659258262890683
66.79259878686503,0,0,0,1,0.9350963830161104,-0.7071067811865471,-0.7071067811865479
169.75684351117292,2,1,0,2,2.3765958091564205,0.25881904510252074,0.9659258262890683
159.32997937069834,2,0,0,2,2.2306197111897768,-1.0,-1.8369701987210297e-16
344.66871044583706,2,1,0,2,4.825361946241719,0.8660254037844386,0.5000000000000001
293.90036949168115,1,0,1,0,4.114605172883536,0.49999999999999994,-0.8660254037844387
35.264793216555375,2,0,0,2,0.4937071050317753,0.49999999999999994,-0.8660254037844387
179.30927708335284,2,1,0,2,2.5103298791669397,-0.8660254037844386,0.5000000000000001
183.13683620421662,2,0,1,2,2.5639157068590324,-1.0,-1.8369701987210297e-16
69.67680445314068,0,0,0,1,0.9754752623439694,-0.9659258262890683,-0.25881904510252063
73.4295891375935,0,0,0,1,1.028014247926309,0.9659258262890683,-0.25881904510252063
111.25354648946393,2,1,0,2,1.557549650852495,-0.5000000000000004,0.8660254037844384
508.0525035677704,0,0,1,1,7.112735049948785,0.258819045102521,-0.9659258262890682
284.46112887232346,1,0,0,0,3.982455804212528,0.8660254037844387,-0.4999999999999998
369.1903757105499,2,1,0,2,5.168665259947699,0.49999999999999994,0.8660254037844387
19.754389486858145,2,1,0,2,0.276561452816014,0.9659258262890683,0.25881904510252074
464.9586069425185,2,1,0,2,6.509420497195259,-0.8660254037844386,0.5000000000000001
484.1983713443367,0,1,0,1,6.7787771988207135,-0.8660254037844386,0.5000000000000001
109.70209408603267,0,1,1,1,1.5358293172044573,-0.25881904510252157,0.9659258262890681
123.04298969514733,0,1,0,1,1.7226018557320626,0.0,1.0
339.23780314279185,0,0,0,1,4.749329243999085,-0.8660254037844385,-0.5000000000000004
365.9899216368728,2,1,0,2,5.123858902916219,0.49999999999999994,0.8660254037844387
127.87094851230009,1,0,1,0,1.7901932791722013,-0.9659258262890683,-0.25881904510252063
195.0100966503425,2,0,1,2,2.730141353104795,-0.9659258262890683,-0.25881904510252063
142.4714090118743,2,1,0,2,1.99459972616624,0.25881904510252074,0.9659258262890683
269.8752484503015,0,1,1,1,3.778253478304221,0.7071067811865476,0.7071067811865476
465.49213566314427,0,1,0,1,6.51688989928402,0.0,1.0
111.21241171458317,2,0,0,2,1.5569737640041643,0.7071067811865476,-0.7071067811865475
430.1476895983145,0,1,1,1,6.022067654376403,0.8660254037844386,0.5000000000000001
109.29902697756023,1,1,0,0,1.530186377685843,0.8660254037844386,0.5000000000000001
97.42710175056084,2,0,0,2,1.3639794245078518,0.8660254037844387,-0.4999999999999998
397.3470313017784,1,0,0,0,5.562858438224898,-0.2588190451025208,-0.9659258262890683
415.94854804137105,2,1,1,2,5.823279672579195,-0.8660254037844386,0.5000000000000001
403.2537886172778,2,0,1,2,5.6455530406418895,1.2246467991473532e-16,-1.0
13.156466520734597,2,0,0,2,0.18419053129028434,1.2246467991473532e-16,-1.0
166.12882394703087,0,1,0,1,2.325803535258432,-0.25881904510252157,0.9659258262890681
398.13794656059787,0,1,0,1,5.573931251848371,0.0,1.0
257.477531301501,2,0,1,2,3.604685438221014,-0.8660254037844385,-0.5000000000000004
56.73528768445644,2,0,1,2,0.7942940275823901,-0.9659258262890684,0.2588190451025203
332.49722904257953,0,0,0,1,4.654961206596114,0.9659258262890683,-0.25881904510252063
121.33469338153532,2,1,0,2,1.6986857073414945,0.49999999999999994,0.8660254037844387
573.0144727105982,0,0,0,1,8.022202617948375,-0.8660254037844385,-0.5000000000000004
528.0714632352865,0,0,0,1,7.393000485294011,0.258819045102521,-0.9659258262890682
358.7375367440021,2,0,1,2,5.022325514416029,-0.9659258262890683,-0.25881904510252063
494.98120685855923,1,0,0,0,6.929736896019829,-0.2588190451025208,-0.9659258262890683
261.6624430222086,2,0,0,2,3.6632742023109204,0.49999999999999994,-0.8660254037844387
387.77874898750287,1,0,1,0,5.4289024858250405,-0.7071067811865471,-0.7071067811865479
515.9896531543735,0,1,0,1,7.223855144161229,0.7071067811865476,0.7071067811865476
294.1897627229763,0,0,0,1,4.118656678121668,-0.9659258262890683,-0.25881904510252063
204.06630912742895,2,0,1,2,2.8569283277840056,1.0,6.123233995736766e-17
56.83195247188087,0,0,0,1,0.7956473346063322,0.49999999999999994,-0.8660254037844387
235.0359653701311,2,0,0,2,3.290503515181835,-0.7071067811865471,-0.7071067811865479
398.2161732212161,2,0,0,2,5.5750264250970245,-0.7071067811865471,-0.7071067811865479
420.21401696217333,2,1,0,2,5.882996237470427,0.49999999999999994,0.8660254037844387
340.78571182931375,0,1,0,1,4.770999965610393,-0.5000000000000004,0.8660254037844384
152.56616290679682,2,1,0,2,2.1359262806951556,-0.25881904510252157,0.9659258262890681
105.8278824105663,0,0,0,1,1.4815903537479282,0.8660254037844387,-0.4999999999999998
160.86128235914768,0,0,0,1,2.2520579530280673,0.9659258262890683,-0.25881904510252063
195.21792321028875,2,0,1,2,2.7330509249440422,1.0,6.123233995736766e-17
193.67278590579747,0,0,0,1,2.711419002681165,-0.8660254037844385,-0.5000000000000004
361.3401442560264,2,0,1,2,5.05876201958437,0.49999999999999994,-0.8660254037844387
607.4217539826711,0,1,1,1,8.503904555757396,0.7071067811865476,0.7071067811865476
272.2352563313967,0,1,1,1,3.8112935886395545,0.7071067811865476,0.7071067811865476
210.9882779518369,2,1,0,2,2.9538358913257166,0.8660254037844386,0.5000000000000001
203.34007365926334,0,0,1,1,2.8467610312296867,0.9659258262890683,-0.25881904510252063
272.38925804338857,2,0,0,2,3.81344961260744,0.7071067811865476,-0.7071067811865475
100.90712313728818,2,0,0,2,1.4126997239220345,-0.8660254037844385,-0.5000000000000004
271.6357405742899,0,1,0,1,3.8029003680400586,0.9659258262890683,0.25881904510252074
331.14622053972397,2,0,1,2,4.636047087556136,0.8660254037844387,-0.4999999999999998
287.74349144340783,2,0,0,2,4.028408880207709,0.7071067811865476,-0.7071067811865475
332.3575481208606,2,0,1,2,4.653005673692049,0.9659258262890683,-0.25881904510252063
328.07456968273635,0,0,1,1,4.5930439755583095,-0.4999999999999997,-0.8660254037844388
68.94140280435988,2,0,0,2,0.9651796392610383,-0.9659258262890683,-0.25881904510252063
364.6366285111726,2,1,1,2,5.104912799156416,-0.5000000000000004,0.8660254037844384
129.21732778075835,0,1,0,1,1.809042588930617,0.8660254037844386,0.5000000000000001
52.74895065928757,0,0,0,1,0.738485309230026,-0.9659258262890683,-0.25881904510252063
51.198670986100694,2,1,1,2,0.7167813938054097,0.0,1.0
328.03748988505527,2,1,0,2,4.5925248583907745,0.25881904510252074,0.9659258262890683
209.93651309952648,2,0,1,2,2.9391111833933707,0.7071067811865476,-0.7071067811865475
52.75438111737395,2,1,0,2,0.7385613356432353,0.9659258262890683,0.25881904510252074
336.04680673461104,2,1,0,2,4.704655294284555,-0.25881904510252157,0.9659258262890681
9.129463543788916,0,0,1,1,0.1278124896130448,-1.0,-1.8369701987210297e-16
275.16784453327796,0,1,0,1,3.8523498234658913,-0.8660254037844386,0.5000000000000001
292.92980662114974,0,0,1,1,4.101017292696096,0.49999999999999994,-0.8660254037844387
409.4038747051081,2,0,0,2,5.731654245871513,-0.9659258262890683,-0.25881904510252063
570.7032615640333,0,0,0,1,7.9898456618964655,-0.7071067811865471,-0.7071067811865479
5.0,2,0,0,2,0.07,0.9659258262890683,-0.25881904510252063
240.5547059086511,1,1,0,0,3.367765882721115,0.7071067811865476,0.7071067811865476
200.25964689204088,0,0,0,1,2.8036350564885724,0.49999999999999994,-0.8660254037844387
328.0749434729732,2,0,0,2,4.593049208621625,0.7071067811865476,-0.7071067811865475
288.82037876805134,0,0,1,1,4.0434853027527184,-0.7071067811865471,-0.7071067811865479
186.5416763074084,2,0,0,2,2.611583468303718,0.258819045102521,-0.9659258262890682
170.637606050046,0,1,0,1,2.3889264847006437,-0.7071067811865477,0.7071067811865474
49.03884606687146,2,1,0,2,0.6865438449362005,0.49999999999999994,0.8660254037844387
427.8150848331717,2,0,0,2,5.989411187664404,0.49999999999999994,-0.8660254037844387
332.6567526879153,0,1,0,1,4.657194537630814,-0.25881904510252157,0.9659258262890681
415.1982756031247,2,0,0,2,5.812775858443746,-0.7071067811865471,-0.7071067811865479
194.12869543440755,0,1,0,1,2.7178017360817055,-0.25881904510252157,0.9659258262890681
131.76961563500254,2,1,0,2,1.8447746188900356,0.49999999999999994,0.8660254037844387
55.90328800673899,0,0,0,1,0.7826460320943458,0.7071067811865476,-0.7071067811865475
314.60516507331874,0,1,1,1,4.4044723110264625,-0.8660254037844386,0.5000000000000001
62.83721958491776,2,0,0,2,0.8797210741888487,-0.7071067811865471,-0.7071067811865479
582.7593524139791,2,0,0,2,8.158630933795706,1.0,6.123233995736766e-17
14.624335403180709,2,0,0,2,0.20474069564452993,-0.4999999999999997,-0.8660254037844388
299.25882145825034,2,0,0,2,4.189623500415505,-0.4999999999999997,-0.8660254037844388
532.0338472984815,2,0,0,2,7.448473862178742,0.7071067811865476,-0.7071067811865475
357.8361566674856,0,1,0,1,5.009706193344798,0.49999999999999994,0.8660254037844387
281.62126824852027,1,1,1,0,3.942697755479284,0.9659258262890683,0.25881904510252074
75.67294354685879,0,0,1,1,1.0594212096560232,-0.9659258262890683,-0.25881904510252063
5.0,0,1,1,1,0.07,-0.7071067811865477,0.7071067811865474
388.6090196051655,0,1,0,1,5.440526274472317,0.8660254037844386,0.5000000000000001
521.1065033394904,0,0,0,1,7.295491046752865,-0.7071067811865471,-0.7071067811865479
171.00700171392913,2,0,1,2,2.394098023995008,1.2246467991473532e-16,-1.0
44.96892862905682,1,1,1,0,0.6295650008067956,0.49999999999999994,0.8660254037844387
192.4704974988233,0,0,0,1,2.694586964983526,-0.4999999999999997,-0.8660254037844388
73.46232814074321,0,1,1,1,1.028472593970405,-0.5000000000000004,0.8660254037844384
229.54176835017276,2,0,0,2,3.2135847569024185,-0.9659258262890684,0.2588190451025203
537.8421833506122,2,1,1,2,7.529790566908571,0.9659258262890683,0.25881904510252074
371.16406460193434,2,1,0,2,5.196296904427081,-0.7071067811865477,0.7071067811865474
304.9153728472155,0,1,0,1,4.2688152198610165,0.7071067811865476,0.7071067811865476
177.97846096579644,2,0,0,2,2.4916984535211504,-0.4999999999999997,-0.8660254037844388
145.03017089392785,2,0,0,2,2.03042239251499,-0.9659258262890683,-0.25881904510252063
503.01656755143347,1,0,0,0,7.042231945720069,0.8660254037844387,-0.4999999999999998
286.1329373365101,2,0,0,2,4.005861122711141,-0.9659258262890684,0.2588190451025203
128.46812454578395,2,1,0,2,1.7985537436409755,0.7071067811865476,0.7071067811865476
128.7628633784963,2,0,0,2,1.8026800872989481,-0.7071067811865471,-0.7071067811865479
95.52111428110717,0,0,1,1,1.3372955999355003,-0.9659258262890683,-0.25881904510252063
151.67247834805633,1,1,1,0,2.1234146968727887,0.8660254037844386,0.5000000000000001
351.32391885131534,2,0,0,2,4.918534863918415,1.2246467991473532e-16,-1.0
230.6599212770351,0,1,0,1,3.229238897878491,0.9659258262890683,0.25881904510252074
236.16422673934085,2,1,0,2,3.3062991743507717,-0.7071067811865477,0.7071067811865474
486.42516903854255,1,0,1,0,6.809952366539595,-1.0,-1.8369701987210297e-16
124.63700383839608,0,0,1,1,1.744918053737545,0.258819045102521,-0.9659258262890682
585.5559146597229,0,0,0,1,8.197782805236121,-0.4999999999999997,-0.8660254037844388
129.1646335532045,2,0,0,2,1.808304869744863,0.8660254037844387,-0.4999999999999998
266.0556753902629,1,0,0,0,3.7247794554636804,1.0,6.123233995736766e-17
199.38335282750197,0,0,1,1,2.7913669395850276,-0.2588190451025208,-0.9659258262890683
272.215444030173,2,0,0,2,3.811016216422422,-1.0,-1.8369701987210297e-16
330.0265591131632,0,0,0,1,4.620371827584285,-0.9659258262890684,0.2588190451025203
328.0903432159978,2,0,0,2,4.59326480502397,-0.7071067811865471,-0.7071067811865479
114.43888048829561,0,1,1,1,1.6021443268361386,-0.5000000000000004,0.8660254037844384
47.875358059437275,2,1,0,2,0.6702550128321217,-0.25881904510252157,0.9659258262890681
700.5709223630279,0,1,0,1,9.80799291308239,-0.7071067811865477,0.7071067811865474
162.88281887190044,2,1,0,2,2.2803594642066063,0.7071067811865476,0.7071067811865476
375.8582389609576,2,0,0,2,5.262015345453406,0.258819045102521,-0.9659258262890682
39.37543589417544,2,0,0,2,0.5512561025184561,-0.9659258262890683,-0.25881904510252063
199.66971041715817,2,0,1,2,2.7953759458402145,0.9659258262890683,-0.25881904510252063
227.10411088316027,2,0,0,2,3.179457552364244,-0.8660254037844385,-0.5000000000000004
335.10671258700984,2,1,1,2,4.691493976218138,-0.25881904510252157,0.9659258262890681
240.04174537854902,0,1,0,1,3.3605844352996863,0.49999999999999994,0.8660254037844387
279.9053103540995,2,1,0,2,3.918674344957393,0.7071067811865476,0.7071067811865476
43.046538033779285,2,0,0,2,0.60265153247291,0.7071067811865476,-0.7071067811865475
308.3822280150863,0,0,0,1,4.317351192211208,-0.7071067811865471,-0.7071067811865479
63.46074456913067,2,0,0,2,0.8884504239678294,-0.9659258262890684,0.2588190451025203
96.01311473339535,1,1,0,0,1.344183606267535,0.25881904510252074,0.9659258262890683
200.74703012921174,0,0,0,1,2.8104584218089643,0.258819045102521,-0.9659258262890682
60.58069547142486,0,0,1,1,0.8481297365999481,-0.7071067811865471,-0.7071067811865479
164.40379958763612,0,0,1,1,2.3016531942269056,0.7071067811865476,-0.7071067811865475
35.19236166220324,0,1,0,1,0.49269306327084533,0.8660254037844386,0.5000000000000001
79.97068130577094,2,0,1,2,1.119589538280793,0.258819045102521,-0.9659258262890682
433.2322694372847,2,1,0,2,6.065251772121986,0.49999999999999994,0.8660254037844387
16.7112352916929,2,0,0,2,0.2339572940837006,0.258819045102521,-0.9659258262890682
217.83744023056295,0,1,1,1,3.049724163227881,0.0,1.0
385.5203946688813,2,1,0,2,5.397285525364338,0.25881904510252074,0.9659258262890683
139.31006154711224,0,0,0,1,1.9503408616595714,0.49999999999999994,-0.8660254037844387
101.47013804580317,1,0,0,0,1.4205819326412443,0.258819045102521,-0.9659258262890682
290.72285596013586,0,0,1,1,4.070119983441902,1.0,6.123233995736766e-17
451.22808809088735,2,1,0,2,6.317193233272422,0.0,1.0
39.523252284435614,2,0,0,2,0.5533255319820986,1.2246467991473532e-16,-1.0
222.973390236861,0,0,0,1,3.121627463316054,1.2246467991473532e-16,-1.0
61.849027094118924,0,1,0,1,0.8658863793176649,0.25881904510252074,0.9659258262890683
179.22381933720578,2,0,1,2,2.5091334707208808,0.7071067811865476,-0.7071067811865475
256.1568432168536,2,1,0,2,3.5861958050359504,-0.5000000000000004,0.8660254037844384
96.16756448408819,1,1,0,0,1.3463459027772346,0.0,1.0
167.74146991145835,0,0,1,1,2.348380578760417,1.0,6.123233995736766e-17
5.0,0,0,1,1,0.07,1.2246467991473532e-16,-1.0
263.87415004866887,0,1,1,1,3.694238100681364,-0.25881904510252157,0.9659258262890681
440.02496479896695,0,1,0,1,6.160349507185538,0.25881904510252074,0.9659258262890683
52.514103441316536,2,0,1,2,0.7351974481784315,-0.9659258262890684,0.2588190451025203
137.91908202057107,2,0,0,2,1.9308671482879949,1.0,6.123233995736766e-17
340.4583243617527,2,0,0,2,4.7664165410645385,-0.8660254037844385,-0.5000000000000004
468.1763294780925,2,1,0,2,6.554468612693295,-0.7071067811865477,0.7071067811865474
18.774166197607656,0,1,0,1,0.2628383267665072,0.8660254037844386,0.5000000000000001
219.61874726512912,0,0,0,1,3.074662461711808,0.49999999999999994,-0.8660254037844387
300.9635480175145,0,1,1,1,4.2134896722452035,-0.7071067811865477,0.7071067811865474
231.62984968680738,2,1,0,2,3.2428178956153033,-0.25881904510252157,0.9659258262890681
195.82257203787566,0,0,1,1,2.741516008530259,0.49999999999999994,-0.8660254037844387
340.19620167557895,0,0,0,1,4.762746823458105,0.49999999999999994,-0.8660254037844387
523.4805431963159,0,0,0,1,7.328727604748423,-0.8660254037844385,-0.5000000000000004
270.99911521051064,0,0,0,1,3.793987612947149,-1.0,-1.8369701987210297e-16
64.4009104070326,2,0,0,2,0.9016127456984564,0.9659258262890683,-0.25881904510252063
157.63709565442906,2,0,1,2,2.206919339162007,-0.9659258262890684,0.2588190451025203
568.5843521780067,2,0,0,2,7.960180930492094,-0.2588190451025208,-0.9659258262890683
413.79325735490056,2,0,0,2,5.793105602968608,0.7071067811865476,-0.7071067811865475
365.20479130917926,2,0,1,2,5.1128670783285095,1.0,6.123233995736766e-17
314.15426503618767,0,1,0,1,4.3981597105066275,0.25881904510252074,0.9659258262890683
130.99531980562497,1,0,1,0,1.8339344772787496,-0.8660254037844385,-0.5000000000000004
213.89718748196165,0,1,0,1,2.994560624747463,0.0,1.0
235.97390757786715,0,0,0,1,3.3036347060901403,1.2246467991473532e-16,-1.0
348.9233768915999,2,0,1,2,4.884927276482398,-1.0,-1.8369701987210297e-16
521.6054009680427,0,0,0,1,7.302475613552597,-0.2588190451025208,-0.9659258262890683
451.300864622763,2,0,0,2,6.318212104718682,-0.9659258262890683,-0.25881904510252063
5.48918404328731,2,0,0,2,0.07684857660602233,-0.9659258262890684,0.2588190451025203
290.31909440218874,2,0,0,2,4.064467321630643,-0.2588190451025208,-0.9659258262890683
382.6174021302214,2,0,0,2,5.3566436298231,-0.4999999999999997,-0.8660254037844388
361.3948594260344,2,0,0,2,5.059528031964481,-0.2588190451025208,-0.9659258262890683
136.7379225902645,2,1,1,2,1.914330916263703,-0.25881904510252157,0.9659258262890681
774.5396588383051,2,1,0,2,10.843555223736272,0.8660254037844386,0.5000000000000001
20.1247787803986,1,0,0,0,0.2817469029255804,-0.7071067811865471,-0.7071067811865479
55.02607960011102,2,1,0,2,0.7703651144015542,0.8660254037844386,0.5000000000000001
292.0471146270837,2,1,1,2,4.0886596047791715,-0.7071067811865477,0.7071067811865474
631.0245498934936,2,0,0,2,8.83434369850891,1.2246467991473532e-16,-1.0
99.48492687324924,0,0,0,1,1.3927889762254893,-0.7071067811865471,-0.7071067811865479
202.15089418354137,2,0,0,2,2.830112518569579,-0.4999999999999997,-0.8660254037844388
443.9128611428247,2,1,0,2,6.214780055999546,0.8660254037844386,0.5000000000000001
246.78481212020796,2,1,0,2,3.4549873696829114,-0.8660254037844386,0.5000000000000001
189.77130618454677,2,1,0,2,2.656798286583655,-0.5000000000000004,0.8660254037844384
351.81392233960963,2,1,0,2,4.925394912754535,0.9659258262890683,0.25881904510252074
299.05323824132677,2,0,0,2,4.186745335378575,1.2246467991473532e-16,-1.0
435.47898141462247,2,0,0,2,6.096705739804714,-0.7071067811865471,-0.7071067811865479
482.4644000317654,2,0,1,2,6.7545016004447165,0.7071067811865476,-0.7071067811865475
305.2605508009651,2,1,0,2,4.273647711213512,0.25881904510252074,0.9659258262890683
302.5118905680956,0,0,1,1,4.235166467953339,1.2246467991473532e-16,-1.0
288.53997681150406,0,0,0,1,4.039559675361057,-0.8660254037844385,-0.5000000000000004
338.0435001968718,2,1,0,2,4.732609002756205,0.0,1.0
259.9307148168635,2,1,0,2,3.639030007436089,0.7071067811865476,0.7071067811865476
249.8904731819879,1,0,0,0,3.49846662454783,-0.9659258262890683,-0.25881904510252063
465.3928817489036,2,1,0,2,6.515500344484651,0.9659258262890683,0.25881904510252074
522.9009124639078,2,0,0,2,7.32061277449471,0.258819045102521,-0.9659258262890682
21.359530034015734,0,1,0,1,0.2990334204762203,-0.25881904510252157,0.9659258262890681
251.80380731330243,2,0,1,2,3.525253302386234,-0.9659258262890684,0.2588190451025203
126.03500197985775,2,0,0,2,1.7644900277180087,1.2246467991473532e-16,-1.0
194.02513603250696,2,1,0,2,2.7163519044550974,0.25881904510252074,0.9659258262890683
322.45291775235785,0,0,0,1,4.51434084853301,-0.8660254037844385,-0.5000000000000004
370.49890687764434,2,1,1,2,5.186984696287021,-0.5000000000000004,0.8660254037844384
229.8172401499579,0,0,1,1,3.217441362099411,0.7071067811865476,-0.7071067811865475
94.40126025010449,1,0,0,0,1.3216176435014626,-1.0,-1.8369701987210297e-16
76.29179549628768,2,1,0,2,1.0680851369480273,-0.7071067811865477,0.7071067811865474
411.36994063602987,2,1,0,2,5.759179168904418,0.8660254037844386,0.5000000000000001
243.27675596628762,2,1,1,2,3.405874583528027,-0.8660254037844386,0.5000000000000001
463.73688730276,2,0,1,2,6.49231642223864,0.258819045102521,-0.9659258262890682
343.82139831601745,2,0,1,2,4.813499576424244,-0.9659258262890683,-0.25881904510252063
486.91169467540396,1,0,1,0,6.8167637254556555,0.8660254037844387,-0.4999999999999998
214.2575463614271,0,0,0,1,2.9996056490599794,0.49999999999999994,-0.8660254037844387
121.05297632412288,0,1,0,1,1.6947416685377201,0.7071067811865476,0.7071067811865476
327.46527547116966,2,0,0,2,4.5845138565963754,0.7071067811865476,-0.7071067811865475
479.4375623269014,0,1,1,1,6.712125872576619,0.0,1.0
416.4499249924158,1,1,1,0,5.830298949893821,0.25881904510252074,0.9659258262890683
130.71553297215362,0,0,1,1,1.8300174616101508,0.8660254037844387,-0.4999999999999998
265.6169935832764,2,1,0,2,3.7186379101658695,-0.5000000000000004,0.8660254037844384
154.08947161961368,0,0,0,1,2.1572526026745913,-0.9659258262890683,-0.25881904510252063
102.53203644591304,2,0,0,2,1.4354485102427825,-0.7071067811865471,-0.7071067811865479
421.9699428123732,2,1,0,2,5.907579199373225,-0.5000000000000004,0.8660254037844384
34.44418397227082,2,0,0,2,0.4822185756117915,-0.2588190451025208,-0.9659258262890683
89.11304249530971,0,1,0,1,1.247582594934336,0.7071067811865476,0.7071067811865476
51.27538597497062,0,1,0,1,0.7178554036495887,0.25881904510252074,0.9659258262890683
18.244554193828378,2,0,0,2,0.2554237587135973,0.258819045102521,-0.9659258262890682
276.3545725316686,2,0,0,2,3.868964015443361,-0.9659258262890684,0.2588190451025203
459.07054872675565,2,1,1,2,6.4269876821745795,0.8660254037844386,0.5000000000000001
216.72218387585218,2,1,0,2,3.0341105742619305,0.7071067811865476,0.7071067811865476
21.034604101549974,2,0,0,2,0.29448445742169965,-0.4999999999999997,-0.8660254037844388
401.19001715356495,2,1,0,2,5.616660240149909,0.49999999999999994,0.8660254037844387
553.4263157262949,0,1,1,1,7.747968420168128,-0.7071067811865477,0.7071067811865474
133.67638165361296,2,0,0,2,1.8714693431505816,-0.8660254037844385,-0.5000000000000004
163.8602319908107,2,0,0,2,2.2940432478713495,0.9659258262890683,-0.25881904510252063
342.81891341501097,2,0,1,2,4.7994647878101535,0.258819045102521,-0.9659258262890682
541.9372746013092,1,1,0,0,7.58712184441833,-0.8660254037844386,0.5000000000000001
156.4298537694593,0,0,0,1,2.1900179527724304,0.9659258262890683,-0.25881904510252063
10.159039420323097,0,0,1,1,0.14222655188452335,-0.9659258262890684,0.2588190451025203
363.65534912903314,2,0,0,2,5.0911748878064635,-0.9659258262890684,0.2588190451025203
393.8322531656139,0,1,0,1,5.513651544318594,0.8660254037844386,0.5000000000000001
251.10366107834082,2,1,0,2,3.5154512550967714,-0.8660254037844386,0.5000000000000001
149.53601326165887,0,1,0,1,2.093504185663224,0.9659258262890683,0.25881904510252074
428.9881715785683,1,1,0,0,6.005834402099957,0.8660254037844386,0.5000000000000001
345.04648081863354,0,1,0,1,4.83065073146087,-0.8660254037844386,0.5000000000000001
111.68160695737129,0,0,0,1,1.563542497403198,0.9659258262890683,-0.25881904510252063
258.8370516350209,0,1,0,1,3.6237187228902923,-0.7071067811865477,0.7071067811865474
6.69264423556362,2,0,1,2,0.09369701929789068,-0.9659258262890683,-0.25881904510252063
373.46028215882563,1,1,0,0,5.228443950223559,0.7071067811865476,0.7071067811865476
202.79795751108594,2,1,1,2,2.839171405155203,0.7071067811865476,0.7071067811865476
171.57205017074733,2,1,0,2,2.4020087023904626,0.8660254037844386,0.5000000000000001
244.08259267256184,2,0,0,2,3.417156297415866,-0.4999999999999997,-0.8660254037844388
257.2553858794446,2,1,0,2,3.6015754023122244,0.9659258262890683,0.25881904510252074
411.0874110818009,2,1,0,2,5.755223755145213,-0.8660254037844386,0.5000000000000001
356.39629563853987,2,0,1,2,4.989548138939558,-0.7071067811865471,-0.7071067811865479
221.84632981729553,2,0,1,2,3.1058486174421374,-0.2588190451025208,-0.9659258262890683
387.4602669494192,0,0,0,1,5.424443737291869,-0.2588190451025208,-0.9659258262890683
322.13270566449035,2,0,1,2,4.5098578793028645,-0.7071067811865471,-0.7071067811865479
173.21206546851334,2,1,1,2,2.4249689165591866,-0.7071067811865477,0.7071067811865474
227.55073151743255,0,1,0,1,3.1857102412440557,-0.25881904510252157,0.9659258262890681
223.31988000823827,2,1,0,2,3.126478320115336,0.7071067811865476,0.7071067811865476
340.9470417713563,0,0,0,1,4.773258584798987,0.49999999999999994,-0.8660254037844387
183.9359293501045,0,0,1,1,2.5751030109014628,-1.0,-1.8369701987210297e-16
179.726346444106,0,0,0,1,2.5161688502174844,-1.0,-1.8369701987210297e-16
604.3763156981126,0,0,0,1,8.461268419773576,0.9659258262890683,-0.25881904510252063
419.1523867144788,2,0,1,2,5.868133414002703,0.7071067811865476,-0.7071067811865475
113.09188040347496,0,1,0,1,1.5832863256486494,0.8660254037844386,0.5000000000000001
352.76937890959573,2,0,1,2,4.93877130473434,-0.7071067811865471,-0.7071067811865479
271.3030118179319,2,1,0,2,3.7982421654510468,0.49999999999999994,0.8660254037844387
320.4792115468169,0,0,0,1,4.486708961655436,0.7071067811865476,-0.7071067811865475
274.7214384217188,2,1,0,2,3.846100137904063,-0.25881904510252157,0.9659258262890681
464.1356761873425,0,0,0,1,6.497899466622795,1.2246467991473532e-16,-1.0
312.2116620372602,0,0,0,1,4.370963268521643,1.0,6.123233995736766e-17
238.82403432142826,0,0,0,1,3.343536480499995,0.258819045102521,-0.9659258262890682
437.59430385694316,1,1,0,0,6.126320253997204,-0.5000000000000004,0.8660254037844384
291.991307395817,2,0,0,2,4.087878303541438,-0.2588190451025208,-0.9659258262890683
271.8661442792304,2,0,0,2,3.8061260199092257,0.7071067811865476,-0.7071067811865475
306.5240684475006,0,0,1,1,4.291336958265008,0.8660254037844387,-0.4999999999999998
233.150375794054,2,0,0,2,3.264105261116756,0.258819045102521,-0.9659258262890682
251.6608587391844,0,1,0,1,3.523252022348582,-0.25881904510252157,0.9659258262890681
144.39497402286293,0,1,0,1,2.0215296363200808,0.49999999999999994,0.8660254037844387
114.78990046770181,0,0,0,1,1.6070586065478254,1.2246467991473532e-16,-1.0
70.25733043316089,2,1,0,2,0.9836026260642525,0.9659258262890683,0.25881904510252074
5.0,2,1,0,2,0.07,0.9659258262890683,0.25881904510252074
91.65087495077984,2,1,0,2,1.283112249310918,-0.8660254037844386,0.5000000000000001
218.6319337959534,2,0,1,2,3.0608470731433473,-1.0,-1.8369701987210297e-16
268.56116484021464,0,0,1,1,3.759856307763005,1.0,6.123233995736766e-17
201.16661863342472,2,1,0,2,2.816332660867946,0.7071067811865476,0.7071067811865476
174.02662822292444,2,1,1,2,2.436372795120942,-0.7071067811865477,0.7071067811865474
533.4255443972215,2,1,1,2,7.467957621561101,0.8660254037844386,0.5000000000000001
445.5664221202687,0,1,1,1,6.237929909683762,0.0,1.0
330.23677321908315,0,0,0,1,4.623314825067164,-0.9659258262890683,-0.25881904510252063
593.3483210595882,2,0,0,2,8.306876494834237,-0.8660254037844385,-0.5000000000000004
74.07445885293208,2,0,1,2,1.037042423941049,0.8660254037844387,-0.4999999999999998
589.7725217126808,2,0,0,2,8.25681530397753,0.8660254037844387,-0.4999999999999998
76.26146618490137,2,1,0,2,1.0676605265886192,-0.8660254037844386,0.5000000000000001
292.9728265524442,0,1,0,1,4.1016195717342185,-0.25881904510252157,0.9659258262890681
20.709281475843227,0,0,0,1,0.28992994066180516,0.7071067811865476,-0.7071067811865475
252.64493719798602,2,0,0,2,3.537029120771804,-0.9659258262890684,0.2588190451025203
319.50996963971,2,0,0,2,4.4731395749559395,-0.8660254037844385,-0.5000000000000004
222.15574039578016,1,0,1,0,3.110180365540922,1.2246467991473532e-16,-1.0
378.4979399362247,2,1,0,2,5.298971159107146,0.7071067811865476,0.7071067811865476
267.8226009077063,0,1,0,1,3.749516412707888,-0.5000000000000004,0.8660254037844384
155.96534889204833,2,0,0,2,2.1835148844886767,-0.9659258262890683,-0.25881904510252063
147.97360279557893,2,0,0,2,2.071630439138105,-0.9659258262890683,-0.25881904510252063
395.96447907082535,2,1,0,2,5.543502706991555,-0.7071067811865477,0.7071067811865474
132.32643463474585,2,0,0,2,1.852570084886442,0.8660254037844387,-0.4999999999999998
414.7725346872886,1,1,0,0,5.806815485622041,0.49999999999999994,0.8660254037844387
470.08812270974755,2,0,0,2,6.581233717936466,1.0,6.123233995736766e-17
50.36849522230341,2,0,0,2,0.7051589331122478,-0.4999999999999997,-0.8660254037844388
453.92674971418626,2,0,1,2,6.354974495998607,0.8660254037844387,-0.4999999999999998
620.8760857200458,2,0,0,2,8.69226520008064,0.8660254037844387,-0.4999999999999998
295.36067701634715,2,1,0,2,4.1350494782288605,0.7071067811865476,0.7071067811865476
357.835153353068,2,0,1,2,5.009692146942951,-0.9659258262890683,-0.25881904510252063
436.66095838644856,0,0,0,1,6.11325341741028,-0.8660254037844385,-0.5000000000000004
200.413183267776,2,1,1,2,2.805784565748864,-0.7071067811865477,0.7071067811865474
282.81044023681653,2,1,0,2,3.9593461633154314,-0.8660254037844386,0.5000000000000001
13.444084667840343,1,1,0,0,0.1882171853497648,0.9659258262890683,0.25881904510252074
274.95430513548115,2,0,1,2,3.8493602718967357,1.0,6.123233995736766e-17
339.66015921601746,1,0,1,0,4.755242229024245,0.7071067811865476,-0.7071067811865475
342.9093441267645,2,0,0,2,4.800730817774703,0.7071067811865476,-0.7071067811865475
441.77645024756447,0,1,0,1,6.184870303465903,0.9659258262890683,0.25881904510252074
110.53560793560476,0,1,0,1,1.5474985110984667,0.9659258262890683,0.25881904510252074
154.13078379877064,0,0,0,1,2.157830973182789,-1.0,-1.8369701987210297e-16
591.191322278444,1,0,1,0,8.276678511898215,0.9659258262890683,-0.25881904510252063
222.94089272253223,2,0,1,2,3.121172498115451,0.8660254037844387,-0.4999999999999998
286.00608171621906,1,1,0,0,4.004085144027067,0.0,1.0
237.93819248946022,2,0,0,2,3.331134694852443,-0.7071067811865471,-0.7071067811865479
102.09745126509597,2,1,0,2,1.4293643177113435,0.9659258262890683,0.25881904510252074
542.2352579605251,2,1,0,2,7.591293611447353,-0.5000000000000004,0.8660254037844384
155.01374585429096,2,0,1,2,2.1701924419600735,0.9659258262890683,-0.25881904510252063
47.088605732752626,2,0,0,2,0.6592404802585368,-0.4999999999999997,-0.8660254037844388
168.8667500855047,0,0,1,1,2.3641345011970656,0.258819045102521,-0.9659258262890682
110.307080310596,2,0,1,2,1.5442991243483442,0.7071067811865476,-0.7071067811865475
132.76825630302727,0,0,1,1,1.8587555882423816,-0.7071067811865471,-0.7071067811865479
75.7368523865812,0,0,1,1,1.060315933412137,-0.4999999999999997,-0.8660254037844388
361.1371535669184,2,0,1,2,5.055920149936857,0.49999999999999994,-0.8660254037844387
128.78543687922297,2,1,0,2,1.8029961163091215,-0.25881904510252157,0.9659258262890681
409.80470840419275,2,0,0,2,5.737265917658698,1.0,6.123233995736766e-17
501.72711875247785,2,0,1,2,7.0241796625346895,0.9659258262890683,-0.25881904510252063
390.61156053176785,2,0,0,2,5.46856184744475,0.49999999999999994,-0.8660254037844387
211.2301080051862,2,0,0,2,2.9572215120726066,0.8660254037844387,-0.4999999999999998
275.40060940700675,2,0,1,2,3.855608531698094,1.0,6.123233995736766e-17
24.49728922593073,1,0,0,0,0.3429620491630302,-0.4999999999999997,-0.8660254037844388
225.91971294617684,0,0,1,1,3.1628759812464757,-0.4999999999999997,-0.8660254037844388
95.12107574797005,2,0,1,2,1.3316950604715807,-0.7071067811865471,-0.7071067811865479
374.9787486068738,0,1,0,1,5.249702480496233,0.49999999999999994,0.8660254037844387
713.0954300640053,2,0,1,2,9.983336020896076,-0.7071067811865471,-0.7071067811865479
339.9678944752857,2,0,0,2,4.759550522653999,-0.4999999999999997,-0.8660254037844388
108.40522681183995,0,1,1,1,1.5176731753657593,0.0,1.0
184.97856527541285,2,0,0,2,2.58969991385578,-0.2588190451025208,-0.9659258262890683
272.04836656740184,2,1,0,2,3.8086771319436257,-0.25881904510252157,0.9659258262890681
265.72433654684744,1,1,1,0,3.720140711655864,-0.7071067811865477,0.7071067811865474
118.45363739042443,0,0,0,1,1.6583509234659422,0.49999999999999994,-0.8660254037844387
294.15251367464833,0,1,0,1,4.118135191445077,0.49999999999999994,0.8660254037844387
26.349849354510297,0,0,0,1,0.3688978909631442,0.8660254037844387,-0.4999999999999998
79.91642991668795,0,1,0,1,1.118830018833631,0.9659258262890683,0.25881904510252074
366.24357548866806,2,1,0,2,5.127410056841352,-0.5000000000000004,0.8660254037844384
67.18061844163134,2,0,0,2,0.9405286581828387,-0.7071067811865471,-0.7071067811865479
346.8780889886063,2,0,1,2,4.856293245840488,0.49999999999999994,-0.8660254037844387
5.0,2,0,1,2,0.07,-0.9659258262890683,-0.25881904510252063
567.6686590825125,2,0,1,2,7.947361227155175,-0.8660254037844385,-0.5000000000000004
110.63141396727016,2,0,0,2,1.5488397955417823,-0.8660254037844385,-0.5000000000000004
209.74001707538005,1,1,0,0,2.9363602390553205,0.49999999999999994,0.8660254037844387
309.51038699627304,1,0,1,0,4.333145417947822,-1.0,-1.8369701987210297e-16
148.23700854980302,0,1,1,1,2.075318119697242,-0.25881904510252157,0.9659258262890681
275.8130729928348,2,1,1,2,3.8613830218996874,-0.5000000000000004,0.8660254037844384
353.5642104136226,0,0,1,1,4.949898945790716,-0.4999999999999997,-0.8660254037844388
422.91038185062735,2,0,0,2,5.920745345908783,0.7071067811865476,-0.7071067811865475
392.46953847513225,0,0,1,1,5.494573538651852,0.9659258262890683,-0.25881904510252063
219.07411651551868,2,0,1,2,3.0670376312172616,-0.8660254037844385,-0.5000000000000004
223.6062806721516,0,1,0,1,3.130487929410122,0.7071067811865476,0.7071067811865476
672.8395404445059,2,0,0,2,9.419753566223084,0.9659258262890683,-0.25881904510252063
420.98003228487255,0,1,0,1,5.893720451988216,0.25881904510252074,0.9659258262890683
84.07174186236153,1,1,0,0,1.1770043860730617,-0.5000000000000004,0.8660254037844384
267.9978694777993,2,0,1,2,3.751970172689191,0.9659258262890683,-0.25881904510252063
189.67423501992533,2,0,0,2,2.6554392902789545,1.0,6.123233995736766e-17
225.63983789384025,1,0,1,0,3.1589577305137637,0.8660254037844387,-0.4999999999999998
28.690871612544186,2,0,0,2,0.4016722025756186,-0.9659258262890683,-0.25881904510252063
175.85381781052843,0,0,0,1,2.461953449347398,-0.8660254037844385,-0.5000000000000004
576.0800391749044,0,1,0,1,8.065120548448661,0.0,1.0
354.23373415759056,2,0,0,2,4.959272278206268,0.258819045102521,-0.9659258262890682
198.40905346726282,2,1,0,2,2.7777267485416797,0.7071067811865476,0.7071067811865476
469.01022864963045,2,0,1,2,6.566143201094826,-0.8660254037844385,-0.5000000000000004
446.13331412364903,0,0,0,1,6.245866397731086,1.0,6.123233995736766e-17
185.32864522484502,2,1,0,2,2.59460103314783,-0.25881904510252157,0.9659258262890681
379.10743788097875,2,1,1,2,5.307504130333702,0.49999999999999994,0.8660254037844387
95.30814205290386,2,1,0,2,1.334313988740654,0.0,1.0
165.35397107205569,0,0,0,1,2.31495559500878,-1.0,-1.8369701987210297e-16
519.7383449205736,0,1,1,1,7.27633682888803,0.25881904510252074,0.9659258262890683
201.08859282345247,1,1,0,0,2.8152402995283348,0.9659258262890683,0.25881904510252074
86.55169915189839,2,0,0,2,1.2117237881265774,0.49999999999999994,-0.8660254037844387
238.6054198993594,0,1,1,1,3.3404758785910316,-0.5000000000000004,0.8660254037844384
235.8540892754158,0,1,0,1,3.3019572498558207,-0.8660254037844386,0.5000000000000001
465.70634248722274,0,1,0,1,6.519888794821119,0.7071067811865476,0.7071067811865476
252.5805559916368,1,1,0,0,3.536127783882915,0.0,1.0
174.11518394074733,2,0,0,2,2.4376125751704625,0.49999999999999994,-0.8660254037844387
438.11010614161705,2,0,0,2,6.133541485982639,-0.7071067811865471,-0.7071067811865479
271.74224185019983,0,1,1,1,3.8043913859027976,0.9659258262890683,0.25881904510252074
114.99591731817094,2,0,1,2,1.6099428424543931,0.49999999999999994,-0.8660254037844387
457.89956089749114,0,0,1,1,6.410593852564876,0.9659258262890683,-0.25881904510252063
284.85911761302384,0,0,0,1,3.9880276465823337,-0.9659258262890684,0.2588190451025203
250.5266740022988,2,1,0,2,3.507373436032183,0.0,1.0
282.0235104540978,0,0,0,1,3.948329146357369,-0.2588190451025208,-0.9659258262890683
57.279693145012544,2,1,0,2,0.8019157040301756,-0.8660254037844386,0.5000000000000001
155.02232028789928,2,1,1,2,2.17031248403059,-0.8660254037844386,0.5000000000000001
250.644868329901,0,1,0,1,3.509028156618614,0.25881904510252074,0.9659258262890683
214.9605348955576,1,1,0,0,3.0094474885378064,0.9659258262890683,0.25881904510252074
479.0371089069872,2,0,0,2,6.706519524697821,0.8660254037844387,-0.4999999999999998
289.1330534908606,2,0,0,2,4.047862748872048,-0.2588190451025208,-0.9659258262890683
403.8827060745524,0,1,0,1,5.6543578850437335,-0.7071067811865477,0.7071067811865474
251.69116382365291,0,0,0,1,3.5236762935311408,0.9659258262890683,-0.25881904510252063
440.13192707430215,0,1,0,1,6.161846979040231,0.49999999999999994,0.8660254037844387
321.5549961831677,2,0,0,2,4.501769946564348,0.7071067811865476,-0.7071067811865475
252.4156873699228,2,0,1,2,3.5338196231789194,-0.9659258262890683,-0.25881904510252063
247.60904398737648,2,0,0,2,3.4665266158232706,-0.9659258262890684,0.2588190451025203
78.20104726762659,0,0,1,1,1.0948146617467724,0.8660254037844387,-0.4999999999999998
341.2448296245359,2,0,1,2,4.777427614743503,0.8660254037844387,-0.4999999999999998
242.76314778345179,2,0,1,2,3.398684068968325,-1.0,-1.8369701987210297e-16
159.64144716738315,1,0,1,0,2.234980260343364,1.2246467991473532e-16,-1.0
449.1631187461729,2,1,0,2,6.288283662446421,0.0,1.0
24.961115338935798,1,0,0,0,0.3494556147451012,-0.8660254037844385,-0.5000000000000004
173.9507388221619,0,1,0,1,2.4353103435102668,0.7071067811865476,0.7071067811865476
434.989374780316,0,1,1,1,6.0898512469244235,0.7071067811865476,0.7071067811865476
306.7941293656456,2,0,1,2,4.295117811119038,-0.7071067811865471,-0.7071067811865479
241.38539302250368,2,0,0,2,3.3793955023150515,-0.7071067811865471,-0.7071067811865479
295.1806377670264,0,0,0,1,4.1325289287383695,-0.4999999999999997,-0.8660254037844388
282.2945507887914,0,1,0,1,3.95212371104308,0.9659258262890683,0.25881904510252074
22.999258331465853,0,1,0,1,0.32198961664052195,0.8660254037844386,0.5000000000000001
187.13286063736695,2,1,0,2,2.619860048923137,-0.7071067811865477,0.7071067811865474
540.9738978124748,0,0,0,1,7.573634569374647,0.7071067811865476,-0.7071067811865475
131.32165574010983,0,0,0,1,1.8385031803615377,1.0,6.123233995736766e-17
192.70581746121988,0,0,0,1,2.6978814444570784,1.0,6.123233995736766e-17
152.50826260434624,0,0,0,1,2.135115676460847,0.7071067811865476,-0.7071067811865475
234.33725980273528,0,0,0,1,3.2807216372382935,0.7071067811865476,-0.7071067811865475
145.03789036162635,0,0,0,1,2.030530465062769,-0.4999999999999997,-0.8660254037844388
337.6134703884508,2,1,1,2,4.726588585438312,0.9659258262890683,0.25881904510252074
285.516414212248,2,1,0,2,3.9972297989714716,-0.25881904510252157,0.9659258262890681
389.2385707192633,2,1,0,2,5.449339990069686,0.25881904510252074,0.9659258262890683
60.8305900859871,2,0,1,2,0.8516282612038194,0.9659258262890683,-0.25881904510252063
188.7387130810774,2,0,0,2,2.642341983135084,-0.9659258262890684,0.2588190451025203
209.3699263098157,2,0,0,2,2.93117896833742,-0.4999999999999997,-0.8660254037844388
332.01644381594707,2,1,0,2,4.6482302134232585,-0.8660254037844386,0.5000000000000001
107.22018450273382,2,1,0,2,1.5010825830382735,-0.8660254037844386,0.5000000000000001
414.81768476650194,0,0,0,1,5.807447586731027,-0.9659258262890683,-0.25881904510252063
463.5548062931696,1,1,0,0,6.489767288104375,0.8660254037844386,0.5000000000000001
72.0029774255949,2,1,0,2,1.0080416839583286,0.7071067811865476,0.7071067811865476
161.64287891915816,1,0,1,0,2.263000304868214,0.7071067811865476,-0.7071067811865475
154.25232850742339,2,0,0,2,2.1595325991039274,-1.0,-1.8369701987210297e-16
723.8295168419497,2,0,0,2,10.133613235787296,-0.2588190451025208,-0.9659258262890683
172.61798106258038,2,1,0,2,2.416651734876125,-0.5000000000000004,0.8660254037844384
551.9725795881043,2,1,1,2,7.72761611423346,-0.25881904510252157,0.9659258262890681
22.00624088081028,0,0,0,1,0.3080873723313439,1.2246467991473532e-16,-1.0
71.86282609041459,0,0,0,1,1.006079565265804,0.7071067811865476,-0.7071067811865475
126.41118426732386,2,1,0,2,1.769756579742534,-0.7071067811865477,0.7071067811865474
97.77592393962598,2,1,1,2,1.3688629351547639,0.9659258262890683,0.25881904510252074
201.77822785147023,2,0,1,2,2.824895189920583,1.2246467991473532e-16,-1.0
122.41992351013033,2,1,0,2,1.7138789291418248,-0.8660254037844386,0.5000000000000001
102.51851330777677,2,0,0,2,1.4352591863088748,0.49999999999999994,-0.8660254037844387
458.524959365199,2,1,0,2,6.419349431112786,-0.7071067811865477,0.7071067811865474
470.2828520523697,0,0,0,1,6.583959928733176,-0.4999999999999997,-0.8660254037844388
420.87336970755683,1,1,0,0,5.892227175905796,0.25881904510252074,0.9659258262890683
344.3198120051791,2,0,0,2,4.820477368072506,-0.4999999999999997,-0.8660254037844388
266.6937518403194,1,0,0,0,3.7337125257644717,-1.0,-1.8369701987210297e-16
160.53447568013644,2,0,0,2,2.24748265952191,-0.8660254037844385,-0.5000000000000004
78.43164914408345,2,0,1,2,1.0980430880171683,-0.9659258262890684,0.2588190451025203
315.3392266178837,2,0,1,2,4.414749172650372,-0.9659258262890683,-0.25881904510252063
38.74652934157638,0,1,0,1,0.5424514107820693,0.9659258262890683,0.25881904510252074
71.09423274842919,1,0,0,0,0.9953192584780087,-0.4999999999999997,-0.8660254037844388
457.52438611686574,0,0,0,1,6.405341405636121,-0.8660254037844385,-0.5000000000000004
592.1168275099756,2,1,0,2,8.289635585139658,-0.25881904510252157,0.9659258262890681
320.7931248699665,0,1,0,1,4.4911037481795315,-0.7071067811865477,0.7071067811865474
449.162287413036,2,0,0,2,6.288272023782503,0.8660254037844387,-0.4999999999999998
205.74730286008298,0,0,0,1,2.8804622400411617,0.258819045102521,-0.9659258262890682
9.21864650421685,2,1,0,2,0.1290610510590359,-0.7071067811865477,0.7071067811865474
360.19089135134516,2,1,0,2,5.042672478918832,-0.5000000000000004,0.8660254037844384
352.4720781886115,0,1,1,1,4.93460909464056,0.8660254037844386,0.5000000000000001
262.90033969844393,0,0,0,1,3.680604755778215,-0.2588190451025208,-0.9659258262890683
206.37241754107995,2,1,0,2,2.889213845575119,-0.25881904510252157,0.9659258262890681
423.1979041445976,0,0,0,1,5.924770658024366,0.9659258262890683,-0.25881904510252063
72.5680539830546,2,1,0,2,1.0159527557627643,-0.7071067811865477,0.7071067811865474
110.7194957996816,0,0,0,1,1.5500729411955425,-0.8660254037844385,-0.5000000000000004
68.54082878312295,0,0,0,1,0.9595716029637212,0.8660254037844387,-0.4999999999999998
265.2951332744489,0,1,1,1,3.7141318658422846,0.49999999999999994,0.8660254037844387
54.179257820333504,0,0,1,1,0.758509609484669,1.0,6.123233995736766e-17
126.83640750725615,2,0,0,2,1.7757097051015862,0.258819045102521,-0.9659258262890682
122.96399879910437,2,1,0,2,1.7214959831874612,0.49999999999999994,0.8660254037844387
203.09050017988753,0,0,0,1,2.843267002518425,0.8660254037844387,-0.4999999999999998
17.727400352715847,2,0,0,2,0.24818360493802186,-0.2588190451025208,-0.9659258262890683
265.69689856670806,2,1,0,2,3.7197565799339127,-0.5000000000000004,0.8660254037844384
474.514657119642,2,1,1,2,6.643205199674988,-0.5000000000000004,0.8660254037844384
274.38844701701714,2,1,0,2,3.84143825823824,-0.5000000000000004,0.8660254037844384
527.4378060642377,0,0,1,1,7.384129284899329,-0.9659258262890683,-0.25881904510252063
490.11967345784655,2,0,0,2,6.861675428409852,0.49999999999999994,-0.8660254037844387
389.9923085046138,0,1,1,1,5.4598923190645925,0.7071067811865476,0.7071067811865476
263.4434516746394,2,0,0,2,3.6882083234449516,0.9659258262890683,-0.25881904510252063
254.05006988417912,2,0,0,2,3.5567009783785077,-0.9659258262890683,-0.25881904510252063
387.48395902538675,2,0,1,2,5.424775426355414,1.2246467991473532e-16,-1.0
179.49929028927414,2,1,0,2,2.512990064049838,0.7071067811865476,0.7071067811865476
88.8537352641435,2,0,0,2,1.2439522936980087,0.7071067811865476,-0.7071067811865475
338.56072973853276,0,0,0,1,4.739850216339459,0.9659258262890683,-0.25881904510252063
46.40764661170516,2,0,0,2,0.6497070525638723,0.258819045102521,-0.9659258262890682
76.81457892573076,0,0,0,1,1.0754041049602305,-1.0,-1.8369701987210297e-16
250.04031063924185,2,0,0,2,3.500564348949386,0.258819045102521,-0.9659258262890682
232.87752204037542,2,1,0,2,3.260285308565256,-0.7071067811865477,0.7071067811865474
5.0,0,1,0,1,0.07,0.25881904510252074,0.9659258262890683
279.78848154396525,2,1,0,2,3.9170387416155137,-0.25881904510252157,0.9659258262890681
423.90513895498873,2,0,1,2,5.934671945369843,0.9659258262890683,-0.25881904510252063
46.898517352159075,2,0,1,2,0.6565792429302271,1.2246467991473532e-16,-1.0
479.0469995527767,2,1,0,2,6.706657993738874,0.0,1.0
30.8307485233899,0,1,0,1,0.4316304793274586,0.49999999999999994,0.8660254037844387
631.1183459867716,2,1,1,2,8.835656843814803,0.25881904510252074,0.9659258262890683
175.97312251297302,0,1,0,1,2.463623715181622,-0.5000000000000004,0.8660254037844384
276.21105942884043,0,1,1,1,3.866954832003766,-0.5000000000000004,0.8660254037844384
90.56604304742064,2,0,0,2,1.2679246026638888,-0.9659258262890684,0.2588190451025203
238.81550803552446,1,0,1,0,3.343417112497342,0.9659258262890683,-0.25881904510252063
291.1267919892745,2,1,1,2,4.075775087849843,0.49999999999999994,0.8660254037844387
234.49082126209098,1,1,0,0,3.2828714976692734,-0.8660254037844386,0.5000000000000001
148.64540613057272,2,0,0,2,2.0810356858280183,-0.4999999999999997,-0.8660254037844388
79.61838666499332,0,1,1,1,1.1146574133099065,0.25881904510252074,0.9659258262890683
453.49479151671596,2,0,0,2,6.348927081234024,-0.8660254037844385,-0.5000000000000004
255.54528429963102,2,1,0,2,3.5776339801948343,-0.25881904510252157,0.9659258262890681
527.3354277730191,0,1,0,1,7.382695988822268,0.9659258262890683,0.25881904510252074
155.23317613691387,0,1,0,1,2.173264465916794,0.0,1.0
171.73695519300094,2,1,0,2,2.404317372702013,0.7071067811865476,0.7071067811865476
396.80696402730933,2,0,1,2,5.555297496382331,-1.0,-1.8369701987210297e-16
42.135493160641545,0,0,1,1,0.5898969042489817,1.0,6.123233995736766e-17
31.576595172473873,0,1,0,1,0.44207233241463423,-0.5000000000000004,0.8660254037844384
447.54729484356943,1,1,1,0,6.265662127809972,-0.7071067811865477,0.7071067811865474
39.05189273982495,0,0,0,1,0.5467264983575493,-0.2588190451025208,-0.9659258262890683
77.42918275445857,1,0,1,0,1.08400855856242,-0.2588190451025208,-0.9659258262890683
586.3348938531564,0,0,0,1,8.208688513944189,0.7071067811865476,-0.7071067811865475
5.0,2,1,1,2,0.07,-0.25881904510252157,0.9659258262890681
283.1414916990705,2,0,0,2,3.9639808837869874,1.0,6.123233995736766e-17
262.4353346903688,0,0,0,1,3.674094685665163,-0.7071067811865471,-0.7071067811865479
255.91309699125503,0,1,0,1,3.5827833578775703,0.7071067811865476,0.7071067811865476
201.8829358297944,2,0,0,2,2.8263611016171217,1.0,6.123233995736766e-17
330.71438490623973,2,0,0,2,4.630001388687357,-0.4999999999999997,-0.8660254037844388
313.77568867339494,1,0,0,0,4.3928596414275285,-0.8660254037844385,-0.5000000000000004
412.6337230846303,2,1,0,2,5.776872123184824,0.49999999999999994,0.8660254037844387
180.25156331702186,2,0,0,2,2.523521886438306,-0.7071067811865471,-0.7071067811865479
378.2507995765889,2,1,0,2,5.295511194072245,0.25881904510252074,0.9659258262890683
125.92076774558706,2,0,1,2,1.7628907484382188,1.0,6.123233995736766e-17
5.0,2,0,1,2,0.07,-0.7071067811865471,-0.7071067811865479
16.40889237737815,2,1,0,2,0.2297244932832941,-0.8660254037844386,0.5000000000000001
13.179881935174649,2,0,0,2,0.18451834709244508,0.8660254037844387,-0.4999999999999998
431.72547422041487,0,0,1,1,6.0441566390858075,0.258819045102521,-0.9659258262890682
22.623231630540204,2,1,1,2,0.31672524282756287,-0.25881904510252157,0.9659258262890681
299.32699131687457,0,1,1,1,4.190577878436244,0.0,1.0
202.13364506696206,0,0,0,1,2.829871030937469,-0.2588190451025208,-0.9659258262890683
231.52325677888632,2,0,1,2,3.2413255949044086,0.49999999999999994,-0.8660254037844387
495.449313135946,0,0,1,1,6.936290383903244,-0.9659258262890683,-0.25881904510252063
171.08307390125077,2,1,0,2,2.395163034617511,-0.7071067811865477,0.7071067811865474
360.088281078943,0,1,0,1,5.041235935105202,0.8660254037844386,0.5000000000000001
256.7614032486001,2,0,0,2,3.5946596454804016,-0.4999999999999997,-0.8660254037844388
222.6365969861144,0,0,0,1,3.1169123578056013,1.0,6.123233995736766e-17
663.9944423895652,0,0,0,1,9.295922193453913,-0.2588190451025208,-0.9659258262890683
9.44151422876655,2,0,0,2,0.1321811992027317,-0.9659258262890684,0.2588190451025203
482.04373037874007,2,0,1,2,6.74861222530236,0.9659258262890683,-0.25881904510252063
368.15318178819496,0,1,0,1,5.154144545034729,0.7071067811865476,0.7071067811865476
163.68550096627888,0,1,0,1,2.2915970135279045,0.49999999999999994,0.8660254037844387
543.2773331394901,2,0,1,2,7.605882663952862,0.258819045102521,-0.9659258262890682
82.6598202299366,0,0,1,1,1.1572374832191124,-0.9659258262890683,-0.25881904510252063
156.0820016861671,2,1,1,2,2.1851480236063394,-0.25881904510252157,0.9659258262890681
32.47320323156629,0,0,1,1,0.45462484524192803,-0.4999999999999997,-0.8660254037844388
324.1750236768628,2,0,1,2,4.538450331476079,0.49999999999999994,-0.8660254037844387
49.64846178630805,0,1,1,1,0.6950784650083126,-0.25881904510252157,0.9659258262890681
327.9515104134374,2,0,1,2,4.591321145788124,0.49999999999999994,-0.8660254037844387
216.44144515212028,2,0,0,2,3.030180232129684,0.258819045102521,-0.9659258262890682
163.7162903219048,2,0,1,2,2.2920280645066673,-1.0,-1.8369701987210297e-16
319.9565042859959,2,0,0,2,4.479391060003943,-0.8660254037844385,-0.5000000000000004
201.64810769114845,2,1,0,2,2.8230735076760785,0.9659258262890683,0.25881904510252074
54.04572824937304,2,1,0,2,0.7566401954912226,-0.8660254037844386,0.5000000000000001
754.2471381342962,0,0,0,1,10.559459933880145,0.9659258262890683,-0.25881904510252063
162.30990705475398,2,0,0,2,2.2723386987665557,-0.4999999999999997,-0.8660254037844388
149.16963442736267,2,1,0,2,2.088374881983077,-0.7071067811865477,0.7071067811865474
98.42223585015006,2,0,1,2,1.3779113019021008,-0.9659258262890684,0.2588190451025203
21.890196092908553,2,0,0,2,0.30646274530071976,0.7071067811865476,-0.7071067811865475
398.7062108872928,2,0,0,2,5.581886952422099,-0.4999999999999997,-0.8660254037844388
307.8974787264855,2,0,1,2,4.3105647021707965,0.258819045102521,-0.9659258262890682
321.76830432226194,2,0,0,2,4.504756260511667,0.49999999999999994,-0.8660254037844387
183.395956149296,2,0,0,2,2.567543386090144,-0.9659258262890683,-0.25881904510252063
199.71695552975413,2,1,0,2,2.7960373774165577,-0.25881904510252157,0.9659258262890681
183.23240135061974,0,1,0,1,2.5652536189086765,0.8660254037844386,0.5000000000000001
235.38522685561546,2,0,1,2,3.2953931759786164,0.258819045102521,-0.9659258262890682
400.3600183656704,2,1,1,2,5.605040257119385,-0.25881904510252157,0.9659258262890681
310.49357425096235,1,1,1,0,4.346910039513473,0.8660254037844386,0.5000000000000001
340.020309331756,2,1,0,2,4.760284330644584,-0.7071067811865477,0.7071067811865474
339.9206034848565,0,0,0,1,4.7588884487879906,0.7071067811865476,-0.7071067811865475
409.1996387287128,2,0,0,2,5.728794942201979,-0.2588190451025208,-0.9659258262890683
301.8670074772458,0,0,0,1,4.226138104681441,-0.7071067811865471,-0.7071067811865479
314.5926530822054,0,1,1,1,4.404297143150876,0.8660254037844386,0.5000000000000001
463.98512341476817,2,0,1,2,6.495791727806754,0.49999999999999994,-0.8660254037844387
130.2917347594398,1,0,0,0,1.8240842866321574,-1.0,-1.8369701987210297e-16
95.96633560872871,2,0,0,2,1.343528698522202,0.9659258262890683,-0.25881904510252063
36.53411214636594,2,0,0,2,0.5114775700491232,-1.0,-1.8369701987210297e-16
282.9246214516461,0,0,1,1,3.9609447003230454,-0.9659258262890684,0.2588190451025203
83.6718034194422,0,1,0,1,1.1714052478721908,-0.7071067811865477,0.7071067811865474
333.1877372907419,2,0,0,2,4.664628322070386,-0.9659258262890683,-0.25881904510252063
230.34524298990053,2,1,1,2,3.2248334018586076,-0.5000000000000004,0.8660254037844384
454.23514596779023,2,1,0,2,6.359292043549063,-0.8660254037844386,0.5000000000000001
129.0548841163017,2,0,0,2,1.8067683776282237,0.258819045102521,-0.9659258262890682
213.4027086248488,0,0,0,1,2.987637920747883,1.2246467991473532e-16,-1.0
451.9965999928064,2,1,0,2,6.32795239989929,-0.8660254037844386,0.5000000000000001
498.96441642006744,2,1,0,2,6.985501829880945,-0.8660254037844386,0.5000000000000001
127.57257416467239,2,0,1,2,1.7860160383054136,-0.9659258262890683,-0.25881904510252063
282.7206218656888,2,0,0,2,3.9580887061196437,-0.4999999999999997,-0.8660254037844388
302.9954159831287,2,0,1,2,4.241935823763802,-0.4999999999999997,-0.8660254037844388
317.2576130118067,0,0,0,1,4.441606582165294,0.258819045102521,-0.9659258262890682
202.73638132318803,1,0,0,0,2.8383093385246325,0.8660254037844387,-0.4999999999999998
480.6490116622543,0,0,1,1,6.7290861632715595,-1.0,-1.8369701987210297e-16
90.14662705187817,2,0,0,2,1.2620527787262945,0.258819045102521,-0.9659258262890682
174.19655773580487,0,1,1,1,2.4387518083012685,-0.5000000000000004,0.8660254037844384
330.6275318991304,0,1,0,1,4.628785446587826,0.8660254037844386,0.5000000000000001
332.30046615088185,0,1,0,1,4.652206526112346,-0.8660254037844386,0.5000000000000001
493.49662551065734,2,0,1,2,6.908952757149202,-0.9659258262890684,0.2588190451025203
465.68057077623166,2,0,1,2,6.519527990867243,0.7071067811865476,-0.7071067811865475
198.6025074446997,2,1,0,2,2.7804351042257958,-0.7071067811865477,0.7071067811865474
483.9768238355088,2,0,0,2,6.7756755336971235,1.0,6.123233995736766e-17
121.47248612005811,2,1,0,2,1.7006148056808135,-0.5000000000000004,0.8660254037844384
417.55972890253076,2,0,0,2,5.845836204635431,0.49999999999999994,-0.8660254037844387
575.8940461157788,2,0,0,2,8.062516645620903,0.9659258262890683,-0.25881904510252063
468.68993923389445,0,1,0,1,6.561659149274522,-0.8660254037844386,0.5000000000000001
269.0386690343422,2,0,1,2,3.766541366480791,1.0,6.123233995736766e-17
190.27982108101799,2,0,0,2,2.663917495134252,-0.7071067811865471,-0.7071067811865479
25.146433326671513,1,0,0,0,0.35205006657340115,-0.7071067811865471,-0.7071067811865479
305.8971348245567,1,0,0,0,4.282559887543794,-0.2588190451025208,-0.9659258262890683
49.26089896523456,0,0,0,1,0.6896525855132838,-0.4999999999999997,-0.8660254037844388
107.23576054949137,1,0,0,0,1.5013006476928792,-0.9659258262890684,0.2588190451025203
35.66575586739913,2,0,0,2,0.49932058214358777,0.8660254037844387,-0.4999999999999998
167.12938012180206,1,0,0,0,2.3398113217052288,-0.7071067811865471,-0.7071067811865479
244.96550539234318,2,0,0,2,3.4295170754928046,-0.7071067811865471,-0.7071067811865479
299.2506246098269,2,1,0,2,4.1895087445375765,0.8660254037844386,0.5000000000000001
141.9088056254866,2,1,0,2,1.9867232787568123,0.49999999999999994,0.8660254037844387
442.47106715113296,2,1,1,2,6.194594940115861,-0.8660254037844386,0.5000000000000001
212.52305356180614,2,0,0,2,2.975322749865286,1.2246467991473532e-16,-1.0
108.20996201220655,0,0,0,1,1.5149394681708916,0.9659258262890683,-0.25881904510252063
290.73260810381856,0,0,0,1,4.07025651345346,-0.8660254037844385,-0.5000000000000004
603.4395100378869,0,1,0,1,8.448153140530415,0.8660254037844386,0.5000000000000001
310.3289019763212,2,1,1,2,4.344604627668497,0.9659258262890683,0.25881904510252074
184.68598707275072,0,1,0,1,2.5856038190185098,0.25881904510252074,0.9659258262890683
24.943044101366752,0,1,0,1,0.34920261741913455,-0.7071067811865477,0.7071067811865474
210.50578222502733,2,0,0,2,2.9470809511503826,-0.2588190451025208,-0.9659258262890683
292.2870625158608,0,1,0,1,4.092018875222051,0.7071067811865476,0.7071067811865476
180.23543957399738,2,1,1,2,2.5232961540359633,0.49999999999999994,0.8660254037844387
49.76923488337991,2,0,0,2,0.6967692883673188,0.8660254037844387,-0.4999999999999998
96.8982298893819,1,0,0,0,1.3565752184513464,-0.9659258262890683,-0.25881904510252063
511.8169229597964,2,0,0,2,7.165436921437149,0.258819045102521,-0.9659258262890682
508.12018067148296,2,0,0,2,7.113682529400761,0.8660254037844387,-0.4999999999999998
90.40494954317234,0,0,1,1,1.2656692936044127,-0.9659258262890683,-0.25881904510252063
371.0962216958959,0,0,1,1,5.1953471037425425,1.2246467991473532e-16,-1.0
37.856898741368724,2,0,0,2,0.5299965823791621,-0.2588190451025208,-0.9659258262890683
502.77693075909144,2,0,1,2,7.03887703062728,0.7071067811865476,-0.7071067811865475
294.14245262096256,2,1,0,2,4.117994336693476,0.49999999999999994,0.8660254037844387
420.9354697509761,0,0,0,1,5.893096576513665,1.0,6.123233995736766e-17
58.71680249285703,2,0,0,2,0.8220352348999984,-0.9659258262890683,-0.25881904510252063
371.9746783464799,2,0,0,2,5.207645496850719,-0.7071067811865471,-0.7071067811865479
248.6186685367894,1,0,0,0,3.4806613595150515,-0.8660254037844385,-0.5000000000000004
403.34723274235165,2,1,0,2,5.646861258392923,0.9659258262890683,0.25881904510252074
414.676203657613,2,0,0,2,5.805466851206582,0.258819045102521,-0.9659258262890682
261.8412441054549,2,0,1,2,3.6657774174763684,-1.0,-1.8369701987210297e-16
141.85066496273535,0,1,1,1,1.985909309478295,0.49999999999999994,0.8660254037844387
390.34531279230896,2,1,0,2,5.464834379092325,0.49999999999999994,0.8660254037844387
239.17219010707703,2,0,0,2,3.348410661499078,-0.9659258262890683,-0.25881904510252063
92.89870836502433,0,0,1,1,1.3005819171103408,0.49999999999999994,-0.8660254037844387
84.37259833761655,2,1,0,2,1.1812163767266317,0.9659258262890683,0.25881904510252074
15.889594936228661,2,0,0,2,0.22245432910720125,-1.0,-1.8369701987210297e-16
158.14759127864863,2,1,0,2,2.2140662779010807,0.8660254037844386,0.5000000000000001
448.48456829338807,2,0,1,2,6.278783956107432,1.2246467991473532e-16,-1.0
282.00936394697817,2,1,1,2,3.9481310952576942,0.8660254037844386,0.5000000000000001
154.6418129338527,2,1,0,2,2.164985381073938,0.49999999999999994,0.8660254037844387
394.87406887241434,2,0,1,2,5.528236964213801,-1.0,-1.8369701987210297e-16
100.15420808979002,2,0,0,2,1.4021589132570602,-0.8660254037844385,-0.5000000000000004
267.16304937990014,0,1,0,1,3.7402826913186016,-0.7071067811865477,0.7071067811865474
217.66653290940724,1,1,0,0,3.0473314607317015,0.49999999999999994,0.8660254037844387
390.2435126059034,0,0,0,1,5.463409176482648,-0.4999999999999997,-0.8660254037844388
33.90110676551012,0,0,0,1,0.4746154947171417,-0.8660254037844385,-0.5000000000000004
96.96440575336194,2,0,1,2,1.3575016805470672,1.2246467991473532e-16,-1.0
44.88421863701603,1,0,1,0,0.6283790609182245,-0.2588190451025208,-0.9659258262890683
203.2725900743314,2,0,0,2,2.8458162610406394,-0.7071067811865471,-0.7071067811865479
468.0569506538375,1,0,0,0,6.552797309153724,0.49999999999999994,-0.8660254037844387
159.0195022623651,1,0,0,0,2.226273031673111,-0.8660254037844385,-0.5000000000000004
158.0768911247829,0,1,0,1,2.2130764757469605,0.8660254037844386,0.5000000000000001
406.91039635314456,1,1,0,0,5.6967455489440235,-0.8660254037844386,0.5000000000000001
442.3389205219539,0,0,1,1,6.192744887307355,-0.4999999999999997,-0.8660254037844388
234.05720789161782,2,0,0,2,3.27680091048265,-0.9659258262890683,-0.25881904510252063
373.2486737289806,2,0,1,2,5.225481432205728,-0.7071067811865471,-0.7071067811865479
56.14818264196964,0,0,0,1,0.786074556987575,-0.2588190451025208,-0.9659258262890683
498.0353801065745,2,0,0,2,6.972495321492043,-0.2588190451025208,-0.9659258262890683
636.7671329086693,0,0,0,1,8.914739860721369,1.2246467991473532e-16,-1.0
343.81884241397046,1,1,0,0,4.813463793795587,0.0,1.0
125.17969184170408,2,1,0,2,1.752515685783857,0.9659258262890683,0.25881904510252074
149.51855276839882,0,1,1,1,2.0932597387575833,-0.5000000000000004,0.8660254037844384
360.3085579004778,1,0,0,0,5.044319810606689,0.49999999999999994,-0.8660254037844387
174.1330605100547,1,0,0,0,2.4378628471407655,0.49999999999999994,-0.8660254037844387
478.99573976501756,1,0,0,0,6.705940356710245,-0.7071067811865471,-0.7071067811865479
355.8683075984558,2,1,0,2,4.98215630637838,-0.25881904510252157,0.9659258262890681
122.83440986215662,1,1,1,0,1.7196817380701928,0.49999999999999994,0.8660254037844387
255.8076659388255,0,0,0,1,3.581307323143557,-0.8660254037844385,-0.5000000000000004
89.11002028496378,2,1,0,2,1.247540283989493,-0.7071067811865477,0.7071067811865474
217.13472188576048,2,0,0,2,3.039886106400647,-0.2588190451025208,-0.9659258262890683
150.1732167221407,0,1,1,1,2.1024250341099697,0.25881904510252074,0.9659258262890683
461.4571240419469,2,0,1,2,6.460399736587257,0.8660254037844387,-0.4999999999999998
630.8821702295791,0,0,0,1,8.832350383214107,0.9659258262890683,-0.25881904510252063
7.613899982435385,0,0,0,1,0.10659459975409538,0.49999999999999994,-0.8660254037844387
96.17893151775542,2,0,1,2,1.3465050412485757,1.0,6.123233995736766e-17
205.86896406675058,0,1,0,1,2.8821654969345083,-0.7071067811865477,0.7071067811865474
23.314825789162853,0,1,0,1,0.32640756104827995,0.25881904510252074,0.9659258262890683
258.3180886607651,2,1,0,2,3.6164532412507113,0.7071067811865476,0.7071067811865476
384.8085004850668,2,1,0,2,5.387319006790936,-0.5000000000000004,0.8660254037844384
518.9455415080286,2,0,0,2,7.2652375811124,-0.2588190451025208,-0.9659258262890683
286.2510205687506,2,0,1,2,4.0075142879625085,1.2246467991473532e-16,-1.0
215.23205952707576,1,1,0,0,3.013248833379061,-0.7071067811865477,0.7071067811865474
106.10928498315513,2,0,0,2,1.4855299897641718,1.2246467991473532e-16,-1.0
254.71332685344373,0,0,0,1,3.5659865759482123,1.2246467991473532e-16,-1.0
262.8317068989031,2,1,0,2,3.679643896584644,0.8660254037844386,0.5000000000000001
365.0122265582942,2,0,1,2,5.110171171816119,0.258819045102521,-0.9659258262890682
122.47214172476359,0,1,1,1,1.7146099841466902,0.9659258262890683,0.25881904510252074
171.69053195754526,0,1,0,1,2.4036674474056334,-0.7071067811865477,0.7071067811865474
16.04040595475317,2,0,1,2,0.22456568336654437,-0.2588190451025208,-0.9659258262890683
162.43270523913174,2,0,0,2,2.2740578733478443,0.9659258262890683,-0.25881904510252063
50.47052365657902,2,1,0,2,0.7065873311921063,-0.25881904510252157,0.9659258262890681
32.658646565542995,2,1,0,2,0.45722105191760193,-0.7071067811865477,0.7071067811865474
310.60821317571003,0,0,0,1,4.34851498445994,0.9659258262890683,-0.25881904510252063
156.73586979996568,2,0,0,2,2.1943021771995195,1.0,6.123233995736766e-17
153.11731658653795,2,0,0,2,2.1436424322115313,-0.8660254037844385,-0.5000000000000004
72.80565168846184,2,1,0,2,1.0192791236384657,-0.8660254037844386,0.5000000000000001
331.861777852238,1,0,0,0,4.646064889931332,0.49999999999999994,-0.8660254037844387
521.4959347745591,1,0,1,0,7.300943086843828,0.7071067811865476,-0.7071067811865475
69.95130590017811,2,0,0,2,0.9793182826024935,1.2246467991473532e-16,-1.0
175.76438742701674,0,0,0,1,2.460701423978234,0.7071067811865476,-0.7071067811865475
11.880589752075878,2,1,0,2,0.16632825652906227,-0.8660254037844386,0.5000000000000001
424.94746181931407,2,0,0,2,5.949264465470398,-0.2588190451025208,-0.9659258262890683
275.8172086667184,0,0,0,1,3.8614409213340575,0.8660254037844387,-0.4999999999999998
101.25424865214364,1,0,0,0,1.4175594811300112,1.0,6.123233995736766e-17
179.39866995807571,1,0,0,0,2.51158137941306,1.0,6.123233995736766e-17
552.0723859824766,0,0,1,1,7.7290134037546725,-0.9659258262890683,-0.25881904510252063
236.8655022613699,2,0,1,2,3.3161170316591786,-0.7071067811865471,-0.7071067811865479
217.28796322913695,0,0,1,1,3.042031485207917,0.9659258262890683,-0.25881904510252063
80.55133249493227,2,0,0,2,1.1277186549290519,-0.7071067811865471,-0.7071067811865479
91.02460708501451,0,0,0,1,1.274344499190203,-1.0,-1.8369701987210297e-16
221.193038755718,2,0,0,2,3.096702542580052,-0.4999999999999997,-0.8660254037844388
308.58732021843116,0,0,0,1,4.3202224830580365,-0.4999999999999997,-0.8660254037844388
447.92520357898053,2,1,0,2,6.2709528501057274,0.9659258262890683,0.25881904510252074
154.72937620993798,2,0,0,2,2.166211266939132,0.8660254037844387,-0.4999999999999998
47.482661135854784,1,0,1,0,0.664757255901967,-0.4999999999999997,-0.8660254037844388
145.46660369983894,2,0,0,2,2.0365324517977452,1.0,6.123233995736766e-17
249.37344725682368,2,0,0,2,3.4912282615955315,0.9659258262890683,-0.25881904510252063
223.89393552488397,2,0,1,2,3.1345150973483755,-0.9659258262890683,-0.25881904510252063
228.09603657629148,2,1,0,2,3.193344512068081,-0.8660254037844386,0.5000000000000001
323.45729054259004,2,0,0,2,4.52840206759626,-0.7071067811865471,-0.7071067811865479
87.40724005976034,2,0,0,2,1.2237013608366447,-0.4999999999999997,-0.8660254037844388
418.145459602065,0,1,0,1,5.85403643442891,0.49999999999999994,0.8660254037844387
328.0214395059065,2,1,0,2,4.592300153082691,0.0,1.0
192.43019245694572,1,0,0,0,2.69402269439724,1.2246467991473532e-16,-1.0
538.1634385400048,0,1,1,1,7.534288139560067,-0.7071067811865477,0.7071067811865474
530.154886402918,2,0,0,2,7.422168409640852,0.258819045102521,-0.9659258262890682
417.92116393488556,0,0,0,1,5.850896295088398,0.8660254037844387,-0.4999999999999998
293.3402187022026,2,1,0,2,4.106763061830836,0.25881904510252074,0.9659258262890683
534.2101166892355,0,0,1,1,7.478941633649297,0.8660254037844387,-0.4999999999999998
393.05653404494814,2,0,0,2,5.502791476629274,0.9659258262890683,-0.25881904510252063
611.1535547883286,2,1,0,2,8.556149767036601,0.8660254037844386,0.5000000000000001
472.74362651203694,0,0,0,1,6.618410771168517,1.2246467991473532e-16,-1.0
534.1016819495114,1,1,0,0,7.477423547293159,0.25881904510252074,0.9659258262890683
408.1578730324682,0,0,1,1,5.714210222454555,0.7071067811865476,-0.7071067811865475
492.7647757561922,2,1,0,2,6.898706860586691,0.9659258262890683,0.25881904510252074
608.9422733321992,0,0,0,1,8.52519182665079,1.0,6.123233995736766e-17
288.9798529080771,2,1,0,2,4.045717940713079,0.49999999999999994,0.8660254037844387
33.001497934063366,2,0,0,2,0.4620209710768871,-0.2588190451025208,-0.9659258262890683
194.65703799727441,2,0,0,2,2.7251985319618415,-0.7071067811865471,-0.7071067811865479
320.1902078890186,0,1,0,1,4.482662910446261,0.9659258262890683,0.25881904510252074
263.4797651868804,2,1,1,2,3.688716712616326,-0.7071067811865477,0.7071067811865474
25.618846091303226,2,0,0,2,0.3586638452782452,0.9659258262890683,-0.25881904510252063
43.59217253509621,0,1,0,1,0.610290415491347,0.0,1.0
116.59071964573073,2,0,0,2,1.6322700750402304,-0.9659258262890684,0.2588190451025203
395.39312007714716,2,0,0,2,5.53550368108006,-0.4999999999999997,-0.8660254037844388
534.4611587481345,2,0,0,2,7.482456222473883,-0.8660254037844385,-0.5000000000000004
414.9821704799862,1,1,0,0,5.8097503867198075,-0.25881904510252157,0.9659258262890681
440.3369116805445,2,0,0,2,6.164716763527624,-0.9659258262890683,-0.25881904510252063
235.45319683055962,2,1,0,2,3.296344755627835,-0.25881904510252157,0.9659258262890681
63.57484238707349,0,1,0,1,0.8900477934190288,0.49999999999999994,0.8660254037844387
168.06029544111303,0,1,0,1,2.352844136175582,-0.25881904510252157,0.9659258262890681
203.42240586297183,2,1,0,2,2.8479136820816056,0.9659258262890683,0.25881904510252074
160.5305523695772,0,0,1,1,2.247427733174081,-0.8660254037844385,-0.5000000000000004
259.8450757674327,0,1,0,1,3.637831060744058,-0.5000000000000004,0.8660254037844384
329.45555678073106,0,0,0,1,4.612377794930235,1.2246467991473532e-16,-1.0
403.54273388382956,2,1,0,2,5.649598274373614,-0.5000000000000004,0.8660254037844384
199.93842441405985,0,1,0,1,2.799137941796838,-0.7071067811865477,0.7071067811865474
92.67669301602683,2,0,0,2,1.2974737022243759,-0.8660254037844385,-0.5000000000000004
163.08201052759574,2,1,1,2,2.2831481473863406,-0.8660254037844386,0.5000000000000001
257.8678714585571,2,0,0,2,3.610150200419799,-0.7071067811865471,-0.7071067811865479
470.1054259840135,2,0,0,2,6.581475963776189,-0.8660254037844385,-0.5000000000000004
147.794588406861,2,1,0,2,2.069124237696054,0.0,1.0
342.25785311189236,0,0,1,1,4.791609943566493,-0.7071067811865471,-0.7071067811865479
302.2158219343778,2,1,0,2,4.231021507081289,0.9659258262890683,0.25881904510252074
257.9020959622099,2,0,0,2,3.6106293434709387,0.9659258262890683,-0.25881904510252063
417.4959974784265,2,1,0,2,5.844943964697971,0.0,1.0
131.04858458453546,2,1,0,2,1.8346801841834965,0.25881904510252074,0.9659258262890683
146.46643906416705,1,0,1,0,2.050530146898339,-0.4999999999999997,-0.8660254037844388
247.85785184303893,2,1,0,2,3.470009925802545,0.8660254037844386,0.5000000000000001
134.77362908313404,2,1,0,2,1.8868308071638766,-0.25881904510252157,0.9659258262890681
341.44221238982794,2,0,0,2,4.780190973457591,-0.9659258262890684,0.2588190451025203
121.6253852140961,2,0,0,2,1.7027553929973454,-0.4999999999999997,-0.8660254037844388
290.7347573941242,2,1,1,2,4.070286603517738,-0.8660254037844386,0.5000000000000001
231.96890161838382,0,0,0,1,3.2475646226573733,0.7071067811865476,-0.7071067811865475
288.686673659807,1,1,0,0,4.041613431237298,0.8660254037844386,0.5000000000000001
167.24654888865297,2,1,0,2,2.3414516844411413,0.49999999999999994,0.8660254037844387
188.96410698517113,0,1,0,1,2.6454974977923955,0.9659258262890683,0.25881904510252074
267.281668239469,0,1,0,1,3.741943355352566,-0.8660254037844386,0.5000000000000001
286.3734111090363,0,0,0,1,4.009227755526508,-0.4999999999999997,-0.8660254037844388
249.2436552295919,2,0,0,2,3.4894111732142865,-0.9659258262890683,-0.25881904510252063
556.9652241723552,2,0,0,2,7.797513138412973,-0.2588190451025208,-0.9659258262890683
71.66735462656885,2,0,0,2,1.0033429647719638,0.7071067811865476,-0.7071067811865475
238.44331690851155,0,1,0,1,3.3382064367191613,0.7071067811865476,0.7071067811865476
33.25322398105726,0,0,0,1,0.46554513573480166,0.49999999999999994,-0.8660254037844387
316.9746661601295,2,0,0,2,4.437645326241814,-0.9659258262890684,0.2588190451025203
49.25562345217347,2,0,0,2,0.6895787283304284,1.0,6.123233995736766e-17
199.90415394221628,1,0,0,0,2.798658155191028,-0.4999999999999997,-0.8660254037844388
183.02842144036134,0,1,1,1,2.5623979001650588,-0.5000000000000004,0.8660254037844384
300.56040278821087,1,0,1,0,4.207845639034952,0.8660254037844387,-0.4999999999999998
150.49763484186758,0,0,1,1,2.106966887786146,-0.4999999999999997,-0.8660254037844388
142.8449744150832,2,0,0,2,1.9998296418111645,0.258819045102521,-0.9659258262890682
508.45416353546165,0,0,1,1,7.118358289496463,-0.9659258262890683,-0.25881904510252063
301.2220222854147,0,1,0,1,4.217108311995806,0.9659258262890683,0.25881904510252074
149.01084663599175,2,0,1,2,2.0861518529038845,-0.9659258262890683,-0.25881904510252063
204.84993907397845,2,0,0,2,2.8678991470356983,-0.9659258262890683,-0.25881904510252063
546.1638914087341,0,1,1,1,7.646294479722277,-0.7071067811865477,0.7071067811865474
207.67032191480254,2,1,0,2,2.9073845068072357,-0.25881904510252157,0.9659258262890681
125.93020783257022,0,1,0,1,1.763022909655983,0.9659258262890683,0.25881904510252074
126.70069297724932,0,0,0,1,1.7738097016814904,-0.4999999999999997,-0.8660254037844388
151.15723342187607,1,0,0,0,2.116201267906265,-1.0,-1.8369701987210297e-16
142.99040996318996,2,1,0,2,2.0018657394846597,0.8660254037844386,0.5000000000000001
19.66338729713624,2,1,1,2,0.27528742215990737,0.7071067811865476,0.7071067811865476
47.64398254954395,0,0,1,1,0.6670157556936154,-0.8660254037844385,-0.5000000000000004
100.72233261495342,2,1,1,2,1.4101126566093478,-0.8660254037844386,0.5000000000000001
356.4827833215576,0,0,1,1,4.990758966501806,0.7071067811865476,-0.7071067811865475
181.37728829088277,0,0,1,1,2.539282036072359,0.258819045102521,-0.9659258262890682
212.71089596307274,2,1,0,2,2.9779525434830183,0.8660254037844386,0.5000000000000001
478.6158445458815,2,0,1,2,6.700621823642341,1.0,6.123233995736766e-17
483.10128698891526,2,0,0,2,6.763418017844813,0.258819045102521,-0.9659258262890682
199.21751023520773,2,1,0,2,2.789045143292908,-0.5000000000000004,0.8660254037844384
136.4445680769864,1,1,0,0,1.9102239530778098,0.25881904510252074,0.9659258262890683
94.40254353876318,0,0,1,1,1.3216356095426844,-0.9659258262890684,0.2588190451025203
374.6996385474828,0,0,0,1,5.245794939664759,-0.8660254037844385,-0.5000000000000004
213.1526979659882,0,0,0,1,2.984137771523835,1.2246467991473532e-16,-1.0
180.43091974189775,2,1,0,2,2.5260328763865685,0.8660254037844386,0.5000000000000001
103.54037647524049,1,1,0,0,1.449565270653367,0.8660254037844386,0.5000000000000001
111.46004637795008,0,0,0,1,1.560440649291301,-0.9659258262890684,0.2588190451025203
307.610474468784,0,0,1,1,4.306546642562975,0.258819045102521,-0.9659258262890682
13.221112140292831,0,0,1,1,0.18509556996409965,0.258819045102521,-0.9659258262890682
429.0763648818289,2,0,1,2,6.007069108345605,1.0,6.123233995736766e-17
153.90796411331468,0,1,0,1,2.1547114975864057,0.9659258262890683,0.25881904510252074
223.06553003467735,2,0,1,2,3.122917420485483,0.7071067811865476,-0.7071067811865475
9.343967534700226,2,0,1,2,0.13081554548580318,-1.0,-1.8369701987210297e-16
247.77413111637438,2,0,0,2,3.4688378356292415,-0.7071067811865471,-0.7071067811865479
190.90223031569923,1,1,1,0,2.6726312244197894,0.25881904510252074,0.9659258262890683
240.985492205836,0,1,0,1,3.3737968908817044,0.7071067811865476,0.7071067811865476
514.9076017051402,0,0,0,1,7.208706423871963,0.8660254037844387,-0.4999999999999998
281.98564824224314,0,1,1,1,3.947799075391404,0.8660254037844386,0.5000000000000001
106.96134685375529,0,1,1,1,1.497458855952574,0.0,1.0
121.96241610161772,1,0,0,0,1.707473825422648,0.49999999999999994,-0.8660254037844387
357.12361346447835,2,0,0,2,4.999730588502697,-1.0,-1.8369701987210297e-16
483.7647923788163,2,1,0,2,6.772707093303429,-0.5000000000000004,0.8660254037844384
300.745243735189,2,1,0,2,4.2104334122926454,0.49999999999999994,0.8660254037844387
373.9682940198585,0,1,0,1,5.235556116278018,0.0,1.0
359.7527902006069,0,1,0,1,5.036539062808497,0.7071067811865476,0.7071067811865476
505.43159440435375,2,0,0,2,7.076042321660952,0.8660254037844387,-0.4999999999999998
100.92623109068592,2,0,0,2,1.412967235269603,-0.7071067811865471,-0.7071067811865479
370.09940907481507,0,0,1,1,5.181391727047411,1.0,6.123233995736766e-17
427.07248790264146,2,1,0,2,5.97901483063698,0.8660254037844386,0.5000000000000001
9.029732895596766,0,0,0,1,0.12641626053835472,1.2246467991473532e-16,-1.0
90.57972687884512,1,0,1,0,1.2681161763038318,0.49999999999999994,-0.8660254037844387
96.85910524693239,2,0,0,2,1.3560274734570534,-0.2588190451025208,-0.9659258262890683
118.81776465207099,2,1,0,2,1.663448705128994,-0.7071067811865477,0.7071067811865474
163.29093083160532,0,0,0,1,2.286073031642475,-0.8660254037844385,-0.5000000000000004
293.66850634988947,0,1,0,1,4.111359088898452,-0.5000000000000004,0.8660254037844384
405.82143721012653,2,0,0,2,5.681500120941771,0.258819045102521,-0.9659258262890682
444.63705239833655,1,1,0,0,6.224918733576712,-0.8660254037844386,0.5000000000000001
99.19184898979927,2,1,0,2,1.3886858858571898,-0.5000000000000004,0.8660254037844384
97.95346023346312,2,1,0,2,1.3713484432684837,-0.8660254037844386,0.5000000000000001
486.8479312029201,0,1,0,1,6.815871036840881,-0.8660254037844386,0.5000000000000001
366.413908375356,0,0,0,1,5.129794717254984,-1.0,-1.8369701987210297e-16
264.9156715364193,2,1,0,2,3.7088194015098708,0.8660254037844386,0.5000000000000001
335.20060159989407,0,1,1,1,4.692808422398517,-0.25881904510252157,0.9659258262890681
244.63531926674068,0,0,0,1,3.4248944697343697,0.9659258262890683,-0.25881904510252063
344.4252429485706,2,1,0,2,4.8219534012799885,0.25881904510252074,0.9659258262890683
189.5079946289667,2,0,0,2,2.653111924805534,-0.8660254037844385,-0.5000000000000004
298.38488819906155,0,1,0,1,4.177388434786861,0.25881904510252074,0.9659258262890683
21.898289066509335,2,1,0,2,0.30657604693113066,-0.5000000000000004,0.8660254037844384
126.19882693142242,2,1,1,2,1.7667835770399138,0.49999999999999994,0.8660254037844387
128.13798817773818,2,1,0,2,1.7939318344883346,-0.25881904510252157,0.9659258262890681
182.60979402275547,0,0,0,1,2.5565371163185766,-0.9659258262890684,0.2588190451025203
83.22761413964534,0,1,0,1,1.1651865979550349,-0.25881904510252157,0.9659258262890681
153.96214735184526,0,0,0,1,2.1554700629258337,-0.9659258262890683,-0.25881904510252063
22.594531231661733,2,0,1,2,0.3163234372432643,-0.4999999999999997,-0.8660254037844388
348.7660857510821,0,1,0,1,4.882725200515149,0.8660254037844386,0.5000000000000001
235.147566595949,0,1,0,1,3.292065932343286,-0.7071067811865477,0.7071067811865474
56.93736939968301,0,0,0,1,0.7971231715955621,-0.8660254037844385,-0.5000000000000004
99.73061610159886,1,0,0,0,1.3962286254223841,-0.2588190451025208,-0.9659258262890683
310.58825696119004,2,1,0,2,4.348235597456661,0.0,1.0
152.25604965055786,0,0,0,1,2.13158469510781,-0.2588190451025208,-0.9659258262890683
124.55053717514261,2,0,0,2,1.7437075204519965,0.8660254037844387,-0.4999999999999998
236.57331813854626,2,1,1,2,3.3120264539396476,0.8660254037844386,0.5000000000000001
311.8475563320789,2,1,1,2,4.365865788649105,0.7071067811865476,0.7071067811865476
8.543442267048931,2,1,1,2,0.11960819173868503,0.0,1.0
349.02312661921826,2,1,0,2,4.886323772669056,0.49999999999999994,0.8660254037844387
105.9472093106722,0,0,0,1,1.4832609303494109,-0.9659258262890684,0.2588190451025203
246.77296571503624,2,0,1,2,3.4548215200105075,0.49999999999999994,-0.8660254037844387
243.6243746755283,0,0,0,1,3.410741245457396,-0.7071067811865471,-0.7071067811865479
155.12809871684067,2,0,0,2,2.1717933820357693,0.49999999999999994,-0.8660254037844387
65.7412456964714,2,1,0,2,0.9203774397505995,-0.8660254037844386,0.5000000000000001
198.57642134339255,0,0,0,1,2.7800698988074957,0.7071067811865476,-0.7071067811865475
542.5594556335351,2,0,1,2,7.595832378869492,0.258819045102521,-0.9659258262890682
5.0,2,1,1,2,0.07,0.8660254037844386,0.5000000000000001
554.6163434388776,0,0,0,1,7.764628808144287,0.7071067811865476,-0.7071067811865475
203.25018920622415,2,1,0,2,2.845502648887138,-0.25881904510252157,0.9659258262890681
256.366855075955,2,0,0,2,3.58913597106337,1.2246467991473532e-16,-1.0
54.3920539507491,2,0,1,2,0.7614887553104874,-1.0,-1.8369701987210297e-16
111.17150499805345,1,0,0,0,1.5564010699727482,1.0,6.123233995736766e-17
159.47626299315655,0,0,0,1,2.232667681904192,-0.7071067811865471,-0.7071067811865479
61.7749052419758,0,1,1,1,0.8648486733876611,0.9659258262890683,0.25881904510252074
212.39476767324308,0,0,1,1,2.9735267474254035,0.7071067811865476,-0.7071067811865475
176.7371394747812,2,0,0,2,2.4743199526469373,0.7071067811865476,-0.7071067811865475
583.140605638432,2,0,1,2,8.163968478938049,0.49999999999999994,-0.8660254037844387
40.12464657751701,0,1,1,1,0.5617450520852382,-0.7071067811865477,0.7071067811865474
268.48429301474573,2,0,1,2,3.7587801022064404,0.7071067811865476,-0.7071067811865475
294.6123307423285,2,0,0,2,4.124572630392598,-0.2588190451025208,-0.9659258262890683
57.342301242669265,2,0,0,2,0.8027922173973697,-0.4999999999999997,-0.8660254037844388
373.62894918151096,2,0,1,2,5.230805288541154,1.0,6.123233995736766e-17
178.30113768130695,1,0,0,0,2.4962159275382976,1.2246467991473532e-16,-1.0
198.63013728495213,2,0,0,2,2.7808219219893298,0.49999999999999994,-0.8660254037844387
368.7729301788217,2,0,0,2,5.162821022503504,1.0,6.123233995736766e-17
48.95064086157453,2,0,0,2,0.6853089720620433,0.49999999999999994,-0.8660254037844387
61.40050969496218,1,0,0,0,0.8596071357294706,-0.2588190451025208,-0.9659258262890683
373.82237492063166,2,0,0,2,5.233513248888843,-0.8660254037844385,-0.5000000000000004
187.51093316467905,2,0,0,2,2.6251530643055068,-0.7071067811865471,-0.7071067811865479
415.1989870992701,0,1,0,1,5.812785819389781,0.0,1.0
467.8298971657574,0,0,1,1,6.549618560320604,0.8660254037844387,-0.4999999999999998
133.91287714198637,2,0,0,2,1.874780279987809,0.8660254037844387,-0.4999999999999998
392.7872492719055,2,0,0,2,5.499021489806677,0.7071067811865476,-0.7071067811865475
114.01705574928127,2,0,0,2,1.5962387804899376,-1.0,-1.8369701987210297e-16
651.9608650837918,2,0,0,2,9.127452111173085,-0.4999999999999997,-0.8660254037844388
125.26773918438128,2,0,1,2,1.7537483485813379,-0.7071067811865471,-0.7071067811865479
434.69573937280074,2,0,1,2,6.0857403512192105,0.49999999999999994,-0.8660254037844387
401.8822046586836,2,1,0,2,5.6263508652215695,-0.25881904510252157,0.9659258262890681
306.8958079796081,2,0,0,2,4.296541311714513,-0.8660254037844385,-0.5000000000000004
129.30223094499704,0,0,0,1,1.8102312332299584,-1.0,-1.8369701987210297e-16
222.74845145054636,1,0,0,0,3.118478320307649,1.2246467991473532e-16,-1.0
137.64586033001933,0,1,0,1,1.9270420446202707,0.9659258262890683,0.25881904510252074
290.39560690880506,2,0,0,2,4.065538496723271,-0.4999999999999997,-0.8660254037844388
312.93075958510934,2,0,1,2,4.381030634191531,-0.7071067811865471,-0.7071067811865479
274.02989543104684,1,1,0,0,3.8364185360346554,0.7071067811865476,0.7071067811865476
285.19511083266036,2,0,0,2,3.9927315516572452,0.9659258262890683,-0.25881904510252063
22.18543988383402,2,0,0,2,0.3105961583736763,1.0,6.123233995736766e-17
115.34362308724073,0,0,0,1,1.6148107232213702,-0.8660254037844385,-0.5000000000000004
302.4986079740283,0,0,0,1,4.234980511636396,-0.7071067811865471,-0.7071067811865479
302.0810030157372,0,1,0,1,4.229134042220321,0.25881904510252074,0.9659258262890683
219.35971744518773,2,0,1,2,3.071036044232628,-0.8660254037844385,-0.5000000000000004
364.3441965887122,2,1,1,2,5.10081875224197,0.7071067811865476,0.7071067811865476
65.27637244547802,1,0,0,0,0.9138692142366922,-0.2588190451025208,-0.9659258262890683
359.8423010249193,2,0,0,2,5.037792214348871,0.9659258262890683,-0.25881904510252063
335.4535788711804,0,1,1,1,4.696350104196526,0.8660254037844386,0.5000000000000001
317.9598519108239,0,1,0,1,4.4514379267515345,0.8660254037844386,0.5000000000000001
217.23272240458195,0,1,0,1,3.0412581136641474,0.8660254037844386,0.5000000000000001
579.5338884696271,2,1,0,2,8.113474438574778,0.8660254037844386,0.5000000000000001
338.77522392817815,2,1,1,2,4.742853134994494,0.49999999999999994,0.8660254037844387
75.69954461435938,0,1,0,1,1.0597936246010313,0.9659258262890683,0.25881904510252074
294.69498563247714,0,1,0,1,4.12572979885468,0.0,1.0
385.4470078733593,1,0,0,0,5.396258110227031,0.9659258262890683,-0.25881904510252063
144.1404521936243,2,0,0,2,2.0179663307107405,1.2246467991473532e-16,-1.0
446.0690044475978,2,0,1,2,6.24496606226637,-0.9659258262890684,0.2588190451025203
318.76606702888193,1,1,0,0,4.462724938404347,0.9659258262890683,0.25881904510252074
171.6461007797625,0,0,0,1,2.403045410916675,-0.9659258262890683,-0.25881904510252063
303.94095592082675,0,0,0,1,4.2551733828915745,-0.9659258262890683,-0.25881904510252063
176.91475220571124,2,0,0,2,2.476806530879957,-0.7071067811865471,-0.7071067811865479
346.6923666175125,0,0,1,1,4.853693132645175,0.9659258262890683,-0.25881904510252063
419.95867124532657,0,0,1,1,5.879421397434572,-0.8660254037844385,-0.5000000000000004
285.12916848552726,0,0,0,1,3.9918083587973814,0.9659258262890683,-0.25881904510252063
549.7454021100452,2,0,1,2,7.696435629540633,-0.4999999999999997,-0.8660254037844388
217.83276077857076,2,0,1,2,3.0496586508999908,0.7071067811865476,-0.7071067811865475
362.4672081496975,0,1,0,1,5.074540914095765,0.0,1.0
394.8896632547225,2,0,1,2,5.528455285566115,0.8660254037844387,-0.4999999999999998
232.47772559930812,2,0,0,2,3.2546881583903136,-0.8660254037844385,-0.5000000000000004
390.1793754360008,1,0,0,0,5.462511256104011,-0.9659258262890684,0.2588190451025203
142.95886231080962,2,1,0,2,2.001424072351335,0.0,1.0
173.9376845761807,0,0,0,1,2.4351275840665294,0.8660254037844387,-0.4999999999999998
13.752035739463764,2,0,0,2,0.1925285003524927,-0.2588190451025208,-0.9659258262890683
293.45364094660846,0,1,1,1,4.108350973252518,-0.25881904510252157,0.9659258262890681
308.54530165378196,1,1,1,0,4.319634223152947,0.8660254037844386,0.5000000000000001
462.2673685442613,2,1,1,2,6.471743159619657,0.9659258262890683,0.25881904510252074
392.40520078405905,2,1,0,2,5.493672810976826,0.8660254037844386,0.5000000000000001
198.73679980346202,2,1,0,2,2.7823151972484683,0.7071067811865476,0.7071067811865476
37.92765627983016,2,0,0,2,0.5309871879176222,-0.7071067811865471,-0.7071067811865479
327.9130724535953,0,0,0,1,4.590783014350334,-0.7071067811865471,-0.7071067811865479
449.9355710346356,1,0,0,0,6.299097994484899,0.7071067811865476,-0.7071067811865475
385.9332952847098,2,0,0,2,5.403066133985937,-0.2588190451025208,-0.9659258262890683
445.20595447431174,2,0,0,2,6.232883362640365,1.2246467991473532e-16,-1.0
211.85988438431633,2,1,0,2,2.9660383813804287,0.7071067811865476,0.7071067811865476
166.00858572838382,0,0,0,1,2.3241202001973735,-0.2588190451025208,-0.9659258262890683
117.35775659827618,2,1,1,2,1.6430085923758666,-0.25881904510252157,0.9659258262890681
239.9386360095528,0,1,0,1,3.3591409041337394,-0.25881904510252157,0.9659258262890681
235.8536567256125,0,0,0,1,3.3019511941585753,0.8660254037844387,-0.4999999999999998
287.2019731370409,0,1,1,1,4.0208276239185725,0.49999999999999994,0.8660254037844387
226.72645773360856,2,0,0,2,3.1741704082705198,0.7071067811865476,-0.7071067811865475
225.94700864918119,0,0,1,1,3.1632581210885364,-0.4999999999999997,-0.8660254037844388
110.19507046501411,2,1,1,2,1.5427309865101975,-0.25881904510252157,0.9659258262890681
419.4914224392684,2,0,0,2,5.872879914149758,-1.0,-1.8369701987210297e-16
263.773251203868,0,1,0,1,3.6928255168541524,0.25881904510252074,0.9659258262890683
218.60009182864923,0,1,0,1,3.060401285601089,0.25881904510252074,0.9659258262890683
115.46273441514316,2,0,0,2,1.6164782818120043,0.8660254037844387,-0.4999999999999998
10.25564012960453,2,1,0,2,0.14357896181446342,0.7071067811865476,0.7071067811865476
485.43355465888186,2,1,0,2,6.796069765224346,0.8660254037844386,0.5000000000000001
349.8349674637253,2,1,1,2,4.897689544492155,0.25881904510252074,0.9659258262890683
42.305211662594104,2,0,0,2,0.5922729632763175,1.0,6.123233995736766e-17
387.36561412773824,2,0,0,2,5.423118597788335,-1.0,-1.8369701987210297e-16
416.04661064195966,2,1,0,2,5.824652548987435,0.9659258262890683,0.25881904510252074
272.3877020141673,0,1,0,1,3.8134278281983423,-0.5000000000000004,0.8660254037844384
537.6599612353166,0,0,0,1,7.527239457294432,-0.7071067811865471,-0.7071067811865479
289.00953558211893,0,0,0,1,4.046133498149665,-0.2588190451025208,-0.9659258262890683
5.028235030854177,2,0,0,2,0.07039529043195847,0.258819045102521,-0.9659258262890682
315.7304201886978,1,1,0,0,4.420225882641769,0.9659258262890683,0.25881904510252074
294.0815143082913,0,1,0,1,4.117141200316078,-0.7071067811865477,0.7071067811865474
141.40656721993213,0,0,1,1,1.9796919410790497,1.2246467991473532e-16,-1.0
353.2405906379365,0,0,0,1,4.945368268931111,-0.4999999999999997,-0.8660254037844388
50.179747914355175,1,1,0,0,0.7025164708009725,-0.25881904510252157,0.9659258262890681
428.3020289397021,2,0,0,2,5.996228405155829,-0.2588190451025208,-0.9659258262890683
91.93809335101852,2,0,0,2,1.2871333069142592,0.9659258262890683,-0.25881904510252063
72.70969747893417,0,1,0,1,1.0179357647050784,-0.8660254037844386,0.5000000000000001
229.51154098465418,0,0,0,1,3.2131615737851584,-0.9659258262890684,0.2588190451025203
327.9351270478544,0,0,1,1,4.591091778669961,0.49999999999999994,-0.8660254037844387
279.50633144681734,2,1,0,2,3.913088640255443,-0.8660254037844386,0.5000000000000001
116.32135016097192,2,0,0,2,1.628498902253607,0.8660254037844387,-0.4999999999999998
158.90392758546005,2,0,0,2,2.2246549861964406,0.258819045102521,-0.9659258262890682
46.05237747205683,1,1,1,0,0.6447332846087956,0.9659258262890683,0.25881904510252074
209.55761770662338,0,0,0,1,2.933806647892727,-1.0,-1.8369701987210297e-16
443.50381861196377,2,1,1,2,6.2090534605674925,0.49999999999999994,0.8660254037844387
249.2326712241023,2,1,0,2,3.489257397137432,0.0,1.0
404.69456585670156,2,0,1,2,5.665723921993822,-0.4999999999999997,-0.8660254037844388
511.97224079071447,0,0,0,1,7.167611371070003,-0.4999999999999997,-0.8660254037844388
144.15666657334594,0,1,0,1,2.018193332026843,0.8660254037844386,0.5000000000000001
216.41681445003437,0,1,0,1,3.029835402300481,-0.7071067811865477,0.7071067811865474
640.814714991249,2,1,0,2,8.971406009877485,-0.25881904510252157,0.9659258262890681
509.98181415639016,0,0,0,1,7.139745398189462,0.49999999999999994,-0.8660254037844387
51.03281464622347,2,1,1,2,0.7144594050471286,-0.5000000000000004,0.8660254037844384
319.68669689096316,0,1,1,1,4.475613756473485,0.0,1.0
250.10079862114517,2,1,0,2,3.5014111806960324,-0.5000000000000004,0.8660254037844384
398.76155995457725,2,0,1,2,5.582661839364082,0.7071067811865476,-0.7071067811865475
115.90382185269004,0,0,1,1,1.6226535059376606,-0.9659258262890684,0.2588190451025203
98.87049303267901,1,0,0,0,1.3841869024575062,0.49999999999999994,-0.8660254037844387
128.30727124715028,2,0,0,2,1.7963017974601039,1.0,6.123233995736766e-17
147.0528616842821,0,0,1,1,2.0587400635799495,-0.8660254037844385,-0.5000000000000004
396.7583500256226,2,0,0,2,5.554616900358717,0.258819045102521,-0.9659258262890682
37.38378883320158,2,1,0,2,0.5233730436648221,0.7071067811865476,0.7071067811865476
137.9294980073226,2,0,1,2,1.9310129721025164,0.258819045102521,-0.9659258262890682
72.02223029025942,2,1,0,2,1.0083112240636318,-0.25881904510252157,0.9659258262890681
431.28120821422715,2,1,1,2,6.03793691499918,0.49999999999999994,0.8660254037844387
478.78541789760527,2,0,1,2,6.702995850566474,-0.9659258262890683,-0.25881904510252063
191.12678244451843,2,0,1,2,2.675774954223258,0.258819045102521,-0.9659258262890682
196.36911433361985,1,1,1,0,2.749167600670678,-0.25881904510252157,0.9659258262890681
331.5799424109215,2,1,0,2,4.642119193752901,-0.25881904510252157,0.9659258262890681
515.4067613280861,0,0,1,1,7.215694658593206,-1.0,-1.8369701987210297e-16
323.5499345615051,2,0,0,2,4.529699083861071,1.2246467991473532e-16,-1.0
124.44245035447938,0,0,0,1,1.742194304962711,-0.7071067811865471,-0.7071067811865479
41.38806295755927,2,0,0,2,0.5794328814058298,0.9659258262890683,-0.25881904510252063
49.27727272057223,2,1,0,2,0.6898818180880112,0.9659258262890683,0.25881904510252074
263.1795010562437,2,0,0,2,3.6845130147874117,0.7071067811865476,-0.7071067811865475
132.04104582385702,2,0,1,2,1.848574641533998,0.7071067811865476,-0.7071067811865475
285.0941870783365,2,1,0,2,3.9913186190967114,0.9659258262890683,0.25881904510252074
150.47367707747787,0,0,0,1,2.10663147908469,0.9659258262890683,-0.25881904510252063
59.53364236700591,0,0,0,1,0.8334709931380828,-0.9659258262890683,-0.25881904510252063
38.1343063384472,0,0,0,1,0.5338802887382608,-0.8660254037844385,-0.5000000000000004
531.2238116871813,0,0,0,1,7.437133363620538,0.7071067811865476,-0.7071067811865475
410.01779485305576,2,1,1,2,5.74024912794278,0.25881904510252074,0.9659258262890683
561.4932313290326,2,0,0,2,7.860905238606456,0.258819045102521,-0.9659258262890682
347.1911621359185,2,0,1,2,4.860676269902859,-0.9659258262890684,0.2588190451025203
172.60154644932896,2,0,0,2,2.4164216502906055,0.7071067811865476,-0.7071067811865475
488.20136604818885,2,0,0,2,6.8348191246746435,0.8660254037844387,-0.4999999999999998
244.04775975488178,2,0,0,2,3.4166686365683447,-0.7071067811865471,-0.7071067811865479
289.7515186522634,2,0,1,2,4.056521261131688,1.0,6.123233995736766e-17
242.2916117664066,2,0,0,2,3.3920825647296926,0.8660254037844387,-0.4999999999999998
280.4427594711226,0,1,0,1,3.9261986325957166,-0.25881904510252157,0.9659258262890681
538.8523022130736,0,1,0,1,7.543932230983031,0.9659258262890683,0.25881904510252074
338.3807102723956,2,0,1,2,4.737329943813538,0.7071067811865476,-0.7071067811865475
309.3681509563318,1,0,0,0,4.331154113388646,1.0,6.123233995736766e-17
238.8803087912991,1,0,0,0,3.344324323078187,-0.9659258262890683,-0.25881904510252063
279.41700766950356,2,0,0,2,3.91183810737305,0.49999999999999994,-0.8660254037844387
142.4897915476754,2,1,0,2,1.9948570816674556,0.0,1.0
360.9842834153088,2,1,0,2,5.053779967814323,-0.8660254037844386,0.5000000000000001
14.722298008156173,1,1,1,0,0.20611217211418642,-0.25881904510252157,0.9659258262890681
283.49231784469845,0,0,0,1,3.9688924498257783,-1.0,-1.8369701987210297e-16
351.0832247027988,2,1,0,2,4.915165145839183,-0.5000000000000004,0.8660254037844384
214.23955591187746,2,1,1,2,2.9993537827662844,0.8660254037844386,0.5000000000000001
316.7562026447845,0,1,1,1,4.434586837026982,-0.25881904510252157,0.9659258262890681
71.55980939783495,2,1,0,2,1.0018373315696893,0.9659258262890683,0.25881904510252074
76.15118123872645,2,1,1,2,1.0661165373421704,-0.7071067811865477,0.7071067811865474
292.60908178475074,0,0,0,1,4.096527144986511,1.0,6.123233995736766e-17
372.1389378317893,0,1,1,1,5.20994512964505,-0.5000000000000004,0.8660254037844384
87.47581799030797,0,1,1,1,1.2246614518643115,0.7071067811865476,0.7071067811865476
343.963714319938,0,0,0,1,4.815492000479132,-0.7071067811865471,-0.7071067811865479
152.22372993225935,0,0,0,1,2.1311322190516306,0.7071067811865476,-0.7071067811865475
215.29490428466576,2,0,1,2,3.0141286599853205,-0.4999999999999997,-0.8660254037844388
8.886773758293316,0,0,1,1,0.12441483261610642,1.2246467991473532e-16,-1.0
96.70889676639254,2,0,0,2,1.3539245547294956,0.9659258262890683,-0.25881904510252063
423.90255859545607,0,1,0,1,5.934635820336386,-0.7071067811865477,0.7071067811865474
255.91540731643838,2,0,0,2,3.5828157024301373,1.2246467991473532e-16,-1.0
181.09988769227948,0,1,1,1,2.535398427691913,-0.25881904510252157,0.9659258262890681
229.03209652641374,2,0,0,2,3.2064493513697925,1.0,6.123233995736766e-17
338.0581284395742,2,0,0,2,4.732813798154038,-0.8660254037844385,-0.5000000000000004
329.2890093094008,2,1,0,2,4.610046130331612,0.7071067811865476,0.7071067811865476
236.49513992857584,2,0,1,2,3.3109319590000617,1.0,6.123233995736766e-17
446.7326399614003,0,0,1,1,6.254256959459604,-0.7071067811865471,-0.7071067811865479
424.68327464319987,0,1,0,1,5.945565845004798,0.25881904510252074,0.9659258262890683
324.40696524347123,2,1,1,2,4.541697513408597,-0.8660254037844386,0.5000000000000001
259.8301209238127,2,1,1,2,3.637621692933377,-0.7071067811865477,0.7071067811865474
368.31779712151706,2,1,0,2,5.156449159701238,-0.5000000000000004,0.8660254037844384
306.56813592421304,2,0,0,2,4.291953902938983,-0.2588190451025208,-0.9659258262890683
440.9440129250706,2,0,0,2,6.1732161809509885,-0.2588190451025208,-0.9659258262890683
411.9210478128954,0,0,0,1,5.766894669380536,0.9659258262890683,-0.25881904510252063
66.71429774480887,2,1,0,2,0.9340001684273243,0.9659258262890683,0.25881904510252074
54.52662926649285,2,1,0,2,0.7633728097308999,-0.7071067811865477,0.7071067811865474
123.77508200726626,2,0,0,2,1.7328511481017277,1.0,6.123233995736766e-17
425.7049642120458,2,0,0,2,5.959869498968641,1.0,6.123233995736766e-17
33.73561941882423,2,1,0,2,0.4722986718635392,0.25881904510252074,0.9659258262890683
321.05633003943876,0,1,1,1,4.494788620552143,0.7071067811865476,0.7071067811865476
315.25775639673304,2,0,0,2,4.413608589554263,1.2246467991473532e-16,-1.0
459.2766505635147,2,0,1,2,6.429873107889206,0.7071067811865476,-0.7071067811865475
282.46096431949974,2,0,0,2,3.9544535004729964,0.8660254037844387,-0.4999999999999998
8.222309694897888,2,0,0,2,0.11511233572857042,-0.4999999999999997,-0.8660254037844388
77.3161070833379,2,0,0,2,1.0824254991667306,0.258819045102521,-0.9659258262890682
37.24080605839157,1,0,0,0,0.521371284817482,0.7071067811865476,-0.7071067811865475
153.17008606003475,0,0,0,1,2.1443812048404864,-1.0,-1.8369701987210297e-16
217.07771786369315,0,1,1,1,3.039088050091704,-0.8660254037844386,0.5000000000000001
40.220525280209756,2,1,0,2,0.5630873539229366,0.8660254037844386,0.5000000000000001
514.719158317412,2,0,0,2,7.206068216443769,1.0,6.123233995736766e-17
11.449353048560624,2,0,1,2,0.16029094267984875,-0.9659258262890684,0.2588190451025203
492.29861629524646,0,0,1,1,6.89218062813345,0.49999999999999994,-0.8660254037844387
463.32934565908124,0,0,0,1,6.486610839227137,-0.7071067811865471,-0.7071067811865479
411.69445894402634,2,0,0,2,5.763722425216368,1.2246467991473532e-16,-1.0
125.12201065058491,2,1,1,2,1.7517081491081887,0.7071067811865476,0.7071067811865476
311.6411582518423,2,0,1,2,4.3629762155257925,-0.7071067811865471,-0.7071067811865479
20.073195960888768,0,0,0,1,0.28102474345244277,1.2246467991473532e-16,-1.0
413.96326630607484,0,1,1,1,5.795485728285048,0.0,1.0
236.6827393234716,2,1,0,2,3.313558350528602,-0.7071067811865477,0.7071067811865474
176.32236137439668,2,1,0,2,2.4685130592415536,0.7071067811865476,0.7071067811865476
29.725927601871547,0,0,1,1,0.41616298642620164,-0.4999999999999997,-0.8660254037844388
195.951101353223,2,1,0,2,2.743315418945122,-0.8660254037844386,0.5000000000000001
63.062645733563926,2,0,0,2,0.8828770402698949,-0.7071067811865471,-0.7071067811865479
450.30367521032315,2,1,0,2,6.304251452944524,0.7071067811865476,0.7071067811865476
177.48998287453526,0,0,0,1,2.4848597602434936,-0.8660254037844385,-0.5000000000000004
219.52080571929147,2,0,0,2,3.0732912800700807,0.49999999999999994,-0.8660254037844387
367.9997844919215,2,1,0,2,5.1519969828869,0.8660254037844386,0.5000000000000001
575.0203980609277,0,0,0,1,8.050285572852989,1.2246467991473532e-16,-1.0
488.50083789021494,2,0,0,2,6.839011730463009,0.258819045102521,-0.9659258262890682
74.97969931308614,2,1,1,2,1.049715790383206,-0.5000000000000004,0.8660254037844384
99.66270285873316,2,1,0,2,1.395277840022264,0.49999999999999994,0.8660254037844387
674.7305666380187,2,1,0,2,9.446227932932262,0.7071067811865476,0.7071067811865476
658.4184900987016,0,0,1,1,9.21785886138182,0.7071067811865476,-0.7071067811865475
283.9216473572709,2,0,0,2,3.9749030630017925,0.8660254037844387,-0.4999999999999998
21.31211579527212,2,0,0,2,0.2983696211338097,0.7071067811865476,-0.7071067811865475
423.3807761009091,0,0,1,1,5.927330865412727,1.2246467991473532e-16,-1.0
230.56293651773018,0,1,1,1,3.2278811112482226,0.0,1.0
229.66339784081012,0,0,1,1,3.2152875697713417,0.258819045102521,-0.9659258262890682
411.00259175892324,2,0,0,2,5.754036284624926,0.49999999999999994,-0.8660254037844387
310.18745443719376,2,1,0,2,4.342624362120712,-0.8660254037844386,0.5000000000000001
36.55331601730987,0,0,0,1,0.5117464242423382,0.9659258262890683,-0.25881904510252063
191.5464516852447,2,1,0,2,2.681650323593426,-0.5000000000000004,0.8660254037844384
369.0075271590424,0,0,0,1,5.166105380226594,-0.2588190451025208,-0.9659258262890683
341.84540003290334,0,0,0,1,4.785835600460647,-0.2588190451025208,-0.9659258262890683
297.16298338452566,0,0,0,1,4.16028176738336,-0.9659258262890684,0.2588190451025203
418.01613180565556,2,1,0,2,5.852225845279177,-0.5000000000000004,0.8660254037844384
184.8909421928924,2,0,1,2,2.5884731907004936,-0.8660254037844385,-0.5000000000000004
282.16055953943294,0,1,1,1,3.9502478335520608,-0.7071067811865477,0.7071067811865474
357.60423803196807,2,0,1,2,5.006459332447553,-1.0,-1.8369701987210297e-16
169.0629651082935,2,0,1,2,2.366881511516109,-0.9659258262890684,0.2588190451025203
387.502523543616,0,1,0,1,5.425035329610624,-0.25881904510252157,0.9659258262890681
179.72899591891434,0,1,0,1,2.5162059428648007,-0.8660254037844386,0.5000000000000001
166.07906949091984,2,1,0,2,2.3251069728728777,-0.8660254037844386,0.5000000000000001
62.538468680532674,2,0,1,2,0.8755385615274575,-0.8660254037844385,-0.5000000000000004
430.6058606912462,2,1,0,2,6.028482049677447,0.9659258262890683,0.25881904510252074
348.72338923730274,0,0,0,1,4.882127449322238,-0.2588190451025208,-0.9659258262890683
398.5746276081553,1,0,0,0,5.580044786514174,-0.9659258262890683,-0.25881904510252063
60.718513152420144,2,0,1,2,0.850059184133882,-0.8660254037844385,-0.5000000000000004
221.1189922121859,2,1,0,2,3.0956658909706025,0.9659258262890683,0.25881904510252074
199.58001860499888,0,1,1,1,2.794120260469984,0.8660254037844386,0.5000000000000001
199.49709281226055,2,0,0,2,2.7929592993716477,1.2246467991473532e-16,-1.0
139.11504213076796,2,0,0,2,1.9476105898307514,-0.7071067811865471,-0.7071067811865479
187.70123107959725,1,1,0,0,2.6278172351143616,-0.8660254037844386,0.5000000000000001
402.9360608871973,2,0,0,2,5.641104852420762,0.8660254037844387,-0.4999999999999998
94.31324360260925,0,0,1,1,1.3203854104365296,0.258819045102521,-0.9659258262890682
569.9130582454816,2,0,1,2,7.978782815436742,0.7071067811865476,-0.7071067811865475
337.0914025047631,2,0,0,2,4.719279635066683,1.2246467991473532e-16,-1.0
242.3802587811617,0,0,0,1,3.3933236229362636,-1.0,-1.8369701987210297e-16
413.2301463471267,2,0,1,2,5.785222048859774,-0.7071067811865471,-0.7071067811865479
11.33025413031828,1,0,0,0,0.15862355782445592,-0.8660254037844385,-0.5000000000000004
130.3538370728175,0,0,1,1,1.8249537190194451,-0.7071067811865471,-0.7071067811865479
228.20642216970032,2,0,1,2,3.1948899103758044,-0.2588190451025208,-0.9659258262890683
495.800866677792,2,0,1,2,6.941212133489088,-0.7071067811865471,-0.7071067811865479
241.63061539721957,2,1,0,2,3.382828615561074,-0.25881904510252157,0.9659258262890681
331.0098408133263,2,0,0,2,4.634137771386569,-0.4999999999999997,-0.8660254037844388
143.875780731497,2,0,0,2,2.014260930240958,0.258819045102521,-0.9659258262890682
337.63157241414837,2,1,1,2,4.726842013798078,0.8660254037844386,0.5000000000000001
551.9031267354022,2,0,1,2,7.726643774295631,0.49999999999999994,-0.8660254037844387
429.1948045013405,0,1,0,1,6.008727263018767,0.8660254037844386,0.5000000000000001
235.3379221999817,0,1,1,1,3.294730910799744,-0.25881904510252157,0.9659258262890681
371.5883525077845,0,1,1,1,5.202236935108984,-0.25881904510252157,0.9659258262890681
353.95305182929815,2,0,0,2,4.955342725610174,0.49999999999999994,-0.8660254037844387
341.18578090550966,2,1,0,2,4.776600932677136,0.25881904510252074,0.9659258262890683
450.1516049548736,0,0,0,1,6.30212246936823,-1.0,-1.8369701987210297e-16
448.80598669074396,2,0,1,2,6.283283813670415,-0.8660254037844385,-0.5000000000000004
227.11145256252084,2,0,0,2,3.179560335875292,-1.0,-1.8369701987210297e-16
365.53823106599845,0,0,0,1,5.117535234923978,0.258819045102521,-0.9659258262890682
181.04291419123712,0,0,0,1,2.5346007986773196,-0.9659258262890684,0.2588190451025203
83.84696866319604,2,1,1,2,1.1738575612847444,-0.5000000000000004,0.8660254037844384
201.49112397328244,2,1,0,2,2.8208757356259544,0.8660254037844386,0.5000000000000001
236.2699326868751,0,0,0,1,3.3077790576162514,0.258819045102521,-0.9659258262890682
49.08457805203858,0,0,1,1,0.6871840927285401,-0.7071067811865471,-0.7071067811865479
404.8598606950097,0,1,0,1,5.668038049730136,0.0,1.0
248.11857606843165,0,1,0,1,3.473660064958043,0.25881904510252074,0.9659258262890683
738.6670491075379,0,0,0,1,10.34133868750553,0.7071067811865476,-0.7071067811865475
520.3382440833374,2,1,1,2,7.284735417166723,0.25881904510252074,0.9659258262890683
203.01842964898356,2,0,1,2,2.8422580150857697,0.7071067811865476,-0.7071067811865475
251.69674490147918,0,1,0,1,3.5237544286207085,-0.5000000000000004,0.8660254037844384
304.534937245711,0,0,0,1,4.263489121439954,-0.9659258262890683,-0.25881904510252063
143.95113016199045,0,1,0,1,2.0153158222678664,0.0,1.0
284.6714465656485,2,1,0,2,3.9854002519190797,0.8660254037844386,0.5000000000000001
224.080004013701,2,0,0,2,3.137120056191814,0.258819045102521,-0.9659258262890682
233.03091089842613,0,0,0,1,3.2624327525779657,-0.8660254037844385,-0.5000000000000004
282.66299142651496,0,0,1,1,3.9572818799712093,-1.0,-1.8369701987210297e-16
13.56499629628101,1,0,0,0,0.18990994814793413,-0.9659258262890683,-0.25881904510252063
257.12255034405666,0,0,0,1,3.599715704816793,1.2246467991473532e-16,-1.0
279.4205943911459,0,1,1,1,3.911888321476043,-0.7071067811865477,0.7071067811865474
273.19293184406456,0,1,1,1,3.8247010458169037,0.49999999999999994,0.8660254037844387
211.1504640214922,0,1,1,1,2.956106496300891,-0.8660254037844386,0.5000000000000001
454.81439967448694,0,0,0,1,6.367401595442817,0.7071067811865476,-0.7071067811865475
186.34254012132078,0,0,0,1,2.608795561698491,-0.2588190451025208,-0.9659258262890683
290.91866322817424,2,0,0,2,4.072861285194439,0.9659258262890683,-0.25881904510252063
483.51355610659823,2,0,0,2,6.769189785492375,0.7071067811865476,-0.7071067811865475
235.7122947963438,0,1,0,1,3.299972127148813,0.25881904510252074,0.9659258262890683
288.6033881441592,2,0,0,2,4.040447434018229,1.2246467991473532e-16,-1.0
232.65076546331852,2,1,0,2,3.2571107164864594,0.8660254037844386,0.5000000000000001
472.72656284144784,2,0,1,2,6.618171879780269,0.49999999999999994,-0.8660254037844387
203.60957891446685,2,1,0,2,2.8505341048025357,-0.25881904510252157,0.9659258262890681
481.003823911877,2,1,0,2,6.734053534766278,0.0,1.0
231.35417896352834,2,0,1,2,3.238958505489397,0.7071067811865476,-0.7071067811865475
95.29724977935697,1,0,1,0,1.3341614969109976,1.2246467991473532e-16,-1.0
372.28717070334176,2,1,0,2,5.212020389846784,0.7071067811865476,0.7071067811865476
195.15978992398192,2,1,1,2,2.732237058935747,-0.8660254037844386,0.5000000000000001
361.6901618378493,2,0,0,2,5.06366226572989,0.7071067811865476,-0.7071067811865475
241.29278928627213,0,0,0,1,3.3780990500078096,0.258819045102521,-0.9659258262890682
250.93694714109034,2,0,1,2,3.5131172599752647,-0.2588190451025208,-0.9659258262890683
167.2710462236535,0,1,0,1,2.3417946471311493,0.49999999999999994,0.8660254037844387
58.61343642436995,0,1,0,1,0.8205881099411793,0.25881904510252074,0.9659258262890683
150.41661966883612,0,0,1,1,2.1058326753637058,-1.0,-1.8369701987210297e-16
146.73343402732272,2,0,0,2,2.0542680763825176,0.49999999999999994,-0.8660254037844387
241.3625569268954,0,1,0,1,3.3790757969765353,-0.8660254037844386,0.5000000000000001
5.0,2,0,1,2,0.07,1.0,6.123233995736766e-17
306.92928044674846,1,0,1,0,4.2970099262544785,-0.9659258262890683,-0.25881904510252063
495.91866133704184,0,0,0,1,6.942861258718585,-0.2588190451025208,-0.9659258262890683
300.5671294506087,2,0,0,2,4.207939812308522,1.0,6.123233995736766e-17
395.6179496612216,2,1,0,2,5.538651295257102,-0.7071067811865477,0.7071067811865474
447.0212418304832,2,0,1,2,6.258297385626764,1.0,6.123233995736766e-17
472.5681121931518,0,1,0,1,6.615953570704125,-0.5000000000000004,0.8660254037844384
586.624964707835,2,0,1,2,8.212749505909692,0.8660254037844387,-0.4999999999999998
160.14364031033256,0,1,0,1,2.2420109643446557,-0.5000000000000004,0.8660254037844384
120.67288267099903,2,0,0,2,1.6894203573939865,0.258819045102521,-0.9659258262890682
391.02381669845226,0,1,0,1,5.474333433778332,0.9659258262890683,0.25881904510252074
377.487919538332,0,1,1,1,5.284830873536648,-0.25881904510252157,0.9659258262890681
389.62155393082406,0,0,0,1,5.454701755031537,1.0,6.123233995736766e-17
590.0708417650453,0,1,1,1,8.260991784710633,-0.7071067811865477,0.7071067811865474
252.04658358372896,2,1,1,2,3.5286521701722053,0.7071067811865476,0.7071067811865476
326.7081807363133,2,0,0,2,4.573914530308386,-0.7071067811865471,-0.7071067811865479
73.53011473297454,0,0,0,1,1.0294216062616435,1.0,6.123233995736766e-17
634.3578023156724,2,0,0,2,8.881009232419414,0.9659258262890683,-0.25881904510252063
189.42191418236,2,0,0,2,2.65190679855304,0.9659258262890683,-0.25881904510252063
194.5211329310506,2,0,0,2,2.7232958610347087,-0.9659258262890684,0.2588190451025203
187.5850196185163,2,1,0,2,2.626190274659228,0.49999999999999994,0.8660254037844387
133.9187454440192,2,0,0,2,1.874862436216269,0.8660254037844387,-0.4999999999999998
118.70133120742312,0,0,0,1,1.6618186369039238,-1.0,-1.8369701987210297e-16
155.73322907988546,2,0,0,2,2.1802652071183966,1.2246467991473532e-16,-1.0
5.0,0,0,0,1,0.07,1.0,6.123233995736766e-17
108.6427743526171,2,0,0,2,1.5209988409366393,-0.9659258262890684,0.2588190451025203
600.8133600605714,0,1,0,1,8.411387040848,-0.8660254037844386,0.5000000000000001
382.41792585544636,2,0,1,2,5.353850961976249,-0.4999999999999997,-0.8660254037844388
416.6627518109892,0,0,1,1,5.833278525353849,-1.0,-1.8369701987210297e-16
461.8975817350447,0,1,0,1,6.466566144290626,0.25881904510252074,0.9659258262890683
580.1442215852303,2,0,0,2,8.122019102193224,0.258819045102521,-0.9659258262890682
68.85605925989194,1,0,0,0,0.9639848296384871,0.9659258262890683,-0.25881904510252063
28.621039248422704,1,1,1,0,0.4006945494779179,-0.5000000000000004,0.8660254037844384
105.32974103895666,0,1,0,1,1.4746163745453933,-0.5000000000000004,0.8660254037844384
165.44863663187243,0,0,1,1,2.316280912846214,0.9659258262890683,-0.25881904510252063
195.89750969465518,2,0,0,2,2.742565135725173,1.2246467991473532e-16,-1.0
169.54404049491268,0,1,1,1,2.3736165669287774,0.0,1.0
289.4756043637697,2,1,0,2,4.0526584610927765,-0.25881904510252157,0.9659258262890681
256.35317033413884,2,0,0,2,3.5889443846779434,0.7071067811865476,-0.7071067811865475
119.88973686791505,1,1,0,0,1.6784563161508106,-0.8660254037844386,0.5000000000000001
141.59877985776257,2,1,0,2,1.9823829180086758,-0.25881904510252157,0.9659258262890681
71.28363303183431,0,0,0,1,0.9979708624456803,0.8660254037844387,-0.4999999999999998
151.13704240373647,0,1,0,1,2.115918593652311,0.25881904510252074,0.9659258262890683
205.5257013746105,0,0,0,1,2.877359819244547,-1.0,-1.8369701987210297e-16
46.65985732410334,1,1,0,0,0.6532380025374468,-0.7071067811865477,0.7071067811865474
161.65483603064436,2,0,0,2,2.263167704429021,-0.2588190451025208,-0.9659258262890683
46.42227007259447,2,0,0,2,0.6499117810163226,0.7071067811865476,-0.7071067811865475
227.35251672130005,2,0,1,2,3.1829352340982004,0.7071067811865476,-0.7071067811865475
56.84356089472925,2,0,0,2,0.7958098525262095,0.9659258262890683,-0.25881904510252063
97.19716185331637,2,0,0,2,1.360760265946429,-0.2588190451025208,-0.9659258262890683
14.436856421954985,2,0,0,2,0.2021159899073698,1.2246467991473532e-16,-1.0
222.3698747974389,0,1,0,1,3.1131782471641447,0.9659258262890683,0.25881904510252074
94.0394014085683,0,1,1,1,1.316551619719956,-0.8660254037844386,0.5000000000000001
413.22116800157727,2,0,0,2,5.785096352022082,1.2246467991473532e-16,-1.0
323.0530480047218,0,1,0,1,4.522742672066105,0.49999999999999994,0.8660254037844387
237.42666372694427,2,0,0,2,3.32397329217722,-0.9659258262890684,0.2588190451025203
106.45261047811806,2,0,0,2,1.490336546693653,1.2246467991473532e-16,-1.0
318.4936549569345,0,1,1,1,4.458911169397083,-0.5000000000000004,0.8660254037844384
374.32616008275465,0,1,0,1,5.240566241158565,-0.5000000000000004,0.8660254037844384
275.6839141962935,0,0,0,1,3.859574798748109,-1.0,-1.8369701987210297e-16
538.6663339840475,2,0,1,2,7.541328675776665,-0.7071067811865471,-0.7071067811865479
332.7347172534669,0,1,0,1,4.6582860415485365,0.7071067811865476,0.7071067811865476
414.4492991622461,0,1,0,1,5.802290188271446,0.49999999999999994,0.8660254037844387
274.0417747964761,0,0,0,1,3.836584847150665,-0.4999999999999997,-0.8660254037844388
371.6196015862558,0,0,1,1,5.202674422207581,-0.4999999999999997,-0.8660254037844388
106.57937811954844,0,0,0,1,1.4921112936736782,-0.9659258262890683,-0.25881904510252063
167.4882946216971,0,1,1,1,2.3448361247037592,-0.7071067811865477,0.7071067811865474
312.8854396268284,0,0,0,1,4.380396154775597,1.0,6.123233995736766e-17
311.5779066803287,1,0,0,0,4.3620906935246015,-0.9659258262890684,0.2588190451025203
341.3701281297846,0,1,0,1,4.779181793816984,0.8660254037844386,0.5000000000000001
448.07072061017124,2,0,0,2,6.2729900885423975,0.9659258262890683,-0.25881904510252063
6.494810926774164,0,1,0,1,0.0909273529748383,-0.5000000000000004,0.8660254037844384
74.5985414301467,2,0,0,2,1.0443795800220537,0.7071067811865476,-0.7071067811865475
291.32307539336557,2,1,0,2,4.078523055507118,0.0,1.0
119.61454627537705,0,0,0,1,1.6746036478552788,0.49999999999999994,-0.8660254037844387
857.9982834320851,1,1,0,0,12.011975968049192,0.49999999999999994,0.8660254037844387
342.8295314506245,1,1,0,0,4.799613440308742,-0.8660254037844386,0.5000000000000001
235.9004471925717,2,1,0,2,3.302606260696004,0.49999999999999994,0.8660254037844387
157.21553084490535,2,0,0,2,2.201017431828675,-0.4999999999999997,-0.8660254037844388
163.570789025252,2,0,0,2,2.289991046353528,-0.8660254037844385,-0.5000000000000004
255.42531903673193,1,0,0,0,3.575954466514247,-0.9659258262890683,-0.25881904510252063
270.1567478718264,1,0,0,0,3.782194470205569,0.9659258262890683,-0.25881904510252063
167.79415395516764,0,1,0,1,2.3491181553723472,-0.5000000000000004,0.8660254037844384
200.83259562641769,0,0,1,1,2.8116563387698474,1.2246467991473532e-16,-1.0
491.97122354222734,0,0,0,1,6.887597129591183,0.7071067811865476,-0.7071067811865475
499.2108932771862,0,1,0,1,6.988952505880607,0.49999999999999994,0.8660254037844387
295.3661163882779,2,0,0,2,4.13512562943589,-0.9659258262890684,0.2588190451025203
8.573249097387219,2,0,0,2,0.12002548736342106,-0.2588190451025208,-0.9659258262890683
346.93056819502783,0,0,0,1,4.85702795473039,1.2246467991473532e-16,-1.0
529.7708394899846,0,1,0,1,7.416791752859784,0.49999999999999994,0.8660254037844387
496.56059835322816,2,0,0,2,6.951848376945194,1.2246467991473532e-16,-1.0
382.1966535057401,1,0,1,0,5.3507531490803615,-0.9659258262890684,0.2588190451025203
506.0361319514479,2,1,0,2,7.084505847320271,-0.25881904510252157,0.9659258262890681
259.60916904622394,2,1,0,2,3.634528366647135,-0.5000000000000004,0.8660254037844384
363.0585345700669,0,0,0,1,5.082819483980937,0.8660254037844387,-0.4999999999999998
127.46039806146756,0,0,0,1,1.7844455728605457,-0.7071067811865471,-0.7071067811865479
302.6077821080282,0,1,0,1,4.236508949512395,-0.5000000000000004,0.8660254037844384
489.3161639146944,2,1,0,2,6.850426294805722,-0.5000000000000004,0.8660254037844384
143.9037859323596,2,0,0,2,2.0146530030530343,0.9659258262890683,-0.25881904510252063
94.94018269642845,0,0,0,1,1.3291625577499984,0.258819045102521,-0.9659258262890682
267.5480090242654,0,0,0,1,3.745672126339716,0.258819045102521,-0.9659258262890682
209.20080332968007,2,0,0,2,2.928811246615521,-1.0,-1.8369701987210297e-16
366.8465897926757,0,1,0,1,5.13585225709746,-0.25881904510252157,0.9659258262890681
168.41328532953239,2,0,0,2,2.3577859946134536,-0.8660254037844385,-0.5000000000000004
559.3191308084886,0,0,0,1,7.83046783131884,-0.4999999999999997,-0.8660254037844388
17.85830236700997,0,1,0,1,0.2500162331381396,-0.7071067811865477,0.7071067811865474
475.6722615195522,2,0,1,2,6.65941166127373,-0.9659258262890683,-0.25881904510252063
112.32713890454144,2,0,0,2,1.5725799446635802,1.0,6.123233995736766e-17
73.27689222512419,0,0,0,1,1.0258764911517386,1.2246467991473532e-16,-1.0
292.8175281427961,0,0,0,1,4.0994453939991455,-1.0,-1.8369701987210297e-16
204.17056251750097,0,0,1,1,2.858387875245014,-0.7071067811865471,-0.7071067811865479
50.27031377745445,0,0,0,1,0.7037843928843622,0.49999999999999994,-0.8660254037844387
52.64784050874755,0,1,1,1,0.7370697671224657,0.8660254037844386,0.5000000000000001
248.49505829113778,1,1,0,0,3.4789308160759287,0.25881904510252074,0.9659258262890683
425.6506404922872,2,1,0,2,5.959108966892021,0.0,1.0
355.29162875555994,2,0,1,2,4.974082802577839,-0.7071067811865471,-0.7071067811865479
260.2071967910678,2,1,1,2,3.6429007550749493,0.8660254037844386,0.5000000000000001
336.19256317919235,2,0,0,2,4.706695884508693,1.0,6.123233995736766e-17
245.10145617198575,0,0,0,1,3.4314203864078006,0.8660254037844387,-0.4999999999999998
7.35036374546678,2,1,0,2,0.10290509243653491,0.7071067811865476,0.7071067811865476
5.760917340219777,1,0,0,0,0.08065284276307688,-1.0,-1.8369701987210297e-16
213.4296647827578,0,0,0,1,2.9880153069586095,-0.9659258262890684,0.2588190451025203
221.0824084541066,0,0,0,1,3.0951537183574924,-0.4999999999999997,-0.8660254037844388
403.1768821312177,2,0,0,2,5.644476349837048,1.0,6.123233995736766e-17
386.3147602794545,2,1,0,2,5.408406643912364,-0.25881904510252157,0.9659258262890681
358.9239428366109,2,0,1,2,5.024935199712552,-0.9659258262890683,-0.25881904510252063
199.54911164610746,2,1,0,2,2.7936875630455043,0.8660254037844386,0.5000000000000001
5.0,2,1,1,2,0.07,-0.8660254037844386,0.5000000000000001
324.1728046718843,0,0,0,1,4.53841926540638,1.2246467991473532e-16,-1.0
344.53047638719033,0,1,0,1,4.823426669420664,0.49999999999999994,0.8660254037844387
179.93566324598345,0,1,1,1,2.5190992854437684,0.9659258262890683,0.25881904510252074
99.8191264151207,0,0,0,1,1.3974677698116897,0.258819045102521,-0.9659258262890682
125.61021206909872,2,1,0,2,1.7585429689673822,-0.8660254037844386,0.5000000000000001
271.30303620221855,0,0,1,1,3.7982425068310595,-0.9659258262890683,-0.25881904510252063
105.3951221021751,0,0,0,1,1.4755317094304514,-0.9659258262890683,-0.25881904510252063
243.13577761156472,2,1,0,2,3.4039008865619063,0.7071067811865476,0.7071067811865476
212.10371073646144,0,0,1,1,2.9694519503104604,-0.9659258262890684,0.2588190451025203
221.35309512320896,2,1,1,2,3.0989433317249255,-0.5000000000000004,0.8660254037844384
121.0490271338657,0,0,1,1,1.6946863798741199,-0.2588190451025208,-0.9659258262890683
134.98269026799804,1,0,0,0,1.8897576637519726,-0.2588190451025208,-0.9659258262890683
55.5519292394753,2,1,1,2,0.7777270093526543,0.0,1.0
318.4121393032898,0,0,1,1,4.457769950246058,0.49999999999999994,-0.8660254037844387
352.7984731464463,0,1,0,1,4.939178624050249,-0.7071067811865477,0.7071067811865474
111.28876897743902,1,0,1,0,1.5580427656841462,0.8660254037844387,-0.4999999999999998
523.715217283068,2,0,0,2,7.332013041962952,-0.9659258262890683,-0.25881904510252063
193.3717394604312,0,1,1,1,2.7072043524460367,0.8660254037844386,0.5000000000000001
525.4334122833809,2,0,1,2,7.356067771967333,0.7071067811865476,-0.7071067811865475
134.4171087103114,2,0,0,2,1.8818395219443596,-0.4999999999999997,-0.8660254037844388
114.78399978789838,2,0,1,2,1.6069759970305773,0.7071067811865476,-0.7071067811865475
322.3956084842232,1,0,1,0,4.513538518779125,-0.7071067811865471,-0.7071067811865479
294.7381189214177,0,1,0,1,4.126333664899849,0.7071067811865476,0.7071067811865476
256.19088315536493,0,1,1,1,3.5866723641751093,0.7071067811865476,0.7071067811865476
134.3981538800819,1,0,0,0,1.8815741543211466,0.9659258262890683,-0.25881904510252063
243.77699941255258,2,1,1,2,3.412877991775736,0.9659258262890683,0.25881904510252074
157.97329758348508,2,1,0,2,2.2116261661687915,-0.5000000000000004,0.8660254037844384
195.5770780602849,2,0,1,2,2.7380790928439884,0.49999999999999994,-0.8660254037844387
401.4938060377135,2,0,0,2,5.620913284527989,1.2246467991473532e-16,-1.0
283.1591013154168,2,0,0,2,3.9642274184158355,-1.0,-1.8369701987210297e-16
359.7912497197559,2,0,0,2,5.037077496076583,0.49999999999999994,-0.8660254037844387
208.26366880735782,2,1,0,2,2.9156913633030093,0.25881904510252074,0.9659258262890683
188.4368777551405,2,1,0,2,2.638116288571967,0.49999999999999994,0.8660254037844387
42.37314444004414,2,0,0,2,0.593224022160618,-0.4999999999999997,-0.8660254037844388
183.39340973772454,2,1,0,2,2.5675077363281433,-0.25881904510252157,0.9659258262890681
347.80062000604494,1,0,0,0,4.869208680084629,1.2246467991473532e-16,-1.0
143.76004606498572,0,0,0,1,2.0126406449098,0.7071067811865476,-0.7071067811865475
235.26264810564896,1,1,0,0,3.2936770734790852,0.8660254037844386,0.5000000000000001
351.4612577686281,2,1,0,2,4.920457608760794,-0.25881904510252157,0.9659258262890681
201.63798204550778,2,0,1,2,2.8229317486371093,0.49999999999999994,-0.8660254037844387
312.5812376040999,0,1,0,1,4.376137326457399,-0.5000000000000004,0.8660254037844384
142.3619590502442,2,0,0,2,1.9930674267034187,-0.2588190451025208,-0.9659258262890683
239.76936660274905,2,0,1,2,3.356771132438487,-0.9659258262890684,0.2588190451025203
52.31050272441263,2,0,0,2,0.7323470381417768,-0.4999999999999997,-0.8660254037844388
32.50536718132011,2,0,0,2,0.4550751405384815,1.2246467991473532e-16,-1.0
216.31020138450504,2,1,0,2,3.0283428193830706,0.49999999999999994,0.8660254037844387
479.7275178172398,2,0,1,2,6.716185249441357,0.8660254037844387,-0.4999999999999998
316.8172174246106,0,0,1,1,4.435441043944548,0.9659258262890683,-0.25881904510252063
253.2815794846811,2,0,1,2,3.5459421127855353,-0.4999999999999997,-0.8660254037844388
246.4845298959216,2,1,1,2,3.4507834185429025,-0.5000000000000004,0.8660254037844384
121.54679922319588,0,1,0,1,1.7016551891247422,0.0,1.0
152.08298559291694,2,1,0,2,2.1291617983008373,0.25881904510252074,0.9659258262890683
326.9276881847435,2,0,0,2,4.576987634586408,0.8660254037844387,-0.4999999999999998
5.0,0,1,1,1,0.07,-0.8660254037844386,0.5000000000000001
356.7497290509438,2,0,1,2,4.9944962067132135,-0.8660254037844385,-0.5000000000000004
180.0687279186065,2,0,0,2,2.520962190860491,0.8660254037844387,-0.4999999999999998
398.60027347652175,2,1,0,2,5.5804038286713045,0.0,1.0
422.99682230177496,2,0,0,2,5.92195551222485,0.9659258262890683,-0.25881904510252063
51.15512225103322,0,1,0,1,0.7161717115144651,0.8660254037844386,0.5000000000000001
145.31546261910074,0,0,0,1,2.03441647666741,0.49999999999999994,-0.8660254037844387
96.00501617068772,2,1,1,2,1.3440702263896283,0.9659258262890683,0.25881904510252074
76.29103371316575,0,0,0,1,1.0680744719843205,-0.8660254037844385,-0.5000000000000004
64.14401028230608,2,0,1,2,0.8980161439522851,-0.9659258262890683,-0.25881904510252063
689.4260521477612,2,1,0,2,9.651964730068658,-0.5000000000000004,0.8660254037844384
359.7117813182392,0,0,0,1,5.035964938455349,-0.9659258262890683,-0.25881904510252063
595.1118343490357,2,1,0,2,8.331565680886499,0.8660254037844386,0.5000000000000001
399.23771920330046,2,1,1,2,5.589328068846206,0.8660254037844386,0.5000000000000001
116.46823101847443,2,0,0,2,1.630555234258642,-1.0,-1.8369701987210297e-16
181.28118459867227,2,0,1,2,2.5379365843814115,1.2246467991473532e-16,-1.0
355.9185124432553,2,1,1,2,4.982859174205574,-0.7071067811865477,0.7071067811865474
328.75111662514655,0,0,0,1,4.602515632752052,1.0,6.123233995736766e-17
146.07843717249992,2,0,0,2,2.0450981204149987,-0.2588190451025208,-0.9659258262890683
21.798770704257265,2,0,0,2,0.30518278985960173,0.9659258262890683,-0.25881904510252063
841.7970137299731,2,1,0,2,11.785158192219624,0.49999999999999994,0.8660254037844387
224.59305897829498,0,1,1,1,3.14430282569613,0.7071067811865476,0.7071067811865476
191.36699922712842,0,0,1,1,2.679137989179798,0.7071067811865476,-0.7071067811865475
270.40020350295435,0,1,1,1,3.785602849041361,0.7071067811865476,0.7071067811865476
206.30885392401484,0,0,0,1,2.888323954936208,-0.9659258262890683,-0.25881904510252063
272.09120338698705,0,1,0,1,3.8092768474178187,-0.5000000000000004,0.8660254037844384
481.6505115009555,2,0,0,2,6.743107161013377,0.258819045102521,-0.9659258262890682
227.58127365644373,2,0,0,2,3.186137831190212,-0.9659258262890684,0.2588190451025203
40.712120921002935,0,0,0,1,0.5699696928940411,-0.9659258262890684,0.2588190451025203
220.90411699385004,1,0,0,0,3.0926576379139004,-0.4999999999999997,-0.8660254037844388
166.40767934621607,0,0,1,1,2.329707510847025,1.2246467991473532e-16,-1.0
506.30180870443326,2,0,0,2,7.088225321862065,0.258819045102521,-0.9659258262890682
460.80143165276274,2,0,0,2,6.451220043138679,0.9659258262890683,-0.25881904510252063
269.3545000775438,2,1,0,2,3.7709630010856126,-0.7071067811865477,0.7071067811865474
19.827546132533826,0,1,1,1,0.2775856458554736,-0.7071067811865477,0.7071067811865474
29.339392580809744,2,0,1,2,0.41075149613133644,0.8660254037844387,-0.4999999999999998
252.72218708521964,2,0,0,2,3.5381106191930747,-0.9659258262890684,0.2588190451025203
310.53813447783057,0,0,1,1,4.3475338826896275,0.8660254037844387,-0.4999999999999998
182.5678925213101,2,0,0,2,2.5559504952983416,-0.8660254037844385,-0.5000000000000004
163.56947484269784,0,1,1,1,2.2899726477977698,0.0,1.0
143.29613802784354,2,1,0,2,2.0061459323898094,-0.5000000000000004,0.8660254037844384
245.7890871560897,2,1,0,2,3.441047220185256,0.9659258262890683,0.25881904510252074
178.8972233731517,2,0,0,2,2.5045611272241235,1.0,6.123233995736766e-17
51.76120682145222,0,0,0,1,0.7246568955003311,0.8660254037844387,-0.4999999999999998
137.1308478194769,2,0,0,2,1.9198318694726768,0.7071067811865476,-0.7071067811865475
467.3505750913457,2,1,0,2,6.5429080512788405,0.7071067811865476,0.7071067811865476
103.51354445279273,1,0,0,0,1.449189622339098,-0.7071067811865471,-0.7071067811865479
282.4842655296172,2,0,1,2,3.9547797174146404,0.258819045102521,-0.9659258262890682
290.7776951675793,0,0,1,1,4.07088773234611,0.8660254037844387,-0.4999999999999998
483.62497101893723,0,1,1,1,6.770749594265121,0.49999999999999994,0.8660254037844387
477.26393325354707,2,0,1,2,6.6816950655496585,0.8660254037844387,-0.4999999999999998
239.64946561691505,0,0,0,1,3.355092518636811,-0.8660254037844385,-0.5000000000000004
164.4127465859003,2,0,0,2,2.301778452202604,-0.2588190451025208,-0.9659258262890683
130.51004149137574,0,1,0,1,1.8271405808792605,0.8660254037844386,0.5000000000000001
206.60861995615943,2,1,1,2,2.892520679386232,-0.8660254037844386,0.5000000000000001
171.873996221752,0,1,0,1,2.4062359471045283,0.0,1.0
349.65293368448175,2,1,0,2,4.895141071582744,0.0,1.0
325.65576714733675,0,1,0,1,4.559180740062715,0.49999999999999994,0.8660254037844387
356.52421440610283,2,0,0,2,4.991339001685439,0.8660254037844387,-0.4999999999999998
476.6710680585103,2,1,0,2,6.6733949528191445,-0.5000000000000004,0.8660254037844384
585.3164418520319,2,1,0,2,8.194430185928447,0.9659258262890683,0.25881904510252074
272.4394108133602,2,0,0,2,3.814151751387043,0.8660254037844387,-0.4999999999999998
447.9034788512176,0,1,0,1,6.270648703917046,0.7071067811865476,0.7071067811865476
186.70116690984128,2,0,0,2,2.613816336737778,-0.9659258262890684,0.2588190451025203
463.3012570449428,1,0,1,0,6.486217598629199,-1.0,-1.8369701987210297e-16
441.07164829165197,1,1,0,0,6.175003076083128,0.8660254037844386,0.5000000000000001
431.51487458973844,0,1,0,1,6.041208244256338,0.8660254037844386,0.5000000000000001
266.9325714144743,2,0,1,2,3.73705599980264,-0.2588190451025208,-0.9659258262890683
129.69553048164002,2,0,1,2,1.8157374267429602,0.7071067811865476,-0.7071067811865475
5.0,0,1,0,1,0.07,-0.5000000000000004,0.8660254037844384
242.79330264620214,2,0,0,2,3.39910623704683,-0.7071067811865471,-0.7071067811865479
525.942257604853,2,1,0,2,7.363191606467943,-0.5000000000000004,0.8660254037844384
194.22791775446683,0,1,1,1,2.7191908485625356,0.9659258262890683,0.25881904510252074
391.3227853828098,0,0,0,1,5.478518995359337,-0.9659258262890684,0.2588190451025203
401.9112520934076,0,1,0,1,5.626757529307707,-0.5000000000000004,0.8660254037844384
198.9364802331089,2,0,0,2,2.785110723263525,-0.2588190451025208,-0.9659258262890683
486.9420707535135,0,0,0,1,6.817188990549189,-0.9659258262890683,-0.25881904510252063
273.55893400649063,2,0,0,2,3.8298250760908688,0.8660254037844387,-0.4999999999999998
29.90494982712849,2,0,1,2,0.41866929757979887,1.0,6.123233995736766e-17
85.18618665547723,0,0,1,1,1.192606613176681,-0.9659258262890683,-0.25881904510252063
102.45129588386982,2,0,1,2,1.4343181423741775,0.7071067811865476,-0.7071067811865475
310.5273312134612,2,1,0,2,4.347382636988456,0.25881904510252074,0.9659258262890683
302.2068045497023,2,0,0,2,4.230895263695833,1.2246467991473532e-16,-1.0
320.91830299150143,0,1,0,1,4.49285624188102,0.9659258262890683,0.25881904510252074
357.2946689438477,0,1,0,1,5.0021253652138675,-0.5000000000000004,0.8660254037844384
78.98117755378311,0,0,0,1,1.1057364857529635,0.8660254037844387,-0.4999999999999998
30.728307974682593,0,0,1,1,0.43019631164555633,-0.9659258262890684,0.2588190451025203
321.3375427614153,2,0,1,2,4.498725598659814,0.9659258262890683,-0.25881904510252063
136.55822674364097,2,0,0,2,1.9118151744109737,0.7071067811865476,-0.7071067811865475
32.68550816623468,2,0,0,2,0.45759711432728556,-0.7071067811865471,-0.7071067811865479
424.84197121746666,2,0,0,2,5.947787597044533,-0.4999999999999997,-0.8660254037844388
501.1183431704136,2,0,1,2,7.015656804385791,1.2246467991473532e-16,-1.0
530.2889601457587,1,0,0,0,7.4240454420406214,-0.9659258262890683,-0.25881904510252063
283.6613898654497,2,1,0,2,3.971259458116296,0.9659258262890683,0.25881904510252074
362.6677772751225,2,0,0,2,5.077348881851714,-0.9659258262890684,0.2588190451025203
496.5762802051439,2,1,0,2,6.952067922872015,-0.25881904510252157,0.9659258262890681
134.54515779578185,2,0,0,2,1.8836322091409459,0.8660254037844387,-0.4999999999999998
449.92198312973653,1,0,0,0,6.298907763816311,-0.9659258262890683,-0.25881904510252063
299.5713221457776,2,0,0,2,4.193998510040886,1.0,6.123233995736766e-17
414.46809742166636,2,1,0,2,5.802553363903329,-0.5000000000000004,0.8660254037844384
283.49674375766836,0,1,1,1,3.968954412607357,-0.25881904510252157,0.9659258262890681
483.32620775464034,2,1,0,2,6.766566908564965,0.8660254037844386,0.5000000000000001
290.2342772574766,2,0,0,2,4.0632798816046725,0.49999999999999994,-0.8660254037844387
17.11623070413515,2,0,1,2,0.2396272298578921,1.2246467991473532e-16,-1.0
511.34679381664995,0,1,0,1,7.158855113433099,0.49999999999999994,0.8660254037844387
79.44446662501986,1,1,0,0,1.112222532750278,0.0,1.0
475.55047784390456,0,1,1,1,6.657706689814664,0.7071067811865476,0.7071067811865476
233.75628134074202,2,0,0,2,3.2725879387703882,-1.0,-1.8369701987210297e-16
461.68197733558713,0,0,1,1,6.463547682698219,-0.9659258262890683,-0.25881904510252063
454.2583506760177,2,1,0,2,6.359616909464248,0.9659258262890683,0.25881904510252074
327.42573537676685,2,1,0,2,4.583960295274736,-0.5000000000000004,0.8660254037844384
341.5363571728835,2,0,0,2,4.781509000420369,0.7071067811865476,-0.7071067811865475
326.07315109466185,2,0,0,2,4.565024115325266,1.0,6.123233995736766e-17
112.48845613059399,2,0,0,2,1.574838385828316,0.258819045102521,-0.9659258262890682
271.2994394016764,0,0,0,1,3.7981921516234696,0.9659258262890683,-0.25881904510252063
49.10844830705889,1,0,0,0,0.6875182762988244,1.2246467991473532e-16,-1.0
280.81368587421935,2,0,0,2,3.9313916022390707,-0.9659258262890683,-0.25881904510252063
44.270341651021226,2,0,1,2,0.6197847831142972,-0.2588190451025208,-0.9659258262890683
36.70865057930652,2,0,0,2,0.5139211081102912,0.49999999999999994,-0.8660254037844387
538.8882103157023,2,0,1,2,7.544434944419832,0.7071067811865476,-0.7071067811865475
442.50052986235414,0,1,1,1,6.195007418072958,0.9659258262890683,0.25881904510252074
249.2543347100522,2,0,1,2,3.489560685940731,1.2246467991473532e-16,-1.0
283.2583570448243,0,1,1,1,3.9656169986275405,-0.7071067811865477,0.7071067811865474
205.3751153662584,2,0,0,2,2.8752516151276177,0.7071067811865476,-0.7071067811865475
352.5777476763141,2,0,0,2,4.936088467468397,0.258819045102521,-0.9659258262890682
128.31021402121513,2,1,0,2,1.7963429962970117,0.0,1.0
428.8732473162323,2,0,0,2,6.004225462427253,-0.9659258262890683,-0.25881904510252063
204.44436861746004,2,0,0,2,2.8622211606444408,1.2246467991473532e-16,-1.0
174.4275407503788,0,1,0,1,2.4419855705053033,-0.25881904510252157,0.9659258262890681
253.9083433272717,2,1,0,2,3.5547168065818036,0.7071067811865476,0.7071067811865476
143.5935706133901,0,1,1,1,2.0103099885874616,0.9659258262890683,0.25881904510252074
309.1628229093669,2,0,0,2,4.3282795207311375,-0.9659258262890683,-0.25881904510252063
153.27473392358803,2,1,0,2,2.1458462749302325,0.8660254037844386,0.5000000000000001
334.3342485073905,2,0,0,2,4.680679479103468,-0.9659258262890683,-0.25881904510252063
468.88117700406576,0,1,0,1,6.564336478056921,0.8660254037844386,0.5000000000000001
120.52209637452873,2,0,0,2,1.6873093492434024,1.0,6.123233995736766e-17
226.49641768686917,0,1,0,1,3.1709498476161686,-0.5000000000000004,0.8660254037844384
333.0395283463759,2,0,0,2,4.662553396849263,0.8660254037844387,-0.4999999999999998
171.54567610334675,0,1,0,1,2.4016394654468547,0.49999999999999994,0.8660254037844387
333.5777009487997,2,0,0,2,4.670087813283196,0.258819045102521,-0.9659258262890682
349.9717949173132,0,0,0,1,4.899605128842385,-0.9659258262890684,0.2588190451025203
444.98711973297475,0,0,0,1,6.229819676261647,-0.2588190451025208,-0.9659258262890683
140.92179170471587,1,0,1,0,1.9729050838660223,0.9659258262890683,-0.25881904510252063
80.30045675851457,2,0,0,2,1.124206394619204,0.258819045102521,-0.9659258262890682
194.63606987852611,2,0,0,2,2.7249049782993655,1.0,6.123233995736766e-17
75.80457888152202,2,1,0,2,1.0612641043413082,-0.25881904510252157,0.9659258262890681
351.60967672854946,0,0,0,1,4.922535474199693,0.8660254037844387,-0.4999999999999998
40.88476596824597,2,0,0,2,0.5723867235554436,0.258819045102521,-0.9659258262890682
669.9429552854839,0,1,0,1,9.379201373996775,0.7071067811865476,0.7071067811865476
483.2670150832751,2,1,0,2,6.765738211165852,0.8660254037844386,0.5000000000000001
252.26363852805656,2,0,0,2,3.5316909393927918,0.8660254037844387,-0.4999999999999998
406.1310087396357,2,0,0,2,5.685834122354899,1.0,6.123233995736766e-17
44.624335575942496,1,0,1,0,0.624740698063195,-0.2588190451025208,-0.9659258262890683
704.2071996519204,0,0,0,1,9.858900795126885,-0.9659258262890684,0.2588190451025203
143.76136980391186,1,1,0,0,2.012659177254766,-0.7071067811865477,0.7071067811865474
228.3104654981153,2,0,1,2,3.1963465169736143,-0.8660254037844385,-0.5000000000000004
84.0679916939186,0,1,0,1,1.1769518837148603,0.0,1.0
337.53171485336105,0,0,0,1,4.725444007947055,-0.4999999999999997,-0.8660254037844388
50.85805172612041,2,1,1,2,0.7120127241656857,-0.25881904510252157,0.9659258262890681
268.29803708188524,0,0,0,1,3.7561725191463933,-0.4999999999999997,-0.8660254037844388
152.03060207358314,1,1,1,0,2.128428429030164,0.0,1.0
56.006091712538165,0,0,1,1,0.7840852839755343,-0.4999999999999997,-0.8660254037844388
105.21492968272892,0,1,0,1,1.473009015558205,0.25881904510252074,0.9659258262890683
290.6418461353938,2,1,0,2,4.068985845895513,0.7071067811865476,0.7071067811865476
19.331624883611596,2,0,1,2,0.27064274837056235,-0.8660254037844385,-0.5000000000000004
115.21389921575613,1,0,0,0,1.612994589020586,-0.7071067811865471,-0.7071067811865479
369.389208627606,2,0,1,2,5.171448920786484,-0.9659258262890683,-0.25881904510252063
718.4463774773764,0,1,1,1,10.058249284683269,-0.8660254037844386,0.5000000000000001
335.9659875195409,0,0,1,1,4.703523825273573,-0.7071067811865471,-0.7071067811865479
84.89290440808827,0,0,1,1,1.1885006617132359,0.9659258262890683,-0.25881904510252063
183.919449386984,1,1,0,0,2.574872291417776,0.9659258262890683,0.25881904510252074
255.6860211074641,2,1,0,2,3.579604295504497,-0.7071067811865477,0.7071067811865474
187.10350888557267,2,0,1,2,2.6194491243980176,-0.9659258262890684,0.2588190451025203
412.5504700126479,2,1,0,2,5.77570658017707,0.25881904510252074,0.9659258262890683
289.14522694256044,2,0,0,2,4.048033177195847,-1.0,-1.8369701987210297e-16
413.4134292837766,2,0,0,2,5.787788009972873,1.2246467991473532e-16,-1.0
193.4001177464267,2,1,0,2,2.7076016484499736,-0.7071067811865477,0.7071067811865474
488.5900395498262,0,1,0,1,6.840260553697567,-0.7071067811865477,0.7071067811865474
220.03259482932174,1,1,1,0,3.0804563276105044,-0.8660254037844386,0.5000000000000001
75.1858235551615,2,1,0,2,1.052601529772261,0.9659258262890683,0.25881904510252074
641.9176685875998,2,1,1,2,8.986847360226397,0.9659258262890683,0.25881904510252074
78.495994453001,1,0,1,0,1.098943922342014,1.2246467991473532e-16,-1.0
117.02702944511304,2,1,0,2,1.6383784122315825,0.0,1.0
137.13498667052897,2,1,0,2,1.9198898133874056,-0.7071067811865477,0.7071067811865474
701.4951291501814,2,1,0,2,9.82093180810254,-0.8660254037844386,0.5000000000000001
575.2345991463721,0,1,0,1,8.05328438804921,-0.25881904510252157,0.9659258262890681
518.9070658555956,2,0,0,2,7.264698921978339,0.8660254037844387,-0.4999999999999998
190.48144077226027,1,1,0,0,2.666740170811644,-0.7071067811865477,0.7071067811865474
686.7120406915195,2,0,0,2,9.613968569681274,0.258819045102521,-0.9659258262890682
316.3033606913748,2,0,0,2,4.428247049679246,0.258819045102521,-0.9659258262890682
425.907406654562,2,1,0,2,5.962703693163869,0.7071067811865476,0.7071067811865476
282.34516859911724,2,0,0,2,3.9528323603876414,-1.0,-1.8369701987210297e-16
241.09601716181473,0,0,1,1,3.3753442402654064,-0.7071067811865471,-0.7071067811865479
204.67983869325172,0,0,0,1,2.865517741705524,0.258819045102521,-0.9659258262890682
212.2648011845508,0,1,1,1,2.9717072165837113,0.0,1.0
359.5284967620542,0,1,0,1,5.033398954668759,-0.5000000000000004,0.8660254037844384
316.09596377956984,1,1,1,0,4.425343492913978,-0.8660254037844386,0.5000000000000001
244.3351533633369,0,1,0,1,3.4206921470867164,0.7071067811865476,0.7071067811865476
521.7143186857938,0,0,1,1,7.304000461601114,0.8660254037844387,-0.4999999999999998
284.0155523733315,2,0,0,2,3.976217733226641,1.0,6.123233995736766e-17
341.7797046258151,2,0,1,2,4.784915864761412,0.7071067811865476,-0.7071067811865475
379.1929671986163,2,0,0,2,5.308701540780628,1.2246467991473532e-16,-1.0
456.45331628593055,0,0,0,1,6.390346428003028,0.9659258262890683,-0.25881904510252063
238.323140610395,2,0,1,2,3.3365239685455297,-0.9659258262890684,0.2588190451025203
287.4256121291124,2,0,0,2,4.023958569807573,0.7071067811865476,-0.7071067811865475
427.4707089966498,0,0,0,1,5.984589925953098,0.7071067811865476,-0.7071067811865475
518.4099527704325,0,0,0,1,7.257739338786055,0.9659258262890683,-0.25881904510252063
195.90352266782173,1,0,0,0,2.742649317349504,-0.9659258262890684,0.2588190451025203
298.05564096296087,2,0,1,2,4.172778973481452,-0.4999999999999997,-0.8660254037844388
552.1433135827763,0,1,0,1,7.730006390158867,0.0,1.0
132.3248736581932,2,0,1,2,1.852548231214705,-0.4999999999999997,-0.8660254037844388
125.79773203337467,2,1,1,2,1.7611682484672453,-0.25881904510252157,0.9659258262890681
513.8504761485333,2,0,1,2,7.193906666079466,-0.8660254037844385,-0.5000000000000004
446.65681004949454,2,0,1,2,6.2531953406929235,1.2246467991473532e-16,-1.0
344.040137966805,2,0,0,2,4.8165619315352695,0.258819045102521,-0.9659258262890682
169.25256284035837,0,1,0,1,2.369535879765017,0.49999999999999994,0.8660254037844387
91.2726701826245,2,1,0,2,1.2778173825567427,-0.5000000000000004,0.8660254037844384
143.58118853637274,0,0,0,1,2.010136639509218,-1.0,-1.8369701987210297e-16
528.6414797473647,2,1,0,2,7.400980716463105,-0.25881904510252157,0.9659258262890681
136.88031595203768,2,1,1,2,1.9163244233285275,0.8660254037844386,0.5000000000000001
268.2561335631384,2,1,1,2,3.7555858698839373,0.49999999999999994,0.8660254037844387
114.33262392488572,2,1,0,2,1.6006567349484,-0.8660254037844386,0.5000000000000001
401.69932541782487,0,1,0,1,5.623790555849547,0.8660254037844386,0.5000000000000001
153.02926953764057,2,1,0,2,2.142409773526968,-0.25881904510252157,0.9659258262890681
232.43309977220542,2,0,0,2,3.254063396810876,0.8660254037844387,-0.4999999999999998
53.008783947708594,2,1,1,2,0.7421229752679203,0.9659258262890683,0.25881904510252074
40.40628251688918,2,0,1,2,0.5656879552364484,-0.7071067811865471,-0.7071067811865479
251.38117479787113,1,0,0,0,3.5193364471701956,0.7071067811865476,-0.7071067811865475
11.471712064402851,2,0,0,2,0.16060396890163992,-0.7071067811865471,-0.7071067811865479
628.9155950802103,0,1,0,1,8.804818331122943,0.49999999999999994,0.8660254037844387
121.0741601802049,0,0,0,1,1.6950382425228685,-0.9659258262890683,-0.25881904510252063
105.96844624046128,1,0,0,0,1.483558247366458,0.49999999999999994,-0.8660254037844387
253.00615610815908,0,0,0,1,3.542086185514227,-1.0,-1.8369701987210297e-16
184.27607119675878,0,1,1,1,2.579864996754623,-0.5000000000000004,0.8660254037844384
51.25381780049457,0,0,0,1,0.717553449206924,-0.4999999999999997,-0.8660254037844388
77.57298889085175,0,0,1,1,1.0860218444719243,0.49999999999999994,-0.8660254037844387
71.68226605013706,2,1,1,2,1.0035517247019188,-0.7071067811865477,0.7071067811865474
198.39009493238868,2,1,0,2,2.7774613290534416,-0.25881904510252157,0.9659258262890681
601.3472361131362,2,0,0,2,8.418861305583906,0.7071067811865476,-0.7071067811865475
264.02871338047777,0,0,0,1,3.6964019873266887,0.8660254037844387,-0.4999999999999998
462.9220880897543,0,1,1,1,6.48090923325656,0.49999999999999994,0.8660254037844387
341.2557422490655,2,1,0,2,4.777580391486918,-0.5000000000000004,0.8660254037844384
450.49523163679964,0,0,1,1,6.3069332429151945,0.8660254037844387,-0.4999999999999998
253.99357446684547,2,0,0,2,3.5559100425358365,-0.9659258262890683,-0.25881904510252063
195.1975561933187,2,0,0,2,2.732765786706462,0.258819045102521,-0.9659258262890682
485.28437616712847,1,1,1,0,6.793981266339799,-0.5000000000000004,0.8660254037844384
147.08755190511994,2,1,1,2,2.0592257266716794,-0.8660254037844386,0.5000000000000001
567.2451696765302,2,1,1,2,7.941432375471423,-0.25881904510252157,0.9659258262890681
517.1002276781971,0,0,0,1,7.2394031874947595,-0.7071067811865471,-0.7071067811865479
165.55647109705677,0,1,0,1,2.3177905953587947,0.7071067811865476,0.7071067811865476
159.4305665716558,2,1,0,2,2.232027932003181,0.0,1.0
67.55094837619563,0,0,0,1,0.9457132772667389,1.2246467991473532e-16,-1.0
136.6730382645164,2,0,0,2,1.9134225357032297,0.9659258262890683,-0.25881904510252063
28.133968449595272,2,1,0,2,0.3938755582943338,0.9659258262890683,0.25881904510252074
327.186012477941,2,0,0,2,4.5806041746911745,0.9659258262890683,-0.25881904510252063
12.08836880235799,0,0,0,1,0.16923716323301188,-1.0,-1.8369701987210297e-16
358.67194291423993,2,1,1,2,5.021407200799359,-0.25881904510252157,0.9659258262890681
363.0541654420448,1,1,0,0,5.0827583161886265,-0.25881904510252157,0.9659258262890681
49.016792933106046,0,0,0,1,0.6862351010634846,0.258819045102521,-0.9659258262890682
528.9673491391011,1,1,1,0,7.405542887947415,0.0,1.0
342.4496729947399,2,1,0,2,4.794295421926359,0.7071067811865476,0.7071067811865476
384.9456438600764,1,1,1,0,5.3892390140410695,-0.5000000000000004,0.8660254037844384
113.44026372230098,2,0,1,2,1.5881636921122138,1.2246467991473532e-16,-1.0
362.0282413251614,2,0,1,2,5.068395378552259,-0.8660254037844385,-0.5000000000000004
452.7508209499718,2,0,0,2,6.338511493299605,-1.0,-1.8369701987210297e-16
232.25048817915808,2,0,0,2,3.251506834508213,-1.0,-1.8369701987210297e-16
610.346042664705,0,1,1,1,8.54484459730587,-0.7071067811865477,0.7071067811865474
257.93163428432877,2,1,1,2,3.611042879980603,0.8660254037844386,0.5000000000000001
455.3414440814454,2,0,0,2,6.374780217140235,0.49999999999999994,-0.8660254037844387
302.7415853065579,0,0,0,1,4.238382194291811,1.0,6.123233995736766e-17
355.3938759142362,2,1,0,2,4.975514262799307,0.49999999999999994,0.8660254037844387
50.83980817425896,0,0,0,1,0.7117573144396254,0.49999999999999994,-0.8660254037844387
316.7896728787654,2,0,0,2,4.435055420302715,-0.8660254037844385,-0.5000000000000004
117.70448177369212,0,0,0,1,1.6478627448316898,0.49999999999999994,-0.8660254037844387
97.64830496001622,0,0,1,1,1.367076269440227,-0.4999999999999997,-0.8660254037844388
563.9385732038761,2,0,1,2,7.895140024854265,-1.0,-1.8369701987210297e-16
211.5213553487772,2,0,0,2,2.961298974882881,0.9659258262890683,-0.25881904510252063
69.4056704244106,2,0,0,2,0.9716793859417485,-0.7071067811865471,-0.7071067811865479
185.35630694040253,0,1,0,1,2.594988297165635,-0.8660254037844386,0.5000000000000001
15.918958794055527,2,0,0,2,0.22286542311677737,-0.4999999999999997,-0.8660254037844388
508.0992042753286,2,1,1,2,7.1133888598546005,0.49999999999999994,0.8660254037844387
124.77746605002729,2,1,0,2,1.746884524700382,-0.25881904510252157,0.9659258262890681
345.27398810986045,2,1,0,2,4.833835833538046,0.9659258262890683,0.25881904510252074
494.09920855785856,2,1,0,2,6.91738891981002,0.49999999999999994,0.8660254037844387
159.97251738134872,0,1,1,1,2.239615243338882,0.8660254037844386,0.5000000000000001
345.76403780910147,2,1,0,2,4.8406965293274204,0.0,1.0
64.5845101172026,2,1,0,2,0.9041831416408364,-0.7071067811865477,0.7071067811865474
690.2385224404632,0,0,0,1,9.663339314166484,-0.2588190451025208,-0.9659258262890683
418.548424230992,0,0,0,1,5.859677939233888,0.258819045102521,-0.9659258262890682
215.33084102305492,2,0,0,2,3.0146317743227686,1.2246467991473532e-16,-1.0
110.8899284399865,2,0,0,2,1.552458998159811,-0.2588190451025208,-0.9659258262890683
229.48062048886726,2,0,0,2,3.2127286868441414,0.258819045102521,-0.9659258262890682
188.80292997672655,1,1,0,0,2.643241019674172,-0.5000000000000004,0.8660254037844384
601.5300197199113,2,0,1,2,8.421420276078758,1.2246467991473532e-16,-1.0
29.403750001317604,1,1,1,0,0.41165250001844644,-0.25881904510252157,0.9659258262890681
274.26425619223664,0,1,0,1,3.839699586691313,0.9659258262890683,0.25881904510252074
246.69914800593222,2,1,0,2,3.453788072083051,-0.8660254037844386,0.5000000000000001
228.8661459379235,2,0,0,2,3.204126043130929,-0.4999999999999997,-0.8660254037844388
230.44900211109837,2,1,1,2,3.2262860295553772,-0.7071067811865477,0.7071067811865474
229.10725417831299,2,1,1,2,3.2075015584963817,-0.5000000000000004,0.8660254037844384
407.15189193977795,2,0,0,2,5.700126487156891,-0.7071067811865471,-0.7071067811865479
359.61720036863835,0,0,1,1,5.034640805160937,0.8660254037844387,-0.4999999999999998
325.4040900471016,1,0,0,0,4.555657260659422,0.9659258262890683,-0.25881904510252063
296.1180851861484,0,1,0,1,4.145653192606078,0.8660254037844386,0.5000000000000001
303.9630773493695,0,0,1,1,4.255483082891173,-0.4999999999999997,-0.8660254037844388
48.01508483061485,2,0,0,2,0.672211187628608,1.0,6.123233995736766e-17
366.33762936444856,2,1,0,2,5.12872681110228,-0.25881904510252157,0.9659258262890681
515.4095261626926,2,0,1,2,7.215733366277696,-0.8660254037844385,-0.5000000000000004
83.27695973406085,0,0,0,1,1.165877436276852,-0.7071067811865471,-0.7071067811865479
202.87946997831278,1,1,1,0,2.8403125796963793,-0.25881904510252157,0.9659258262890681
142.11597309046056,0,0,0,1,1.9896236232664477,0.49999999999999994,-0.8660254037844387
472.3777196362241,2,0,1,2,6.613288074907137,1.0,6.123233995736766e-17
267.10501934897314,2,0,0,2,3.739470270885624,0.49999999999999994,-0.8660254037844387
561.09928850194,0,1,0,1,7.85539003902716,0.25881904510252074,0.9659258262890683
324.4757565305298,2,1,1,2,4.542660591427417,0.25881904510252074,0.9659258262890683
293.6410325144475,0,1,1,1,4.110974455202265,0.9659258262890683,0.25881904510252074
262.27722086851054,0,1,0,1,3.6718810921591474,0.49999999999999994,0.8660254037844387
397.2385778663206,0,1,0,1,5.561340090128488,0.0,1.0
62.783515684161785,2,1,0,2,0.878969219578265,-0.25881904510252157,0.9659258262890681
265.36191199369176,2,1,1,2,3.7150667679116847,-0.5000000000000004,0.8660254037844384
237.39164012896632,2,0,0,2,3.3234829618055284,-0.9659258262890684,0.2588190451025203
380.5753888883979,2,0,0,2,5.328055444437571,-0.7071067811865471,-0.7071067811865479
216.21371094267337,2,0,1,2,3.0269919531974274,-0.2588190451025208,-0.9659258262890683
63.027801850719385,0,0,0,1,0.8823892259100714,-0.8660254037844385,-0.5000000000000004
251.32312148554584,0,0,1,1,3.5185237007976418,-0.9659258262890683,-0.25881904510252063
55.08870480369819,2,1,0,2,0.7712418672517747,0.7071067811865476,0.7071067811865476
96.5471982657474,2,1,0,2,1.3516607757204635,0.49999999999999994,0.8660254037844387
380.88204666738875,2,0,1,2,5.332348653343442,0.9659258262890683,-0.25881904510252063
354.2310830850407,2,1,0,2,4.95923516319057,0.7071067811865476,0.7071067811865476
334.0763699188434,0,1,0,1,4.677069178863808,-0.5000000000000004,0.8660254037844384
484.52711595024596,2,0,0,2,6.783379623303444,-0.4999999999999997,-0.8660254037844388
130.29425974529346,2,0,1,2,1.8241196364341086,1.2246467991473532e-16,-1.0
7.600545698825897,2,0,1,2,0.10640763978356256,-0.2588190451025208,-0.9659258262890683
237.39464017455197,0,0,0,1,3.3235249624437273,-0.2588190451025208,-0.9659258262890683
187.44994605293613,0,1,1,1,2.6242992447411058,0.8660254037844386,0.5000000000000001
98.38677098138766,2,1,0,2,1.3774147937394272,0.8660254037844386,0.5000000000000001
235.62715237219672,2,1,0,2,3.2987801332107543,-0.7071067811865477,0.7071067811865474
139.91107368317475,0,0,0,1,1.9587550315644464,1.2246467991473532e-16,-1.0
80.48095100422961,1,1,0,0,1.1267333140592146,0.7071067811865476,0.7071067811865476
170.58819565712315,2,0,0,2,2.3882347391997243,-0.9659258262890683,-0.25881904510252063
45.4524699933057,0,1,0,1,0.6363345799062797,0.9659258262890683,0.25881904510252074
291.6966528899661,1,1,0,0,4.0837531404595255,0.8660254037844386,0.5000000000000001
131.91374351668213,1,1,1,0,1.8467924092335497,0.49999999999999994,0.8660254037844387
450.09366534538924,0,0,1,1,6.301311314835449,-0.9659258262890684,0.2588190451025203
538.6958921082158,0,1,1,1,7.541742489515022,0.49999999999999994,0.8660254037844387
372.2886471421431,2,1,0,2,5.212041059990003,0.49999999999999994,0.8660254037844387
29.184712756997612,0,0,1,1,0.4085859785979666,-0.9659258262890684,0.2588190451025203
520.9352797982272,2,1,1,2,7.29309391717518,0.25881904510252074,0.9659258262890683
533.6296810672777,0,0,0,1,7.470815534941888,-0.9659258262890684,0.2588190451025203
253.38229203542934,2,0,0,2,3.5473520884960106,-0.9659258262890683,-0.25881904510252063
488.12670886039575,0,0,0,1,6.83377392404554,0.7071067811865476,-0.7071067811865475
150.69847515159793,0,1,0,1,2.109778652122371,-0.25881904510252157,0.9659258262890681
85.9242682729261,2,1,0,2,1.2029397558209654,-0.8660254037844386,0.5000000000000001
113.14880104811314,0,0,0,1,1.5840832146735842,1.0,6.123233995736766e-17
561.2741558880562,2,0,0,2,7.857838182432786,-0.9659258262890684,0.2588190451025203
18.394386250065224,0,1,0,1,0.2575214075009131,-0.7071067811865477,0.7071067811865474
249.913830747669,2,0,0,2,3.4987936304673664,-0.2588190451025208,-0.9659258262890683
256.1459008012382,2,0,1,2,3.586042611217335,0.7071067811865476,-0.7071067811865475
157.6646360857939,1,0,1,0,2.207304905201114,-0.9659258262890684,0.2588190451025203
170.1661120293193,2,0,0,2,2.38232556841047,-0.7071067811865471,-0.7071067811865479
263.00484416251646,0,1,1,1,3.68206781827523,0.9659258262890683,0.25881904510252074
148.81077845174912,2,0,1,2,2.0833508983244875,-0.8660254037844385,-0.5000000000000004
5.970529490227591,2,1,0,2,0.08358741286318627,0.9659258262890683,0.25881904510252074
288.70574972982206,2,1,1,2,4.041880496217509,-0.7071067811865477,0.7071067811865474
443.205984840095,0,0,0,1,6.2048837877613305,-0.9659258262890683,-0.25881904510252063
406.5230533576158,2,0,1,2,5.691322747006621,0.7071067811865476,-0.7071067811865475
104.24761586983394,2,0,1,2,1.459466622177675,0.7071067811865476,-0.7071067811865475
24.778975232018354,2,0,0,2,0.34690565324825695,0.8660254037844387,-0.4999999999999998
198.84618121213987,2,1,0,2,2.783846536969958,-0.7071067811865477,0.7071067811865474
532.2024717632196,1,0,0,0,7.450834604685075,-0.4999999999999997,-0.8660254037844388
366.2076542127182,1,0,0,0,5.126907158978054,0.49999999999999994,-0.8660254037844387
376.713641822962,2,0,0,2,5.273990985521468,1.0,6.123233995736766e-17
410.174251321389,0,0,1,1,5.742439518499446,-0.9659258262890683,-0.25881904510252063
325.73798125334554,2,1,0,2,4.5603317375468375,0.25881904510252074,0.9659258262890683
271.7095385704441,0,1,1,1,3.8039335399862173,0.25881904510252074,0.9659258262890683
369.2152413966342,0,0,0,1,5.169013379552879,1.2246467991473532e-16,-1.0
151.69010124075646,1,0,1,0,2.1236614173705903,0.49999999999999994,-0.8660254037844387
5.0,2,0,1,2,0.07,-1.0,-1.8369701987210297e-16
380.1394482323782,0,0,0,1,5.321952275253294,-0.9659258262890684,0.2588190451025203
472.7928590348605,2,1,0,2,6.619100026488047,0.0,1.0
48.71825091591435,1,0,0,0,0.6820555128228009,-0.8660254037844385,-0.5000000000000004
397.94586683486204,2,0,0,2,5.571242135688069,-0.9659258262890684,0.2588190451025203
552.5378284098742,0,0,1,1,7.735529597738239,-0.9659258262890683,-0.25881904510252063
249.59568368371822,0,0,1,1,3.494339571572055,0.9659258262890683,-0.25881904510252063
102.75960674648567,0,0,0,1,1.4386344944507994,1.2246467991473532e-16,-1.0
272.143361234816,2,1,1,2,3.810007057287424,0.7071067811865476,0.7071067811865476
150.90388572387377,1,0,0,0,2.112654400134233,-1.0,-1.8369701987210297e-16
138.9885802078477,2,1,0,2,1.9458401229098676,0.49999999999999994,0.8660254037844387
327.9731321088777,0,1,1,1,4.591623849524288,0.9659258262890683,0.25881904510252074
38.671305505381156,2,1,0,2,0.5413982770753362,0.9659258262890683,0.25881904510252074
9.90720604860087,2,1,0,2,0.13870088468041217,-0.7071067811865477,0.7071067811865474
253.4723584673097,2,1,0,2,3.5486130185423357,0.9659258262890683,0.25881904510252074
245.98446299576239,2,1,1,2,3.4437824819406733,-0.25881904510252157,0.9659258262890681
311.83982386718844,2,0,1,2,4.365757534140638,0.9659258262890683,-0.25881904510252063
587.54056992701,2,0,0,2,8.22556797897814,-0.8660254037844385,-0.5000000000000004
268.8125264936478,2,0,0,2,3.7633753709110693,0.7071067811865476,-0.7071067811865475
357.67098706026303,0,1,0,1,5.007393818843682,-0.25881904510252157,0.9659258262890681
74.40407158936625,0,1,0,1,1.0416570022511276,0.8660254037844386,0.5000000000000001
388.2287794329767,2,0,0,2,5.435202912061674,-1.0,-1.8369701987210297e-16
155.249644280078,2,0,0,2,2.1734950199210923,0.49999999999999994,-0.8660254037844387
262.85574986459676,2,0,1,2,3.6799804981043542,0.7071067811865476,-0.7071067811865475
230.4072474875509,2,1,0,2,3.2257014648257125,0.49999999999999994,0.8660254037844387
435.9353622845256,0,1,1,1,6.1030950719833585,-0.7071067811865477,0.7071067811865474
14.204220212500104,0,1,0,1,0.19885908297500146,-0.25881904510252157,0.9659258262890681
160.9829542307071,2,0,1,2,2.2537613592298995,0.7071067811865476,-0.7071067811865475
211.5821145241736,2,1,0,2,2.96214960333843,0.25881904510252074,0.9659258262890683
334.33562624292233,2,0,0,2,4.680698767400912,0.8660254037844387,-0.4999999999999998
277.40848764535,0,1,1,1,3.8837188270349,0.8660254037844386,0.5000000000000001
471.796762734504,1,1,0,0,6.605154678283055,-0.8660254037844386,0.5000000000000001
328.7270813523403,2,0,1,2,4.602179138932764,-0.8660254037844385,-0.5000000000000004
148.5073002652252,2,1,1,2,2.079102203713153,0.9659258262890683,0.25881904510252074
168.57562774514247,0,0,1,1,2.360058788431995,0.49999999999999994,-0.8660254037844387
207.28379784486071,1,1,0,0,2.90197316982805,0.8660254037844386,0.5000000000000001
435.0326204064037,2,0,1,2,6.090456685689651,1.0,6.123233995736766e-17
179.43139911991938,2,0,0,2,2.512039587678871,1.0,6.123233995736766e-17
255.09764746199755,2,1,1,2,3.571367064467966,0.7071067811865476,0.7071067811865476
325.84484577520755,0,1,0,1,4.561827840852906,-0.8660254037844386,0.5000000000000001
67.24737263503314,2,0,0,2,0.9414632168904641,0.7071067811865476,-0.7071067811865475
362.1824613949871,2,1,0,2,5.07055445952982,-0.25881904510252157,0.9659258262890681
544.6819222003071,0,0,1,1,7.6255469108042995,-0.9659258262890683,-0.25881904510252063
218.89359665918687,2,1,0,2,3.064510353228616,0.0,1.0
46.76840407018568,0,0,1,1,0.6547576569825996,-0.2588190451025208,-0.9659258262890683
238.01181513604473,2,1,0,2,3.3321654119046262,0.9659258262890683,0.25881904510252074
150.3891395495964,2,0,0,2,2.1054479536943496,0.49999999999999994,-0.8660254037844387
310.64258751579086,0,0,0,1,4.348996225221072,-0.2588190451025208,-0.9659258262890683
331.4093879767442,2,0,0,2,4.639731431674418,-0.9659258262890684,0.2588190451025203
551.6145328922012,1,1,1,0,7.7226034604908165,0.49999999999999994,0.8660254037844387
215.0809373380075,2,0,1,2,3.011133122732105,-0.7071067811865471,-0.7071067811865479
323.52736086636463,2,0,1,2,4.529383052129105,-0.7071067811865471,-0.7071067811865479
94.9681415705378,0,0,0,1,1.329553981987529,1.0,6.123233995736766e-17
185.84311830548583,2,0,1,2,2.6018036562768017,0.9659258262890683,-0.25881904510252063
24.533378599195657,1,1,0,0,0.3434673003887392,0.7071067811865476,0.7071067811865476
214.93786816901758,2,0,0,2,3.0091301543662463,0.258819045102521,-0.9659258262890682
195.04435236665833,2,0,0,2,2.7306209331332165,0.258819045102521,-0.9659258262890682
303.85595789600126,2,0,0,2,4.253983410544017,0.7071067811865476,-0.7071067811865475
137.75256154012493,2,0,0,2,1.928535861561749,0.258819045102521,-0.9659258262890682
265.00216317551656,0,0,0,1,3.7100302844572317,0.49999999999999994,-0.8660254037844387
189.99158999062018,0,0,0,1,2.6598822598686827,0.49999999999999994,-0.8660254037844387
190.33011010608743,2,0,0,2,2.664621541485224,-0.4999999999999997,-0.8660254037844388
264.4652186733454,2,1,0,2,3.702513061426836,0.9659258262890683,0.25881904510252074
257.2941296170618,0,0,0,1,3.602117814638865,0.49999999999999994,-0.8660254037844387
387.01132702929493,1,1,1,0,5.418158578410129,0.25881904510252074,0.9659258262890683
228.28425385662973,2,1,0,2,3.1959795539928164,-0.25881904510252157,0.9659258262890681
187.02063715785943,2,1,0,2,2.618288920210032,-0.7071067811865477,0.7071067811865474
217.4546598842993,2,0,0,2,3.0443652383801902,0.8660254037844387,-0.4999999999999998
121.36045896862134,0,0,0,1,1.699046425560699,0.49999999999999994,-0.8660254037844387
185.21600315799913,2,0,0,2,2.5930240442119876,-0.7071067811865471,-0.7071067811865479
615.6085683531817,2,0,0,2,8.618519956944542,1.2246467991473532e-16,-1.0
85.71782307474393,0,0,1,1,1.200049523046415,1.2246467991473532e-16,-1.0
199.84185990172432,2,1,0,2,2.7977860386241407,-0.7071067811865477,0.7071067811865474
180.25204061145573,2,1,1,2,2.5235285685603803,-0.7071067811865477,0.7071067811865474
205.5091097960081,2,0,0,2,2.8771275371441134,-0.9659258262890683,-0.25881904510252063
190.37692440188889,2,1,1,2,2.6652769416264444,-0.8660254037844386,0.5000000000000001
300.26321821977996,2,1,1,2,4.203685055076919,0.0,1.0
57.83151825052295,2,0,1,2,0.8096412555073212,-0.9659258262890684,0.2588190451025203
436.6908650557608,2,0,0,2,6.1136721107806515,0.7071067811865476,-0.7071067811865475
363.8649039355955,0,0,0,1,5.094108655098338,-1.0,-1.8369701987210297e-16
26.283114508635748,0,0,0,1,0.3679636031209005,-0.8660254037844385,-0.5000000000000004
158.43390913143224,0,1,0,1,2.2180747278400514,0.0,1.0
74.1270136945478,2,1,0,2,1.037778191723669,0.0,1.0
206.32003694311794,2,0,0,2,2.8884805172036514,-0.8660254037844385,-0.5000000000000004
714.4525417643395,2,0,0,2,10.002335584700752,-0.4999999999999997,-0.8660254037844388
347.78625369536917,2,1,1,2,4.8690075517351685,0.25881904510252074,0.9659258262890683
75.36613685266235,2,0,1,2,1.055125915937273,0.49999999999999994,-0.8660254037844387
125.86200911783008,0,1,1,1,1.762068127649621,-0.8660254037844386,0.5000000000000001
240.42176147086303,2,1,0,2,3.3659046605920824,0.25881904510252074,0.9659258262890683
295.66303977365743,2,0,1,2,4.139282556831204,-0.9659258262890684,0.2588190451025203
13.345205144123867,2,0,0,2,0.18683287201773413,0.8660254037844387,-0.4999999999999998
225.70175896412894,0,0,0,1,3.1598246254978055,-1.0,-1.8369701987210297e-16
120.82495523010269,2,1,1,2,1.6915493732214377,0.25881904510252074,0.9659258262890683
51.32345873158303,0,0,0,1,0.7185284222421624,-0.7071067811865471,-0.7071067811865479
296.7272164058117,2,0,0,2,4.1541810296813635,-0.9659258262890684,0.2588190451025203
389.297891219708,0,0,1,1,5.450170477075911,0.8660254037844387,-0.4999999999999998
401.3874298530915,0,0,0,1,5.619424017943281,-0.9659258262890684,0.2588190451025203
353.38954320409766,2,1,0,2,4.947453604857367,-0.8660254037844386,0.5000000000000001
160.4734840347527,2,1,0,2,2.2466287764865376,0.7071067811865476,0.7071067811865476
378.618957063431,2,1,1,2,5.300665398888034,-0.25881904510252157,0.9659258262890681
305.62979885877184,2,0,1,2,4.278817184022806,1.2246467991473532e-16,-1.0
274.10953893136235,0,0,0,1,3.837533545039073,-0.4999999999999997,-0.8660254037844388
139.8952380936763,0,0,0,1,1.9585333333114683,-0.9659258262890684,0.2588190451025203
160.56229707852492,0,1,0,1,2.247872159099349,0.25881904510252074,0.9659258262890683
263.2996485024197,0,0,0,1,3.686195079033876,-0.9659258262890684,0.2588190451025203
689.1774040573903,2,0,0,2,9.648483656803464,-0.9659258262890683,-0.25881904510252063
304.2236464164502,2,1,1,2,4.2591310498303026,-0.25881904510252157,0.9659258262890681
139.9860695949485,0,0,0,1,1.9598049743292791,0.8660254037844387,-0.4999999999999998
100.1698999055003,2,0,1,2,1.4023785986770043,-0.9659258262890684,0.2588190451025203
161.48200972188351,0,1,0,1,2.2607481361063693,0.0,1.0
641.9128205588318,2,1,0,2,8.986779487823645,0.49999999999999994,0.8660254037844387
178.13380372972682,2,1,0,2,2.4938732522161753,-0.5000000000000004,0.8660254037844384
413.2366962298513,1,0,0,0,5.785313747217919,-0.8660254037844385,-0.5000000000000004
182.33291581515584,2,0,0,2,2.5526608214121818,0.49999999999999994,-0.8660254037844387
297.01321743033316,1,1,1,0,4.158185044024664,-0.25881904510252157,0.9659258262890681
392.51414932157,1,0,0,0,5.49519809050198,0.9659258262890683,-0.25881904510252063
147.0574870342137,0,1,0,1,2.058804818478992,-0.8660254037844386,0.5000000000000001
134.59990225250147,0,0,0,1,1.8843986315350205,0.258819045102521,-0.9659258262890682
548.5965450019594,0,0,0,1,7.680351630027431,0.49999999999999994,-0.8660254037844387
427.22672108124345,0,0,1,1,5.981174095137408,1.2246467991473532e-16,-1.0
392.32101736433106,2,0,0,2,5.4924942431006345,-0.4999999999999997,-0.8660254037844388
391.70973276212453,2,0,0,2,5.483936258669743,-0.9659258262890684,0.2588190451025203
332.7235878959918,0,0,1,1,4.658130230543885,-0.8660254037844385,-0.5000000000000004
613.1996463715117,2,0,0,2,8.584795049201164,0.258819045102521,-0.9659258262890682
257.9034943378882,2,0,1,2,3.610648920730435,-1.0,-1.8369701987210297e-16
353.90722609616546,2,0,0,2,4.954701165346316,-0.9659258262890684,0.2588190451025203
11.164327146922233,0,0,0,1,0.15630058005691125,0.49999999999999994,-0.8660254037844387
101.50707641357664,0,0,1,1,1.421099069790073,0.7071067811865476,-0.7071067811865475
33.85258002969272,2,0,0,2,0.47393612041569805,-0.8660254037844385,-0.5000000000000004
479.3314450329069,1,1,0,0,6.7106402304606965,-0.7071067811865477,0.7071067811865474
209.45722736373494,0,0,1,1,2.932401183092289,1.2246467991473532e-16,-1.0
177.58419590450993,0,0,0,1,2.486178742663139,-0.7071067811865471,-0.7071067811865479
288.8671884789121,0,0,0,1,4.04414063870477,-0.9659258262890684,0.2588190451025203
100.36817881325979,0,0,1,1,1.4051545033856372,-0.9659258262890684,0.2588190451025203
161.62918904826404,2,0,0,2,2.2628086466756967,-0.8660254037844385,-0.5000000000000004
499.2767968829279,0,1,0,1,6.98987515636099,0.8660254037844386,0.5000000000000001
321.3930290598623,2,0,0,2,4.499502406838071,0.8660254037844387,-0.4999999999999998
100.03452580078607,0,1,1,1,1.400483361211005,-0.7071067811865477,0.7071067811865474
441.8734695517287,1,1,0,0,6.186228573724202,-0.25881904510252157,0.9659258262890681
253.20980581535636,2,1,0,2,3.544937281414989,0.7071067811865476,0.7071067811865476
256.7620345673054,2,0,0,2,3.594668483942276,0.8660254037844387,-0.4999999999999998
33.519128601041416,0,0,1,1,0.4692678004145798,-0.7071067811865471,-0.7071067811865479
71.79753149743493,2,0,0,2,1.005165440964089,1.0,6.123233995736766e-17
101.4824860098056,0,0,1,1,1.4207548041372784,-0.2588190451025208,-0.9659258262890683
258.3630291677541,2,0,0,2,3.6170824083485575,-0.2588190451025208,-0.9659258262890683
264.01943085652147,2,0,1,2,3.6962720319913007,1.0,6.123233995736766e-17
527.9366794343281,1,1,1,0,7.391113512080593,-0.25881904510252157,0.9659258262890681
319.3099302288102,0,0,0,1,4.470339023203342,-0.7071067811865471,-0.7071067811865479
237.36182486097943,0,0,1,1,3.323065548053712,-0.9659258262890683,-0.25881904510252063
297.27555781690427,2,1,0,2,4.161857809436659,0.9659258262890683,0.25881904510252074
11.002944110155909,0,0,0,1,0.15404121754218272,1.0,6.123233995736766e-17
76.12523356992344,0,0,0,1,1.065753269978928,-1.0,-1.8369701987210297e-16
103.80949508926062,0,0,1,1,1.4533329312496488,0.9659258262890683,-0.25881904510252063
130.59910176778567,0,1,0,1,1.8283874247489993,0.0,1.0
5.0,0,0,0,1,0.07,-0.8660254037844385,-0.5000000000000004
286.6267606214118,2,0,0,2,4.012774648699764,-1.0,-1.8369701987210297e-16
5.0,2,1,0,2,0.07,-0.7071067811865477,0.7071067811865474
314.20016930497246,0,0,0,1,4.398802370269615,1.0,6.123233995736766e-17
652.6547938710933,2,0,0,2,9.137167114195305,-0.9659258262890683,-0.25881904510252063
10.715369391868506,0,1,1,1,0.1500151714861591,0.9659258262890683,0.25881904510252074
198.78814521894003,2,1,0,2,2.7830340330651606,-0.8660254037844386,0.5000000000000001
204.22232525224456,0,1,0,1,2.859112553531424,0.9659258262890683,0.25881904510252074
195.83164726537603,0,1,1,1,2.7416430617152647,0.0,1.0
365.6890874736671,2,0,1,2,5.119647224631339,0.7071067811865476,-0.7071067811865475
379.7150616443081,2,1,1,2,5.316010863020313,-0.5000000000000004,0.8660254037844384
263.9254714511374,2,0,1,2,3.694956600315924,0.9659258262890683,-0.25881904510252063
410.06741645661566,0,0,1,1,5.740943830392619,1.0,6.123233995736766e-17
708.2898164697025,0,0,1,1,9.916057430575835,0.8660254037844387,-0.4999999999999998
558.2148437387679,2,1,1,2,7.81500781234275,0.0,1.0
155.94623270626536,0,0,0,1,2.183247257887715,0.49999999999999994,-0.8660254037844387
11.198717564012952,2,1,0,2,0.15678204589618133,0.49999999999999994,0.8660254037844387
176.89274501671537,2,0,0,2,2.4764984302340154,-0.9659258262890683,-0.25881904510252063
79.54310218887733,1,1,0,0,1.1136034306442826,0.9659258262890683,0.25881904510252074
331.24255861563387,2,0,0,2,4.637395820618875,0.49999999999999994,-0.8660254037844387
37.385162902690325,2,1,0,2,0.5233922806376645,0.8660254037844386,0.5000000000000001
236.89196213373842,2,0,0,2,3.316487469872338,-0.9659258262890684,0.2588190451025203
400.84252981653583,2,1,1,2,5.611795417431502,0.7071067811865476,0.7071067811865476
231.87474289290813,2,0,0,2,3.2462464005007137,0.9659258262890683,-0.25881904510252063
79.66351190539666,2,0,0,2,1.1152891666755531,0.7071067811865476,-0.7071067811865475
461.46653036542455,0,1,0,1,6.460531425115944,0.49999999999999994,0.8660254037844387
88.21657005568892,2,0,1,2,1.235031980779645,1.2246467991473532e-16,-1.0
190.99688994205664,2,0,0,2,2.6739564591887928,-0.8660254037844385,-0.5000000000000004
242.50119579135975,2,1,1,2,3.3950167410790364,0.8660254037844386,0.5000000000000001
252.8635585119336,2,0,0,2,3.54008981916707,0.9659258262890683,-0.25881904510252063
282.48929009405464,0,0,0,1,3.954850061316765,-1.0,-1.8369701987210297e-16
359.87916756570877,1,0,0,0,5.038308345919923,-0.9659258262890683,-0.25881904510252063
243.62666097183686,2,1,1,2,3.410773253605716,0.0,1.0
183.74950921413748,0,1,0,1,2.5724931289979245,0.7071067811865476,0.7071067811865476
176.63391796125478,0,0,1,1,2.4728748514575667,-0.9659258262890683,-0.25881904510252063
139.92715563309616,0,0,1,1,1.9589801788633463,-0.2588190451025208,-0.9659258262890683
391.75779837883573,2,1,0,2,5.4846091773037005,-0.25881904510252157,0.9659258262890681
133.62487369422738,2,0,0,2,1.8707482317191833,0.49999999999999994,-0.8660254037844387
402.418799621484,2,0,0,2,5.633863194700776,0.8660254037844387,-0.4999999999999998
253.41983480677678,0,0,0,1,3.5478776872948745,1.2246467991473532e-16,-1.0
156.17413476589667,2,0,1,2,2.1864378867225533,-0.8660254037844385,-0.5000000000000004
361.31329883394426,1,0,0,0,5.0583861836752195,-0.4999999999999997,-0.8660254037844388
119.05829354983871,2,1,0,2,1.6668161096977419,0.25881904510252074,0.9659258262890683
364.8731273310783,2,1,0,2,5.108223782635097,0.9659258262890683,0.25881904510252074
288.2907018145213,0,0,0,1,4.036069825403298,1.0,6.123233995736766e-17
142.66155596345428,2,1,0,2,1.99726178348836,0.25881904510252074,0.9659258262890683
345.15426676022065,2,1,0,2,4.832159734643089,-0.25881904510252157,0.9659258262890681
348.38615062395496,0,0,0,1,4.87740610873537,1.2246467991473532e-16,-1.0
458.35352904579236,1,0,0,0,6.416949406641093,0.7071067811865476,-0.7071067811865475
423.90646223367327,0,0,0,1,5.934690471271426,-0.7071067811865471,-0.7071067811865479
338.4293237307309,0,0,0,1,4.738010532230232,0.8660254037844387,-0.4999999999999998
47.033628782422625,0,0,1,1,0.6584708029539168,0.9659258262890683,-0.25881904510252063
690.7456578713302,1,0,1,0,9.670439210198623,-0.4999999999999997,-0.8660254037844388
5.0,2,1,0,2,0.07,-0.7071067811865477,0.7071067811865474
420.8673713708156,2,0,1,2,5.892143199191418,1.0,6.123233995736766e-17
327.6310870395337,2,1,0,2,4.586835218553472,-0.7071067811865477,0.7071067811865474
38.65437295339936,2,1,0,2,0.5411612213475909,-0.5000000000000004,0.8660254037844384
227.62583100187015,0,0,0,1,3.186761634026182,-1.0,-1.8369701987210297e-16
235.82448047596472,0,1,0,1,3.3015427266635062,0.7071067811865476,0.7071067811865476
485.00488884589424,0,0,1,1,6.79006844384252,0.8660254037844387,-0.4999999999999998
121.60403794956193,2,0,0,2,1.702456531293867,-1.0,-1.8369701987210297e-16
202.8498988436163,0,1,1,1,2.839898583810628,0.25881904510252074,0.9659258262890683
170.49252890382735,2,0,0,2,2.3868954046535826,1.0,6.123233995736766e-17
562.2573027622439,0,1,0,1,7.8716022386714135,-0.7071067811865477,0.7071067811865474
57.31571625638719,0,0,0,1,0.8024200275894207,-1.0,-1.8369701987210297e-16
308.8439555630515,2,1,1,2,4.323815377882721,0.9659258262890683,0.25881904510252074
231.7465906500645,2,0,0,2,3.244452269100903,-0.4999999999999997,-0.8660254037844388
232.3598259789988,2,0,1,2,3.253037563705983,1.0,6.123233995736766e-17
395.7751572767575,0,1,0,1,5.540852201874605,0.9659258262890683,0.25881904510252074
550.8272428546543,1,1,0,0,7.71158139996516,0.0,1.0
295.2688605895585,0,0,1,1,4.133764048253819,-0.2588190451025208,-0.9659258262890683
367.91404317349463,2,1,0,2,5.150796604428925,0.0,1.0
309.2004766108673,2,1,0,2,4.328806672552142,0.9659258262890683,0.25881904510252074
433.15565630751274,0,0,0,1,6.064179188305178,-0.9659258262890683,-0.25881904510252063
166.67505169246112,0,0,0,1,2.3334507236944555,-0.8660254037844385,-0.5000000000000004
443.5702997949545,2,1,0,2,6.209984197129363,0.25881904510252074,0.9659258262890683
449.8899758165291,2,0,0,2,6.298459661431408,0.9659258262890683,-0.25881904510252063
444.85666156292376,0,1,0,1,6.227993261880933,-0.8660254037844386,0.5000000000000001
131.1733838794343,2,1,0,2,1.8364273743120803,-0.5000000000000004,0.8660254037844384
219.69922583730565,2,1,0,2,3.075789161722279,-0.5000000000000004,0.8660254037844384
293.1040579804783,2,1,0,2,4.103456811726695,0.25881904510252074,0.9659258262890683
5.0,2,0,0,2,0.07,-0.7071067811865471,-0.7071067811865479
537.0856374554826,0,1,0,1,7.519198924376757,0.7071067811865476,0.7071067811865476
247.79022396960835,1,1,0,0,3.4690631355745167,0.25881904510252074,0.9659258262890683
301.1070197688499,0,1,0,1,4.215498276763898,-0.5000000000000004,0.8660254037844384
146.13920084910347,2,1,0,2,2.045948811887449,0.8660254037844386,0.5000000000000001
11.162039313935907,2,0,1,2,0.1562685503951027,-0.8660254037844385,-0.5000000000000004
141.27462061454122,2,1,0,2,1.9778446886035772,0.25881904510252074,0.9659258262890683
289.4567537740459,2,1,0,2,4.052394552836643,-0.7071067811865477,0.7071067811865474
371.2171862956648,0,0,0,1,5.197040608139307,-0.2588190451025208,-0.9659258262890683
279.12247730848964,2,0,0,2,3.907714682318855,-0.9659258262890684,0.2588190451025203
312.41032292355106,2,0,0,2,4.373744520929715,1.0,6.123233995736766e-17
189.3352525573522,2,0,0,2,2.6506935358029304,-0.4999999999999997,-0.8660254037844388
339.32474192417703,2,0,0,2,4.7505463869384785,-0.9659258262890683,-0.25881904510252063
516.9099159494633,2,0,0,2,7.236738823292486,1.2246467991473532e-16,-1.0
376.86209963901763,2,0,1,2,5.276069394946247,0.258819045102521,-0.9659258262890682
395.7175398855293,1,1,0,0,5.54004555839741,0.25881904510252074,0.9659258262890683
302.9229518751936,2,0,0,2,4.24092132625271,0.258819045102521,-0.9659258262890682
20.567912527928343,2,1,0,2,0.2879507753909968,0.9659258262890683,0.25881904510252074
61.9600244863762,0,1,0,1,0.8674403428092667,-0.25881904510252157,0.9659258262890681
331.8776441194918,1,1,1,0,4.6462870176728845,0.0,1.0
248.03097064718455,0,1,0,1,3.4724335890605835,-0.8660254037844386,0.5000000000000001
329.171719565109,0,1,1,1,4.608404073911526,0.0,1.0
551.7562152119333,2,0,0,2,7.724587012967065,-0.4999999999999997,-0.8660254037844388
380.6864798612801,2,0,0,2,5.329610718057921,-0.7071067811865471,-0.7071067811865479
476.5995170337079,2,1,1,2,6.672393238471911,-0.7071067811865477,0.7071067811865474
267.0426501047314,0,0,0,1,3.73859710146624,1.0,6.123233995736766e-17
104.70117805280083,0,1,0,1,1.4658164927392114,-0.7071067811865477,0.7071067811865474
239.58409134141863,2,0,0,2,3.354177278779861,-0.2588190451025208,-0.9659258262890683
105.1446735305552,2,0,0,2,1.4720254294277726,-1.0,-1.8369701987210297e-16
530.4930922190406,0,1,0,1,7.426903291066568,-0.25881904510252157,0.9659258262890681
392.27039377638454,2,0,0,2,5.4917855128693835,-1.0,-1.8369701987210297e-16
343.6922493930903,0,1,0,1,4.8116914915032645,-0.5000000000000004,0.8660254037844384
472.4697764010586,0,0,0,1,6.614576869614821,1.2246467991473532e-16,-1.0
113.61015461418054,0,1,0,1,1.5905421645985276,-0.8660254037844386,0.5000000000000001
355.8648312416787,0,0,1,1,4.9821076373835025,0.258819045102521,-0.9659258262890682
14.083758825212925,0,1,0,1,0.19717262355298096,0.0,1.0
248.693974276181,2,0,0,2,3.481715639866534,0.258819045102521,-0.9659258262890682
193.8926333559014,0,1,0,1,2.71449686698262,0.7071067811865476,0.7071067811865476
369.1125901774506,0,0,1,1,5.1675762624843085,-0.4999999999999997,-0.8660254037844388
291.07371201297195,2,0,1,2,4.075031968181607,-0.7071067811865471,-0.7071067811865479
492.12109125012194,2,0,0,2,6.8896952775017075,-0.4999999999999997,-0.8660254037844388
141.65851103212955,2,0,1,2,1.9832191544498137,0.9659258262890683,-0.25881904510252063
377.6405901339911,2,0,0,2,5.2869682618758755,-1.0,-1.8369701987210297e-16
279.20017904178974,0,0,0,1,3.9088025065850562,-0.4999999999999997,-0.8660254037844388
44.352248612879464,0,0,0,1,0.6209314805803124,-0.9659258262890683,-0.25881904510252063
84.64903746585412,2,0,1,2,1.1850865245219577,0.49999999999999994,-0.8660254037844387
223.0219539660097,2,0,0,2,3.1223073555241356,0.8660254037844387,-0.4999999999999998
450.21264098051097,1,1,0,0,6.302976973727153,0.0,1.0
333.4701503602806,2,0,1,2,4.668582105043929,0.8660254037844387,-0.4999999999999998
39.84985170147144,2,1,0,2,0.5578979238206001,-0.5000000000000004,0.8660254037844384
224.74307895151125,0,0,0,1,3.1464031053211574,0.258819045102521,-0.9659258262890682
613.2051607827455,2,1,0,2,8.584872250958437,0.25881904510252074,0.9659258262890683
270.02020027135444,2,0,1,2,3.780282803798962,0.49999999999999994,-0.8660254037844387
191.08139648696877,2,1,1,2,2.675139550817563,-0.8660254037844386,0.5000000000000001
338.5131353361197,2,0,0,2,4.7391838947056755,-0.2588190451025208,-0.9659258262890683
387.41075432475463,0,1,0,1,5.423750560546565,0.25881904510252074,0.9659258262890683
167.88969745358935,2,0,0,2,2.350455764350251,-0.4999999999999997,-0.8660254037844388
340.4634593868587,2,1,1,2,4.766488431416022,-0.8660254037844386,0.5000000000000001
190.79989059925433,0,1,0,1,2.671198468389561,-0.5000000000000004,0.8660254037844384
379.47896832929894,0,1,0,1,5.312705556610186,-0.8660254037844386,0.5000000000000001
280.5447684348311,2,0,0,2,3.9276267580876354,-0.9659258262890683,-0.25881904510252063
336.7542088695206,2,0,0,2,4.714558924173288,-0.2588190451025208,-0.9659258262890683
113.34696168984922,0,1,0,1,1.5868574636578892,-0.8660254037844386,0.5000000000000001
102.16845086688534,2,0,1,2,1.4303583121363947,0.258819045102521,-0.9659258262890682
420.189514838691,2,0,0,2,5.882653207741674,0.7071067811865476,-0.7071067811865475
235.70865135061112,0,0,1,1,3.2999211189085558,-0.2588190451025208,-0.9659258262890683
301.30625357788506,0,1,0,1,4.218287550090391,-0.7071067811865477,0.7071067811865474
194.84882312442647,0,0,0,1,2.727883523741971,-0.4999999999999997,-0.8660254037844388
411.7708193224559,0,1,0,1,5.764791470514383,0.8660254037844386,0.5000000000000001
140.59420359466162,0,1,0,1,1.9683188503252627,0.25881904510252074,0.9659258262890683
225.5917768178411,2,1,1,2,3.1582848754497754,-0.7071067811865477,0.7071067811865474
391.4787062865637,0,1,1,1,5.480701888011892,0.9659258262890683,0.25881904510252074
461.13418584956787,2,0,0,2,6.45587860189395,0.258819045102521,-0.9659258262890682
155.72332761519698,2,1,0,2,2.180126586612758,0.25881904510252074,0.9659258262890683
602.743116752059,0,1,0,1,8.438403634528825,0.7071067811865476,0.7071067811865476
306.3835048648509,0,0,0,1,4.289369068107914,1.0,6.123233995736766e-17
62.27291287442722,2,0,0,2,0.8718207802419811,-0.7071067811865471,-0.7071067811865479
316.42936874619426,1,1,1,0,4.4300111624467196,0.0,1.0
181.0601413929776,2,1,1,2,2.5348419795016865,0.0,1.0
328.13232769297184,2,0,1,2,4.593852587701606,-0.2588190451025208,-0.9659258262890683
242.28587542113917,2,0,0,2,3.392002255895948,0.49999999999999994,-0.8660254037844387
263.3692642342261,0,0,0,1,3.6871696992791647,0.258819045102521,-0.9659258262890682
85.91319221449373,0,0,0,1,1.2027846910029123,0.49999999999999994,-0.8660254037844387
428.2110215289448,2,1,0,2,5.994954301405227,0.9659258262890683,0.25881904510252074
41.89707391281422,0,1,0,1,0.5865590347793991,-0.5000000000000004,0.8660254037844384
50.42231882710087,2,0,0,2,0.7059124635794122,0.258819045102521,-0.9659258262890682
316.1248628465476,0,1,0,1,4.425748079851666,-0.8660254037844386,0.5000000000000001
538.5119644920345,2,0,0,2,7.539167502888483,0.258819045102521,-0.9659258262890682
186.5332425284067,2,0,0,2,2.611465395397694,0.7071067811865476,-0.7071067811865475
376.1750180867138,1,0,0,0,5.266450253213993,0.9659258262890683,-0.25881904510252063
443.2012318354382,2,0,1,2,6.204817245696135,-0.9659258262890684,0.2588190451025203
396.6431987129324,2,0,0,2,5.553004781981054,-1.0,-1.8369701987210297e-16
193.98250794873735,0,0,0,1,2.715755111282323,1.0,6.123233995736766e-17
53.61159090506658,1,0,0,0,0.7505622726709321,-0.2588190451025208,-0.9659258262890683
147.35856182084387,2,1,1,2,2.063019865491814,0.7071067811865476,0.7071067811865476
202.68871009676923,2,1,1,2,2.8376419413547693,0.0,1.0
462.0557263411914,2,0,1,2,6.4687801687766795,0.9659258262890683,-0.25881904510252063
47.65012274285186,2,1,1,2,0.667101718399926,0.8660254037844386,0.5000000000000001
376.03777255337775,2,0,0,2,5.264528815747289,0.9659258262890683,-0.25881904510252063
78.972544590663,0,0,1,1,1.105615624269282,0.9659258262890683,-0.25881904510252063
269.09306374963086,1,1,0,0,3.767302892494832,-0.8660254037844386,0.5000000000000001
377.4024905479032,2,1,0,2,5.283634867670645,-0.25881904510252157,0.9659258262890681
131.290821369083,2,0,0,2,1.838071499167162,1.0,6.123233995736766e-17
280.68724252544456,2,0,1,2,3.929621395356224,-1.0,-1.8369701987210297e-16
175.28355938944082,2,1,0,2,2.4539698314521714,0.7071067811865476,0.7071067811865476
376.9267586088718,0,1,1,1,5.276974620524205,-0.5000000000000004,0.8660254037844384
292.3570903272347,2,0,1,2,4.092999264581286,-0.9659258262890684,0.2588190451025203
260.17138139726814,2,1,0,2,3.642399339561754,0.9659258262890683,0.25881904510252074
530.502992825556,0,0,0,1,7.427041899557784,0.258819045102521,-0.9659258262890682
369.21510562629436,2,0,1,2,5.169011478768121,-0.9659258262890683,-0.25881904510252063
125.73666409726796,0,0,0,1,1.7603132973617515,0.258819045102521,-0.9659258262890682
234.54449785640287,2,0,1,2,3.2836229699896404,-0.9659258262890683,-0.25881904510252063
236.33821868566108,0,1,0,1,3.308735061599255,0.49999999999999994,0.8660254037844387
264.45752307253815,1,0,0,0,3.702405323015534,0.7071067811865476,-0.7071067811865475
704.411669789349,0,0,0,1,9.861763377050888,1.0,6.123233995736766e-17
316.7533406879794,1,1,1,0,4.434546769631712,0.49999999999999994,0.8660254037844387
116.46246261885966,2,0,0,2,1.630474476664035,-1.0,-1.8369701987210297e-16
152.29618509094627,2,0,0,2,2.132146591273248,1.2246467991473532e-16,-1.0
97.82697574924555,0,1,1,1,1.3695776604894376,0.7071067811865476,0.7071067811865476
190.63631373174883,0,0,0,1,2.668908392244483,0.7071067811865476,-0.7071067811865475
107.7158413507571,2,1,0,2,1.5080217789105996,0.9659258262890683,0.25881904510252074
93.11371520768296,2,1,0,2,1.3035920129075613,0.0,1.0
23.729875334141582,2,1,0,2,0.33221825467798216,0.9659258262890683,0.25881904510252074
319.1488320341459,2,0,1,2,4.468083648478043,0.9659258262890683,-0.25881904510252063
250.09708527319816,2,0,0,2,3.5013591938247743,-0.4999999999999997,-0.8660254037844388
304.5332153497716,0,0,0,1,4.263465014896802,0.9659258262890683,-0.25881904510252063
231.18075005766525,2,1,1,2,3.2365305008073135,-0.7071067811865477,0.7071067811865474
5.0,2,1,0,2,0.07,0.9659258262890683,0.25881904510252074
342.43384646585235,0,0,0,1,4.794073850521933,-1.0,-1.8369701987210297e-16
596.0004208485016,0,0,0,1,8.344005891879021,-0.2588190451025208,-0.9659258262890683
323.6582641491784,0,1,0,1,4.531215698088498,0.25881904510252074,0.9659258262890683
173.33357212283812,0,0,0,1,2.4266700097197336,1.0,6.123233995736766e-17
7.052091698980121,2,0,1,2,0.0987292837857217,0.9659258262890683,-0.25881904510252063
86.54794526320623,0,0,1,1,1.2116712336848874,0.7071067811865476,-0.7071067811865475
331.5471381829706,2,0,0,2,4.641659934561589,1.2246467991473532e-16,-1.0
443.1612448238875,2,1,0,2,6.204257427534425,-0.7071067811865477,0.7071067811865474
296.9559114499557,0,1,0,1,4.15738276029938,-0.8660254037844386,0.5000000000000001
393.979712147077,1,0,0,0,5.5157159700590785,-0.9659258262890684,0.2588190451025203
377.3820839249037,2,1,0,2,5.283349174948652,0.0,1.0
341.17619044946514,2,0,0,2,4.776466666292512,0.8660254037844387,-0.4999999999999998
131.47475285297395,2,0,1,2,1.8406465399416352,0.7071067811865476,-0.7071067811865475
281.3062321555274,2,0,0,2,3.938287250177384,-0.9659258262890684,0.2588190451025203
97.29199530121511,2,1,0,2,1.3620879342170116,0.25881904510252074,0.9659258262890683
253.1372115324583,0,0,0,1,3.543920961454416,-0.9659258262890684,0.2588190451025203
309.55543559204415,2,0,1,2,4.333776098288618,0.49999999999999994,-0.8660254037844387
552.1810853296338,1,1,0,0,7.730535194614873,0.8660254037844386,0.5000000000000001
14.248244613826216,0,0,0,1,0.199475424593567,-0.9659258262890683,-0.25881904510252063
336.67137357843495,0,0,1,1,4.713399230098089,1.0,6.123233995736766e-17
516.6225864922471,0,1,0,1,7.23271621089146,0.49999999999999994,0.8660254037844387
386.59259785098334,2,0,0,2,5.412296369913768,-0.7071067811865471,-0.7071067811865479
399.93017970850747,2,0,0,2,5.599022515919105,-0.4999999999999997,-0.8660254037844388
355.7850823362062,0,0,0,1,4.980991152706887,0.9659258262890683,-0.25881904510252063
483.700208159575,0,0,1,1,6.77180291423405,-0.9659258262890684,0.2588190451025203
54.25392973977375,0,1,0,1,0.7595550163568325,0.8660254037844386,0.5000000000000001
5.0,2,1,1,2,0.07,0.49999999999999994,0.8660254037844387
248.85985471625392,1,1,0,0,3.4840379660275547,0.8660254037844386,0.5000000000000001
139.00917864290778,2,0,1,2,1.946128501000709,0.8660254037844387,-0.4999999999999998
471.51624475204204,0,0,0,1,6.601227426528589,-0.7071067811865471,-0.7071067811865479
469.7287351891795,1,0,1,0,6.576202292648512,-0.2588190451025208,-0.9659258262890683
171.9969000847853,2,0,1,2,2.4079566011869944,-0.9659258262890683,-0.25881904510252063
183.26129260110827,0,0,0,1,2.5656580964155156,1.0,6.123233995736766e-17
236.97745447287915,2,0,0,2,3.3176843626203083,-0.4999999999999997,-0.8660254037844388
259.36371707913156,2,0,0,2,3.6310920391078416,0.9659258262890683,-0.25881904510252063
272.89130545497136,2,1,1,2,3.820478276369599,0.49999999999999994,0.8660254037844387
350.4817792380946,0,0,0,1,4.906744909333324,0.49999999999999994,-0.8660254037844387
218.92725645847395,1,0,0,0,3.0649815904186353,-0.9659258262890684,0.2588190451025203
419.7747946260029,0,0,0,1,5.876847124764041,-0.9659258262890683,-0.25881904510252063
330.2705998825546,2,0,0,2,4.623788398355765,-0.4999999999999997,-0.8660254037844388
140.7465797429256,0,0,1,1,1.9704521164009583,0.7071067811865476,-0.7071067811865475
490.3202802047375,1,1,1,0,6.864483922866325,0.49999999999999994,0.8660254037844387
5.513742497952364,2,0,0,2,0.0771923949713331,-0.4999999999999997,-0.8660254037844388
233.41015405213423,1,1,0,0,3.2677421567298794,-0.5000000000000004,0.8660254037844384
424.0451321935842,2,1,0,2,5.936631850710179,0.9659258262890683,0.25881904510252074
119.84684111581396,0,0,0,1,1.6778557756213954,0.49999999999999994,-0.8660254037844387
305.72001641808725,2,0,0,2,4.280080229853222,0.49999999999999994,-0.8660254037844387
347.80112745982865,2,0,0,2,4.869215784437602,-1.0,-1.8369701987210297e-16
95.10570376337697,2,1,0,2,1.3314798526872775,-0.5000000000000004,0.8660254037844384
236.95401047307368,0,1,0,1,3.3173561466230317,0.49999999999999994,0.8660254037844387
221.8293105623422,2,0,1,2,3.1056103478727906,1.2246467991473532e-16,-1.0
150.6871866701873,2,1,1,2,2.109620613382622,-0.7071067811865477,0.7071067811865474
664.3014733691394,0,0,0,1,9.30022062716795,0.9659258262890683,-0.25881904510252063
112.64085637981438,1,1,0,0,1.5769719893174012,-0.8660254037844386,0.5000000000000001
430.887452932219,2,0,1,2,6.032424341051066,0.49999999999999994,-0.8660254037844387
179.29581696139445,2,0,1,2,2.5101414374595223,0.49999999999999994,-0.8660254037844387
54.40548600064929,2,0,0,2,0.7616768040090901,1.2246467991473532e-16,-1.0
268.5065637679124,2,1,0,2,3.759091892750773,0.49999999999999994,0.8660254037844387
366.83680918975017,0,1,0,1,5.135715328656502,0.9659258262890683,0.25881904510252074
415.69172351182215,0,1,0,1,5.81968412916551,-0.25881904510252157,0.9659258262890681
531.2077199179125,0,0,0,1,7.4369080788507755,0.7071067811865476,-0.7071067811865475
780.144332188318,2,0,0,2,10.922020650636451,-1.0,-1.8369701987210297e-16
295.09255667600746,0,0,1,1,4.131295793464105,0.258819045102521,-0.9659258262890682
130.6434087114302,0,0,0,1,1.8290077219600227,-0.2588190451025208,-0.9659258262890683
331.51737882308043,0,0,1,1,4.641243303523126,0.49999999999999994,-0.8660254037844387
202.08166892683153,0,1,0,1,2.8291433649756415,-0.8660254037844386,0.5000000000000001
416.67390337340134,0,0,0,1,5.8334346472276195,0.7071067811865476,-0.7071067811865475
16.51042665417009,0,1,1,1,0.23114597315838126,0.49999999999999994,0.8660254037844387
676.3002176320788,2,0,1,2,9.468203046849103,1.2246467991473532e-16,-1.0
404.08865705959226,1,0,1,0,5.657241198834292,-0.9659258262890683,-0.25881904510252063
53.12072320330964,2,0,0,2,0.7436901248463349,1.2246467991473532e-16,-1.0
122.37479758330501,0,1,1,1,1.71324716616627,-0.25881904510252157,0.9659258262890681
396.894587940509,2,0,0,2,5.556524231167125,-0.2588190451025208,-0.9659258262890683
461.74193011086186,0,0,0,1,6.464387021552065,-0.2588190451025208,-0.9659258262890683
20.99722709824661,0,0,0,1,0.2939611793754526,1.0,6.123233995736766e-17
378.3446530779308,2,0,0,2,5.296825143091032,0.258819045102521,-0.9659258262890682
100.52117707914618,2,1,0,2,1.4072964791080467,0.7071067811865476,0.7071067811865476
233.91954421521172,0,0,0,1,3.274873619012964,-0.7071067811865471,-0.7071067811865479
450.16843157857716,0,0,1,1,6.302358042100081,-1.0,-1.8369701987210297e-16
150.7271685814635,2,0,1,2,2.110180360140489,0.7071067811865476,-0.7071067811865475
21.246013844842423,2,0,0,2,0.2974441938277939,-0.7071067811865471,-0.7071067811865479
276.3186633479607,0,1,0,1,3.8684612868714496,0.8660254037844386,0.5000000000000001
141.15060400561393,2,0,1,2,1.976108456078595,-0.7071067811865471,-0.7071067811865479
363.3205058918504,2,1,0,2,5.086487082485906,0.0,1.0
90.64124220074913,2,1,0,2,1.2689773908104878,0.8660254037844386,0.5000000000000001
110.92535986244195,2,0,0,2,1.5529550380741872,1.2246467991473532e-16,-1.0
113.78041775772385,2,0,0,2,1.592925848608134,1.2246467991473532e-16,-1.0
280.5900479892669,2,1,0,2,3.9282606718497366,0.49999999999999994,0.8660254037844387
221.03711111021224,2,0,0,2,3.094519555542971,-0.8660254037844385,-0.5000000000000004
36.090759266787245,2,0,0,2,0.5052706297350215,-1.0,-1.8369701987210297e-16
284.88376847807655,2,1,0,2,3.988372758693072,0.8660254037844386,0.5000000000000001
434.872654115945,2,1,0,2,6.08821715762323,0.8660254037844386,0.5000000000000001
211.19777018458905,2,0,0,2,2.9567687825842466,-0.4999999999999997,-0.8660254037844388
298.2700509679553,0,0,1,1,4.175780713551374,0.7071067811865476,-0.7071067811865475
299.19602492532954,2,0,1,2,4.1887443489546135,0.258819045102521,-0.9659258262890682
33.22063110778711,2,1,0,2,0.4650888355090196,-0.25881904510252157,0.9659258262890681
620.1854477273673,2,0,0,2,8.682596268183142,0.49999999999999994,-0.8660254037844387
165.2470305779889,2,1,1,2,2.313458428091845,0.0,1.0
368.10091633484876,0,1,1,1,5.153412828687882,-0.5000000000000004,0.8660254037844384
388.4587499012289,0,1,1,1,5.4384224986172045,-0.8660254037844386,0.5000000000000001
224.87287711916468,0,1,0,1,3.1482202796683056,0.49999999999999994,0.8660254037844387
359.22310451073423,0,1,0,1,5.029123463150279,0.7071067811865476,0.7071067811865476
294.24745992695006,1,0,0,0,4.119464438977301,-1.0,-1.8369701987210297e-16
5.175156300933082,2,1,0,2,0.07245218821306315,-0.25881904510252157,0.9659258262890681
190.19091377498412,2,0,0,2,2.6626727928497775,-0.9659258262890684,0.2588190451025203
139.74083757626886,2,1,0,2,1.956371726067764,0.49999999999999994,0.8660254037844387
166.8858925576971,2,0,0,2,2.3364024958077594,-0.9659258262890683,-0.25881904510252063
15.279427989405178,2,1,0,2,0.2139119918516725,0.49999999999999994,0.8660254037844387
452.7580690142854,0,0,0,1,6.338612966199996,1.0,6.123233995736766e-17
538.3586778304143,2,1,0,2,7.5370214896258005,-0.7071067811865477,0.7071067811865474
426.04053567971357,1,1,0,0,5.96456749951599,-0.8660254037844386,0.5000000000000001
478.6952603464857,0,1,0,1,6.7017336448508,-0.25881904510252157,0.9659258262890681
187.9657293385319,2,1,0,2,2.6315202107394464,0.0,1.0
135.47376970251344,2,0,0,2,1.8966327758351882,-1.0,-1.8369701987210297e-16
109.85433157389193,2,0,0,2,1.537960642034487,-0.9659258262890683,-0.25881904510252063
365.93168613230006,2,1,0,2,5.123043605852201,0.25881904510252074,0.9659258262890683
290.87134956594696,2,0,0,2,4.072198893923257,0.258819045102521,-0.9659258262890682
236.10009191228337,2,0,0,2,3.305401286771967,-0.8660254037844385,-0.5000000000000004
483.12673795516173,2,1,0,2,6.763774331372264,-0.8660254037844386,0.5000000000000001
322.88944368676175,2,1,1,2,4.520452211614664,-0.8660254037844386,0.5000000000000001
99.04162524629476,1,1,1,0,1.3865827534481265,0.49999999999999994,0.8660254037844387
127.43641075557495,0,0,0,1,1.7841097505780494,0.258819045102521,-0.9659258262890682
372.7587938657462,1,0,0,0,5.218623114120447,0.258819045102521,-0.9659258262890682
437.5119134778275,2,1,0,2,6.125166788689585,0.9659258262890683,0.25881904510252074
349.3024418060745,2,0,0,2,4.890234185285043,0.7071067811865476,-0.7071067811865475
591.4399746169746,0,1,0,1,8.280159644637644,-0.7071067811865477,0.7071067811865474
544.3012898316554,2,1,0,2,7.620218057643175,0.9659258262890683,0.25881904510252074
329.3864502731373,2,0,0,2,4.611410303823923,-0.2588190451025208,-0.9659258262890683
99.05548129332959,0,1,0,1,1.3867767381066143,0.25881904510252074,0.9659258262890683
14.202247888281818,0,0,1,1,0.19883147043594546,0.49999999999999994,-0.8660254037844387
180.27128589735133,2,0,0,2,2.5237980025629185,-0.4999999999999997,-0.8660254037844388
385.57842035490825,2,0,0,2,5.398097884968715,0.9659258262890683,-0.25881904510252063
578.7964742761487,2,1,0,2,8.103150639866083,-0.7071067811865477,0.7071067811865474
325.14046619394395,2,0,0,2,4.551966526715215,1.2246467991473532e-16,-1.0
460.3701029616226,2,0,0,2,6.445181441462716,-1.0,-1.8369701987210297e-16
205.84465248619557,2,0,0,2,2.881825134806738,0.7071067811865476,-0.7071067811865475
362.098442540959,2,0,1,2,5.069378195573426,0.8660254037844387,-0.4999999999999998
398.2042293058911,1,0,0,0,5.574859210282475,-0.9659258262890683,-0.25881904510252063
106.32696965345508,0,0,1,1,1.4885775751483712,1.0,6.123233995736766e-17
175.58101557222815,0,1,0,1,2.4581342180111942,0.49999999999999994,0.8660254037844387
420.9460691700166,2,0,0,2,5.893244968380232,0.258819045102521,-0.9659258262890682
299.4043004145817,2,0,0,2,4.191660205804144,-0.4999999999999997,-0.8660254037844388
34.627291332832044,2,1,0,2,0.4847820786596486,-0.7071067811865477,0.7071067811865474
187.4220276309241,2,1,1,2,2.623908386832938,-0.8660254037844386,0.5000000000000001
184.15946584563886,2,0,1,2,2.5782325218389444,1.2246467991473532e-16,-1.0
237.11457527910176,0,1,0,1,3.3196040539074247,0.9659258262890683,0.25881904510252074
90.89386903089783,0,0,0,1,1.2725141664325696,0.9659258262890683,-0.25881904510252063
275.755288665039,2,0,1,2,3.8605740413105463,-0.2588190451025208,-0.9659258262890683
341.14961450192106,2,1,1,2,4.776094603026895,0.49999999999999994,0.8660254037844387
370.7236907307219,1,0,0,0,5.190131670230106,-0.7071067811865471,-0.7071067811865479
174.065406487818,2,0,0,2,2.436915690829452,-0.9659258262890683,-0.25881904510252063
13.428682394538356,2,1,1,2,0.18800155352353698,-0.25881904510252157,0.9659258262890681
195.1679232961476,2,0,0,2,2.7323509261460663,-0.8660254037844385,-0.5000000000000004
352.9911635867434,0,0,0,1,4.941876290214408,-0.9659258262890683,-0.25881904510252063
338.06212243900643,1,0,0,0,4.73286971414609,0.7071067811865476,-0.7071067811865475
334.93659061780164,2,0,0,2,4.689112268649223,-0.8660254037844385,-0.5000000000000004
180.9847704455923,0,0,0,1,2.533786786238292,-0.7071067811865471,-0.7071067811865479
191.02598128420706,0,1,0,1,2.674363737978899,-0.8660254037844386,0.5000000000000001
118.90073168408668,2,1,1,2,1.6646102435772137,-0.25881904510252157,0.9659258262890681
388.2749430590526,2,1,1,2,5.435849202826737,0.25881904510252074,0.9659258262890683
84.31201820687593,2,0,1,2,1.180368254896263,-0.9659258262890684,0.2588190451025203
403.00655113412256,1,1,0,0,5.642091715877716,0.7071067811865476,0.7071067811865476
287.4135828647763,2,0,0,2,4.023790160106868,0.49999999999999994,-0.8660254037844387
241.89199387807236,0,0,0,1,3.386487914293013,1.0,6.123233995736766e-17
131.792128040236,2,0,0,2,1.845089792563304,-0.8660254037844385,-0.5000000000000004
6.00246499045727,0,0,0,1,0.08403450986640178,-1.0,-1.8369701987210297e-16
133.42250385195177,2,1,0,2,1.8679150539273248,0.9659258262890683,0.25881904510252074
190.59876364752046,0,0,0,1,2.6683826910652866,0.7071067811865476,-0.7071067811865475
176.4243760846253,0,1,1,1,2.469941265184754,-0.8660254037844386,0.5000000000000001
214.47607203976042,0,1,0,1,3.002665008556646,0.7071067811865476,0.7071067811865476
416.384326244681,0,1,0,1,5.829380567425535,0.0,1.0
352.09922297809703,2,0,1,2,4.929389121693359,1.0,6.123233995736766e-17
160.68294236652866,0,1,1,1,2.2495611931314015,-0.8660254037844386,0.5000000000000001
258.44853371474096,2,0,1,2,3.6182794720063733,-0.7071067811865471,-0.7071067811865479
149.89037750404006,2,0,0,2,2.0984652850565606,-0.8660254037844385,-0.5000000000000004
276.7769320004253,2,1,1,2,3.874877048005954,-0.25881904510252157,0.9659258262890681
527.2194082739256,2,1,0,2,7.381071715834959,0.8660254037844386,0.5000000000000001
424.3297844724777,2,1,0,2,5.940616982614688,-0.7071067811865477,0.7071067811865474
343.7429750246955,1,1,0,0,4.812401650345737,-0.5000000000000004,0.8660254037844384
161.28071577093073,2,0,0,2,2.25793002079303,0.7071067811865476,-0.7071067811865475
384.9889107300709,0,0,0,1,5.389844750220993,1.0,6.123233995736766e-17
53.63785124714957,2,0,0,2,0.750929917460094,1.2246467991473532e-16,-1.0
204.57637324163971,2,0,0,2,2.864069225382956,1.0,6.123233995736766e-17
355.06805556831097,2,0,0,2,4.970952777956353,-0.4999999999999997,-0.8660254037844388
383.27581852859527,1,0,0,0,5.3658614594003335,-0.8660254037844385,-0.5000000000000004
370.5792082388334,0,1,0,1,5.188108915343668,-0.5000000000000004,0.8660254037844384
303.069524057745,1,1,1,0,4.24297333680843,0.49999999999999994,0.8660254037844387
214.76950376490106,1,1,0,0,3.006773052708615,0.8660254037844386,0.5000000000000001
346.835674568768,2,0,1,2,4.855699443962752,0.7071067811865476,-0.7071067811865475
78.48501269446592,2,1,1,2,1.0987901777225229,0.8660254037844386,0.5000000000000001
97.95809260721501,0,1,1,1,1.3714132965010102,-0.25881904510252157,0.9659258262890681
261.1122417628534,2,0,1,2,3.655571384679947,1.0,6.123233995736766e-17
281.1755756875745,2,0,0,2,3.936458059626043,1.0,6.123233995736766e-17
78.61073214163633,2,1,0,2,1.1005502499829085,-0.7071067811865477,0.7071067811865474
331.9263485709133,0,1,0,1,4.646968879992786,-0.5000000000000004,0.8660254037844384
389.0911080254908,0,0,1,1,5.447275512356871,-0.2588190451025208,-0.9659258262890683
236.08865725606685,2,1,0,2,3.305241201584936,-0.5000000000000004,0.8660254037844384
677.4039309911186,2,0,1,2,9.48365503387566,-0.4999999999999997,-0.8660254037844388
127.0716808632665,0,1,0,1,1.779003532085731,0.8660254037844386,0.5000000000000001
185.0043105903635,0,1,0,1,2.590060348265089,0.8660254037844386,0.5000000000000001
178.8879568971023,2,1,1,2,2.504431396559432,0.7071067811865476,0.7071067811865476
236.28622996761683,0,0,0,1,3.3080072195466355,-0.9659258262890684,0.2588190451025203
190.82953366606762,2,1,0,2,2.671613471324947,-0.8660254037844386,0.5000000000000001
5.0,2,0,0,2,0.07,0.8660254037844387,-0.4999999999999998
151.62130667743443,0,0,0,1,2.122698293484082,0.258819045102521,-0.9659258262890682
232.4282747606663,0,0,0,1,3.2539958466493286,-0.7071067811865471,-0.7071067811865479
471.1429747711595,2,1,0,2,6.596001646796233,-0.7071067811865477,0.7071067811865474
646.4037892071244,0,0,0,1,9.049653048899742,0.9659258262890683,-0.25881904510252063
490.3853016131178,0,0,0,1,6.865394222583649,0.8660254037844387,-0.4999999999999998
110.43177465893083,0,0,0,1,1.5460448452250317,0.258819045102521,-0.9659258262890682
124.75427008729021,0,0,0,1,1.7465597812220628,-0.9659258262890684,0.2588190451025203
221.3208560483168,0,0,0,1,3.0984919846764356,1.0,6.123233995736766e-17
571.2205999936455,2,1,0,2,7.9970883999110365,-0.8660254037844386,0.5000000000000001
220.22367060725918,2,1,0,2,3.0831313885016285,0.7071067811865476,0.7071067811865476
11.048651703262493,2,1,0,2,0.1546811238456749,-0.5000000000000004,0.8660254037844384
159.7881153484537,2,1,0,2,2.2370336148783516,0.49999999999999994,0.8660254037844387
386.27008032749507,0,1,1,1,5.407781124584931,0.0,1.0
374.18924984129563,2,0,0,2,5.238649497778138,1.0,6.123233995736766e-17
213.9610000315019,2,0,0,2,2.9954540004410264,0.8660254037844387,-0.4999999999999998
373.01464124080553,2,1,0,2,5.222204977371277,0.25881904510252074,0.9659258262890683
159.17099645842973,2,0,0,2,2.2283939504180164,1.0,6.123233995736766e-17
268.68926230588556,2,0,0,2,3.7616496722823975,0.7071067811865476,-0.7071067811865475
404.92337584635345,0,1,0,1,5.668927261848949,0.25881904510252074,0.9659258262890683
100.08461047218367,2,0,1,2,1.4011845466105715,1.2246467991473532e-16,-1.0
99.45906343066815,0,1,1,1,1.3924268880293542,0.49999999999999994,0.8660254037844387
85.96066749742556,1,0,1,0,1.2034493449639578,1.2246467991473532e-16,-1.0
536.1812070659249,2,0,1,2,7.506536898922949,0.7071067811865476,-0.7071067811865475
120.372284136118,2,0,0,2,1.685211977905652,0.258819045102521,-0.9659258262890682
293.38779001518014,2,1,0,2,4.107429060212522,0.49999999999999994,0.8660254037844387
358.70506746700744,0,0,1,1,5.0218709445381045,-0.9659258262890684,0.2588190451025203
522.1722308454616,0,1,0,1,7.310411231836462,0.9659258262890683,0.25881904510252074
222.29840068258565,2,1,0,2,3.1121776095561993,0.49999999999999994,0.8660254037844387
152.90263711988467,2,1,1,2,2.140636919678385,0.25881904510252074,0.9659258262890683
281.1521767426996,0,1,0,1,3.9361304743977947,-0.5000000000000004,0.8660254037844384
481.1344497776116,2,1,0,2,6.735882296886563,-0.7071067811865477,0.7071067811865474
219.36894434785893,2,0,1,2,3.071165220870025,-0.2588190451025208,-0.9659258262890683
78.12356531486625,0,0,1,1,1.0937299144081276,-0.4999999999999997,-0.8660254037844388
27.336405496765224,0,0,0,1,0.38270967695471314,-0.9659258262890683,-0.25881904510252063
30.166470771059437,0,0,0,1,0.4223305907948321,-1.0,-1.8369701987210297e-16
405.59046953319967,0,1,0,1,5.6782665734647955,-0.7071067811865477,0.7071067811865474
192.28759426477393,0,0,0,1,2.692026319706835,0.7071067811865476,-0.7071067811865475
140.64623621427214,2,0,0,2,1.96904730699981,-0.9659258262890684,0.2588190451025203
121.12589982689039,0,0,0,1,1.6957625975764654,-0.8660254037844385,-0.5000000000000004
265.30825483603275,1,0,0,0,3.714315567704458,-0.8660254037844385,-0.5000000000000004
206.89808312219492,0,0,0,1,2.8965731637107286,-1.0,-1.8369701987210297e-16
200.83621413053456,2,1,0,2,2.811706997827484,-0.25881904510252157,0.9659258262890681
492.87830700593304,2,1,1,2,6.900296298083062,0.7071067811865476,0.7071067811865476
526.842930735094,2,0,0,2,7.375801030291316,0.49999999999999994,-0.8660254037844387
39.80390112361937,2,0,0,2,0.5572546157306711,-0.8660254037844385,-0.5000000000000004
308.96669160573236,2,1,0,2,4.325533682480254,-0.25881904510252157,0.9659258262890681
110.16482224814939,0,0,0,1,1.5423075114740914,0.7071067811865476,-0.7071067811865475
205.31479950500315,0,1,1,1,2.874407193070044,-0.7071067811865477,0.7071067811865474
305.670109322805,2,0,1,2,4.27938153051927,-0.8660254037844385,-0.5000000000000004
211.71041495243452,0,0,0,1,2.963945809334083,0.258819045102521,-0.9659258262890682
291.482778512974,2,0,0,2,4.080758899181636,0.7071067811865476,-0.7071067811865475
371.1346370857451,2,0,0,2,5.195884919200432,0.7071067811865476,-0.7071067811865475
303.0238240972576,2,1,1,2,4.242333537361606,0.9659258262890683,0.25881904510252074
133.56946524982777,2,0,0,2,1.8699725134975889,-0.8660254037844385,-0.5000000000000004
136.7440707453417,2,0,1,2,1.9144169904347839,-1.0,-1.8369701987210297e-16
9.14695339124637,2,1,0,2,0.12805734747744918,0.25881904510252074,0.9659258262890683
96.29434644627071,2,1,1,2,1.3481208502477897,0.7071067811865476,0.7071067811865476
603.172305141735,0,0,0,1,8.444412271984291,-0.9659258262890683,-0.25881904510252063
107.439356662856,2,1,0,2,1.5041509932799841,-0.8660254037844386,0.5000000000000001
35.19181376011244,0,1,0,1,0.4926853926415741,0.7071067811865476,0.7071067811865476
307.5870151320592,0,1,0,1,4.306218211848829,0.9659258262890683,0.25881904510252074
230.13434332746522,0,0,0,1,3.2218808065845135,-0.2588190451025208,-0.9659258262890683
214.79321736713942,1,0,0,0,3.0071050431399517,1.0,6.123233995736766e-17
503.62827395417617,2,0,0,2,7.050795835358466,0.258819045102521,-0.9659258262890682
348.8428016005057,2,1,0,2,4.88379922240708,0.25881904510252074,0.9659258262890683
154.60127229337445,0,0,0,1,2.164417812107242,-0.9659258262890683,-0.25881904510252063
173.5943348334796,2,1,0,2,2.4303206876687145,-0.25881904510252157,0.9659258262890681
159.5344274969767,0,0,0,1,2.233481984957674,1.2246467991473532e-16,-1.0
407.4531318844463,0,0,1,1,5.704343846382248,1.2246467991473532e-16,-1.0
194.53342669843525,0,1,0,1,2.7234679737780936,0.8660254037844386,0.5000000000000001
72.76763044174709,1,0,0,0,1.0187468261844592,1.0,6.123233995736766e-17
241.30245782781802,1,0,0,0,3.378234409589452,0.258819045102521,-0.9659258262890682
26.664680203027217,0,0,0,1,0.37330552284238105,-0.2588190451025208,-0.9659258262890683
643.1615083158823,2,1,0,2,9.004261116422352,0.0,1.0
76.17977550749842,0,1,0,1,1.066516857104978,-0.25881904510252157,0.9659258262890681
220.8643422356085,2,0,1,2,3.0921007912985186,0.7071067811865476,-0.7071067811865475
296.47649224620466,2,0,0,2,4.1506708914468655,0.8660254037844387,-0.4999999999999998
198.0415310777386,0,0,0,1,2.77258143508834,0.7071067811865476,-0.7071067811865475
197.79452773608534,2,0,0,2,2.7691233883051947,1.0,6.123233995736766e-17
325.92891150895787,2,0,0,2,4.56300476112541,-0.7071067811865471,-0.7071067811865479
524.7188725833302,2,0,0,2,7.346064216166622,0.258819045102521,-0.9659258262890682
388.15163472711356,0,0,1,1,5.43412288617959,0.258819045102521,-0.9659258262890682
516.1324981432376,2,0,0,2,7.225854974005327,-1.0,-1.8369701987210297e-16
61.60856054316966,0,0,0,1,0.8625198476043752,1.2246467991473532e-16,-1.0
307.12527398596507,2,1,1,2,4.299753835803511,-0.8660254037844386,0.5000000000000001
277.94428937049025,0,0,1,1,3.8912200511868638,-0.9659258262890683,-0.25881904510252063
313.1964325018123,0,1,0,1,4.384750055025371,0.49999999999999994,0.8660254037844387
497.72175471440306,2,0,1,2,6.968104566001642,1.0,6.123233995736766e-17
210.25795303743027,2,1,1,2,2.9436113425240236,0.0,1.0
177.0093940202642,2,1,0,2,2.478131516283699,0.49999999999999994,0.8660254037844387
346.1165435353595,1,1,0,0,4.845631609495032,-0.8660254037844386,0.5000000000000001
70.07649096185253,0,0,0,1,0.9810708734659354,-0.2588190451025208,-0.9659258262890683
207.36663115800792,1,1,0,0,2.903132836212111,0.7071067811865476,0.7071067811865476
225.84441592861847,2,0,0,2,3.1618218230006585,-1.0,-1.8369701987210297e-16
84.33544906475345,0,1,0,1,1.1806962869065483,-0.7071067811865477,0.7071067811865474
440.27062204418394,0,1,0,1,6.163788708618575,0.9659258262890683,0.25881904510252074
58.796742878208846,0,0,0,1,0.8231544002949238,-0.9659258262890684,0.2588190451025203
225.54285129451668,1,0,0,0,3.1575999181232337,0.8660254037844387,-0.4999999999999998
302.7683005581343,2,0,0,2,4.23875620781388,0.49999999999999994,-0.8660254037844387
493.6212810657013,2,1,0,2,6.910697934919818,-0.7071067811865477,0.7071067811865474
248.0998417214464,0,0,0,1,3.47339778410025,-0.4999999999999997,-0.8660254037844388
418.50764694307793,0,0,0,1,5.859107057203091,0.8660254037844387,-0.4999999999999998
376.10717150988296,0,0,0,1,5.265500401138362,0.49999999999999994,-0.8660254037844387
272.22236011044566,2,0,0,2,3.8111130415462395,0.7071067811865476,-0.7071067811865475
53.88758651077802,2,1,1,2,0.7544262111508923,0.25881904510252074,0.9659258262890683
8.224554962782804,2,1,0,2,0.11514376947895925,-0.7071067811865477,0.7071067811865474
269.17097225545353,2,0,0,2,3.7683936115763497,-0.2588190451025208,-0.9659258262890683
152.31456269752954,0,1,0,1,2.1324038777654137,0.7071067811865476,0.7071067811865476
415.4669965026325,0,1,0,1,5.816537951036856,0.25881904510252074,0.9659258262890683
384.25417325774396,2,1,0,2,5.3795584256084155,0.8660254037844386,0.5000000000000001
216.77002100133103,2,0,0,2,3.0347802940186344,-0.2588190451025208,-0.9659258262890683
41.61167369057151,2,0,0,2,0.5825634316680012,-0.4999999999999997,-0.8660254037844388
341.9323989293092,2,0,0,2,4.787053585010328,-1.0,-1.8369701987210297e-16
66.76909969567294,0,1,0,1,0.9347673957394211,0.9659258262890683,0.25881904510252074
113.47649387244431,1,0,0,0,1.5886709142142204,-0.4999999999999997,-0.8660254037844388
73.70516712127218,2,0,0,2,1.0318723396978104,-0.2588190451025208,-0.9659258262890683
225.06981605080838,0,0,0,1,3.1509774247113174,0.9659258262890683,-0.25881904510252063
460.6346201327011,0,0,0,1,6.448884681857816,-0.9659258262890684,0.2588190451025203
249.09264335976482,0,0,1,1,3.4872970070367075,0.258819045102521,-0.9659258262890682
170.22063536301476,2,1,0,2,2.383088895082207,0.7071067811865476,0.7071067811865476
24.610687408143974,1,1,0,0,0.34454962371401565,-0.8660254037844386,0.5000000000000001
349.3824252513717,2,1,0,2,4.891353953519204,0.9659258262890683,0.25881904510252074
109.52717093284704,2,0,0,2,1.5333803930598586,0.49999999999999994,-0.8660254037844387
271.1531714484574,2,1,1,2,3.7961444002784033,-0.5000000000000004,0.8660254037844384
186.24064913500467,2,1,1,2,2.6073690878900653,-0.7071067811865477,0.7071067811865474
400.8718995278988,2,0,0,2,5.612206593390583,1.0,6.123233995736766e-17
221.6974494348606,2,1,1,2,3.1037642920880484,0.7071067811865476,0.7071067811865476
239.3932561858507,2,0,1,2,3.3515055866019097,-0.4999999999999997,-0.8660254037844388
337.4344865419827,0,1,0,1,4.724082811587758,0.0,1.0
629.2492328073733,0,0,0,1,8.809489259303227,0.8660254037844387,-0.4999999999999998
409.9204474645398,2,1,1,2,5.738886264503557,-0.5000000000000004,0.8660254037844384
234.0509008572503,0,0,1,1,3.276712612001504,-0.9659258262890684,0.2588190451025203
250.5756383107519,0,0,1,1,3.508058936350527,0.9659258262890683,-0.25881904510252063
155.52529714160175,0,0,1,1,2.177354159982425,0.258819045102521,-0.9659258262890682
79.00077336645487,2,0,1,2,1.1060108271303681,1.0,6.123233995736766e-17
150.50485832806203,0,0,0,1,2.1070680165928684,-0.9659258262890683,-0.25881904510252063
111.01318653185035,1,1,0,0,1.554184611445905,0.0,1.0
367.60630908325936,0,0,0,1,5.146488327165631,0.8660254037844387,-0.4999999999999998
57.1849255835825,2,0,0,2,0.800588958170155,1.0,6.123233995736766e-17
489.97790104840794,2,0,0,2,6.859690614677711,-0.2588190451025208,-0.9659258262890683
385.3683490513894,0,1,1,1,5.395156886719451,0.0,1.0
253.69031128618033,2,0,1,2,3.5516643580065246,1.2246467991473532e-16,-1.0
250.0573500637123,2,0,0,2,3.500802900891972,-0.9659258262890684,0.2588190451025203
149.68936426938038,2,0,0,2,2.095651099771325,-0.4999999999999997,-0.8660254037844388
298.6151940425975,0,1,1,1,4.180612716596365,0.8660254037844386,0.5000000000000001
445.85664337754605,0,1,1,1,6.241993007285645,0.8660254037844386,0.5000000000000001
123.43183679395352,2,0,0,2,1.7280457151153494,-0.2588190451025208,-0.9659258262890683
26.01057600537149,1,0,0,0,0.36414806407520084,-0.2588190451025208,-0.9659258262890683
376.5792858742139,2,0,0,2,5.272110002238994,-0.2588190451025208,-0.9659258262890683
308.3858753638841,0,1,0,1,4.317402255094377,0.8660254037844386,0.5000000000000001
48.364215740587696,0,0,1,1,0.6770990203682277,0.49999999999999994,-0.8660254037844387
117.98955323545877,0,0,1,1,1.6518537452964228,-1.0,-1.8369701987210297e-16
95.36123067097469,1,1,0,0,1.3350572293936458,0.8660254037844386,0.5000000000000001
119.5841915738352,2,1,0,2,1.6741786820336928,0.7071067811865476,0.7071067811865476
191.7371042725862,0,0,1,1,2.684319459816207,-0.4999999999999997,-0.8660254037844388
202.0214852294655,2,1,0,2,2.828300793212517,-0.8660254037844386,0.5000000000000001
132.85714208767718,0,0,0,1,1.8599999892274806,1.0,6.123233995736766e-17
113.53051249001294,0,1,1,1,1.5894271748601811,0.8660254037844386,0.5000000000000001
208.81881809451133,0,0,0,1,2.923463453323159,-0.4999999999999997,-0.8660254037844388
280.184476274721,2,0,0,2,3.922582667846094,-0.2588190451025208,-0.9659258262890683
193.06662345432795,0,1,0,1,2.702932728360591,-0.25881904510252157,0.9659258262890681
458.56006420143433,2,1,0,2,6.419840898820081,-0.25881904510252157,0.9659258262890681
341.4557885957416,2,1,1,2,4.780381040340382,0.49999999999999994,0.8660254037844387
36.35225423456524,0,1,0,1,0.5089315592839133,0.8660254037844386,0.5000000000000001
344.2709977744936,2,0,0,2,4.819793968842911,0.258819045102521,-0.9659258262890682
358.9979168654049,0,0,1,1,5.025970836115668,-0.9659258262890684,0.2588190451025203
171.74770573764556,2,0,0,2,2.4044678803270383,-0.2588190451025208,-0.9659258262890683
19.135565714567974,2,1,1,2,0.26789792000395163,0.8660254037844386,0.5000000000000001
251.4520166940045,0,1,1,1,3.520328233716063,-0.25881904510252157,0.9659258262890681
248.61244273319608,2,1,0,2,3.480574198264745,0.7071067811865476,0.7071067811865476
48.10367742402494,2,1,1,2,0.6734514839363491,-0.8660254037844386,0.5000000000000001
11.219458926788377,0,0,0,1,0.1570724249750373,-0.7071067811865471,-0.7071067811865479
234.2403616383809,2,0,0,2,3.279365062937333,1.0,6.123233995736766e-17
208.04610543085204,0,1,1,1,2.9126454760319285,0.49999999999999994,0.8660254037844387
174.89223424196916,2,1,0,2,2.4484912793875684,-0.7071067811865477,0.7071067811865474
234.98606774561895,0,1,0,1,3.289804948438665,0.7071067811865476,0.7071067811865476
51.50025271234256,0,0,0,1,0.7210035379727958,-0.9659258262890684,0.2588190451025203
171.73228968409944,0,1,0,1,2.404252055577392,-0.7071067811865477,0.7071067811865474
345.99850551058256,2,1,0,2,4.8439790771481555,0.9659258262890683,0.25881904510252074
187.00538553676802,0,1,1,1,2.6180753975147524,0.49999999999999994,0.8660254037844387
50.95504492265934,0,1,1,1,0.7133706289172308,0.0,1.0
164.91539000975712,0,1,0,1,2.3088154601365996,0.49999999999999994,0.8660254037844387
57.37147656876513,2,1,1,2,0.8032006719627118,-0.25881904510252157,0.9659258262890681
298.0845333631115,0,0,0,1,4.173183467083562,0.9659258262890683,-0.25881904510252063
307.3907326084766,0,0,0,1,4.303470256518673,-0.7071067811865471,-0.7071067811865479
48.579432515485564,2,1,1,2,0.6801120552167979,-0.7071067811865477,0.7071067811865474
386.622334704794,2,0,1,2,5.412712685867116,1.0,6.123233995736766e-17
49.80646576985947,0,0,1,1,0.6972905207780326,-0.9659258262890683,-0.25881904510252063
530.6528122868233,2,0,0,2,7.429139372015526,0.8660254037844387,-0.4999999999999998
241.22027238988898,1,1,0,0,3.3770838134584453,0.49999999999999994,0.8660254037844387
25.649170262950804,0,0,1,1,0.35908838368131124,-0.9659258262890683,-0.25881904510252063
44.442507275317354,0,0,1,1,0.622195101854443,-0.7071067811865471,-0.7071067811865479
312.6571525217221,2,1,0,2,4.377200135304109,-0.8660254037844386,0.5000000000000001
179.56601981829203,2,1,1,2,2.5139242774560886,0.0,1.0
232.60229626873465,1,1,0,0,3.2564321477622853,-0.8660254037844386,0.5000000000000001
540.3004418854671,2,0,0,2,7.5642061863965395,-0.9659258262890684,0.2588190451025203
124.13606843876646,0,0,0,1,1.7379049581427304,-0.7071067811865471,-0.7071067811865479
260.7933143852272,2,0,0,2,3.6511064013931804,0.258819045102521,-0.9659258262890682
505.5720077271495,2,1,0,2,7.078008108180094,0.9659258262890683,0.25881904510252074
298.692425583952,2,1,0,2,4.181693958175328,-0.8660254037844386,0.5000000000000001
39.18849236444106,2,0,1,2,0.5486388931021748,0.8660254037844387,-0.4999999999999998
340.9700221117846,1,1,0,0,4.773580309564984,-0.8660254037844386,0.5000000000000001
40.65948559898004,2,0,0,2,0.5692327983857206,1.2246467991473532e-16,-1.0
503.22535517193376,2,1,1,2,7.045154972407073,-0.25881904510252157,0.9659258262890681
101.88383110036398,2,0,1,2,1.4263736354050958,0.258819045102521,-0.9659258262890682
784.5117113942197,2,0,1,2,10.983163959519075,1.2246467991473532e-16,-1.0
514.127677898982,2,0,1,2,7.197787490585748,-0.9659258262890683,-0.25881904510252063
106.60973746696385,0,0,0,1,1.4925363245374939,-1.0,-1.8369701987210297e-16
253.60248490028988,2,0,1,2,3.550434788604058,-1.0,-1.8369701987210297e-16
385.65597069402344,2,0,0,2,5.399183589716328,-1.0,-1.8369701987210297e-16
391.0588853608074,2,1,0,2,5.474824395051304,0.9659258262890683,0.25881904510252074
329.6205267957155,1,0,0,0,4.614687375140016,-0.7071067811865471,-0.7071067811865479
475.3886266538998,2,0,0,2,6.655440773154597,1.0,6.123233995736766e-17
227.86558960581348,2,0,0,2,3.190118254481389,1.0,6.123233995736766e-17
183.99081965631405,0,1,1,1,2.575871475188397,-0.5000000000000004,0.8660254037844384
187.5644821735701,0,0,1,1,2.6259027504299817,-1.0,-1.8369701987210297e-16
404.50718175498287,2,0,1,2,5.66310054456976,-0.7071067811865471,-0.7071067811865479
315.7325872544763,2,0,0,2,4.420256221562669,-0.8660254037844385,-0.5000000000000004
302.4310598242462,0,1,1,1,4.234034837539446,-0.7071067811865477,0.7071067811865474
393.1421648662928,2,0,0,2,5.503990308128099,-1.0,-1.8369701987210297e-16
119.1894334136939,0,0,0,1,1.6686520677917147,-0.7071067811865471,-0.7071067811865479
305.8123882975271,0,0,1,1,4.28137343616538,-0.7071067811865471,-0.7071067811865479
289.34239999726884,2,0,0,2,4.0507935999617635,-1.0,-1.8369701987210297e-16
550.385454634127,2,0,0,2,7.705396364877777,-0.4999999999999997,-0.8660254037844388
25.145836807460057,2,1,0,2,0.3520417153044408,0.49999999999999994,0.8660254037844387
530.2935938278165,0,0,0,1,7.424110313589431,-0.4999999999999997,-0.8660254037844388
263.57364320643984,2,0,1,2,3.690031004890158,-0.7071067811865471,-0.7071067811865479
338.0181155188081,2,0,1,2,4.732253617263313,-0.9659258262890684,0.2588190451025203
551.6653817696878,0,1,1,1,7.723315344775629,0.8660254037844386,0.5000000000000001
350.93702824100313,1,0,1,0,4.913118395374044,-1.0,-1.8369701987210297e-16
322.06629210326093,2,0,0,2,4.508928089445654,0.7071067811865476,-0.7071067811865475
293.6124134444173,1,0,0,0,4.110573788221843,1.2246467991473532e-16,-1.0
162.97393570101215,2,0,1,2,2.2816350998141703,-0.4999999999999997,-0.8660254037844388
244.87195758812928,2,0,1,2,3.4282074062338097,0.258819045102521,-0.9659258262890682
121.20770209790524,2,0,0,2,1.6969078293706734,-0.8660254037844385,-0.5000000000000004
241.97795810341324,2,0,1,2,3.3876914134477856,-0.4999999999999997,-0.8660254037844388
170.4675254699174,2,1,0,2,2.3865453565788437,0.7071067811865476,0.7071067811865476
327.22712216215876,2,0,1,2,4.581179710270223,-0.4999999999999997,-0.8660254037844388
228.08729431894741,1,0,0,0,3.1932221204652635,-0.8660254037844385,-0.5000000000000004
189.48332739998244,0,0,0,1,2.652766583599754,0.49999999999999994,-0.8660254037844387
289.5564551092258,0,1,0,1,4.053790371529161,-0.5000000000000004,0.8660254037844384
8.041506133779308,2,1,1,2,0.11258108587291031,-0.5000000000000004,0.8660254037844384
597.2685993918308,2,0,0,2,8.36176039148563,-0.4999999999999997,-0.8660254037844388
231.50185693223204,2,0,0,2,3.2410259970512487,-0.9659258262890684,0.2588190451025203
223.7480020650059,0,1,0,1,3.1324720289100823,-0.8660254037844386,0.5000000000000001
76.22868217607399,1,0,0,0,1.0672015504650358,1.0,6.123233995736766e-17
254.31034884086702,2,0,0,2,3.5603448837721383,1.2246467991473532e-16,-1.0
499.6527802491905,2,1,0,2,6.995138923488668,-0.7071067811865477,0.7071067811865474
436.4649176977661,2,0,1,2,6.110508847768726,1.2246467991473532e-16,-1.0
403.7987952053001,2,0,0,2,5.653183132874202,-0.9659258262890684,0.2588190451025203
348.3518113001089,2,0,0,2,4.876925358201524,-0.9659258262890684,0.2588190451025203
185.46234503873023,0,1,1,1,2.5964728305422233,0.25881904510252074,0.9659258262890683
11.029370066606361,0,0,0,1,0.15441118093248907,0.7071067811865476,-0.7071067811865475
213.81302106400568,2,0,0,2,2.9933822948960795,-0.9659258262890683,-0.25881904510252063
207.5431363839381,2,0,0,2,2.905603909375133,-0.9659258262890684,0.2588190451025203
438.78299914082334,1,1,0,0,6.1429619879715265,0.8660254037844386,0.5000000000000001
305.6902796427676,2,0,1,2,4.279663914998747,-0.9659258262890684,0.2588190451025203
540.2160750226387,2,0,1,2,7.563025050316943,-1.0,-1.8369701987210297e-16
465.54793720687144,2,1,1,2,6.517671120896201,0.25881904510252074,0.9659258262890683
167.83079028926278,2,1,0,2,2.349631064049679,0.7071067811865476,0.7071067811865476
73.12325539157632,2,0,0,2,1.0237255754820684,-0.7071067811865471,-0.7071067811865479
499.40354210946657,0,1,0,1,6.991649589532532,-0.8660254037844386,0.5000000000000001
494.68934018153396,2,0,0,2,6.925650762541475,-0.7071067811865471,-0.7071067811865479
5.0,2,0,1,2,0.07,-0.8660254037844385,-0.5000000000000004
521.6632035689502,0,0,0,1,7.303284849965303,-0.4999999999999997,-0.8660254037844388
318.78109070665323,2,0,0,2,4.462935269893145,1.2246467991473532e-16,-1.0
278.9233896626175,0,1,0,1,3.9049274552766455,0.0,1.0
540.660985764519,0,1,0,1,7.569253800703265,-0.7071067811865477,0.7071067811865474
492.04333118151067,2,1,0,2,6.88860663654115,0.8660254037844386,0.5000000000000001
367.2395713591367,0,0,0,1,5.141353999027913,-0.9659258262890684,0.2588190451025203
335.17907184615694,2,1,0,2,4.692507005846197,0.0,1.0
360.9509722954646,1,0,0,0,5.053313612136505,0.258819045102521,-0.9659258262890682
177.98966190114533,2,1,0,2,2.4918552666160343,-0.5000000000000004,0.8660254037844384
240.08173904818221,1,0,0,0,3.3611443466745508,-0.4999999999999997,-0.8660254037844388
87.58291217298233,0,1,1,1,1.2261607704217528,0.7071067811865476,0.7071067811865476
190.05284036699462,2,0,0,2,2.6607397651379245,-1.0,-1.8369701987210297e-16
184.00590183959207,2,0,1,2,2.576082625754289,-0.7071067811865471,-0.7071067811865479
135.64503346810037,1,1,1,0,1.8990304685534052,-0.5000000000000004,0.8660254037844384
274.61437047672337,0,0,1,1,3.844601186674127,-0.9659258262890683,-0.25881904510252063
191.68344687389612,2,0,0,2,2.6835682562345453,-0.8660254037844385,-0.5000000000000004
340.4022496633553,0,0,1,1,4.765631495286974,0.49999999999999994,-0.8660254037844387
42.017710392877746,2,0,0,2,0.5882479455002885,-0.9659258262890684,0.2588190451025203
229.59613706068606,2,0,0,2,3.214345918849605,1.2246467991473532e-16,-1.0
273.6792952319492,2,1,1,2,3.8315101332472885,-0.25881904510252157,0.9659258262890681
194.08673682936148,2,1,0,2,2.7172143156110606,-0.7071067811865477,0.7071067811865474
218.96931403433837,0,0,1,1,3.0655703964807373,0.8660254037844387,-0.4999999999999998
35.344281931374326,2,0,1,2,0.49481994703924054,-0.8660254037844385,-0.5000000000000004
314.1658788405086,0,0,0,1,4.39832230376712,-0.8660254037844385,-0.5000000000000004
366.5690768620727,2,1,0,2,5.131967076069018,0.8660254037844386,0.5000000000000001
338.836712956678,2,1,1,2,4.743713981393491,-0.7071067811865477,0.7071067811865474
436.9708706995929,2,0,0,2,6.1175921897943,0.9659258262890683,-0.25881904510252063
286.27532904085035,2,1,1,2,4.007854606571905,0.49999999999999994,0.8660254037844387
336.16261251716867,2,1,0,2,4.706276575240361,0.9659258262890683,0.25881904510252074
278.09633292223344,2,1,1,2,3.8933486609112684,0.49999999999999994,0.8660254037844387
373.75912952664896,0,0,0,1,5.232627813373086,0.9659258262890683,-0.25881904510252063
33.90133450378198,2,0,0,2,0.47461868305294774,0.258819045102521,-0.9659258262890682
89.15542576395805,2,1,0,2,1.2481759606954126,0.7071067811865476,0.7071067811865476
535.6419382659565,2,1,0,2,7.49898713572339,0.25881904510252074,0.9659258262890683
192.87844797731697,0,0,0,1,2.7002982716824375,0.7071067811865476,-0.7071067811865475
224.76797263143808,1,0,0,0,3.146751616840133,-0.4999999999999997,-0.8660254037844388
461.0094927294523,2,0,0,2,6.4541328982123325,1.2246467991473532e-16,-1.0
233.21308020248236,2,1,1,2,3.264983122834753,-0.25881904510252157,0.9659258262890681
177.09800713887444,2,0,0,2,2.479372099944242,-0.4999999999999997,-0.8660254037844388
273.29590182675406,1,1,1,0,3.826142625574557,-0.7071067811865477,0.7071067811865474
186.43836759955963,2,0,0,2,2.6101371463938348,-1.0,-1.8369701987210297e-16
255.55290869624906,2,0,0,2,3.577740721747487,-0.9659258262890683,-0.25881904510252063
126.99141342637667,2,0,0,2,1.7778797879692734,1.2246467991473532e-16,-1.0
449.56139559203035,2,0,1,2,6.293859538288425,-0.9659258262890684,0.2588190451025203
506.187685791819,2,0,0,2,7.086627601085465,-0.9659258262890684,0.2588190451025203
225.98974201990794,0,1,1,1,3.163856388278711,0.0,1.0
5.0,2,0,1,2,0.07,-0.7071067811865471,-0.7071067811865479
155.70822934358887,0,0,1,1,2.179915210810244,0.9659258262890683,-0.25881904510252063
216.88204118146643,2,1,1,2,3.0363485765405303,-0.5000000000000004,0.8660254037844384
340.99699784257746,2,1,0,2,4.7739579697960846,0.9659258262890683,0.25881904510252074
68.55761982927797,1,1,0,0,0.9598066776098915,0.49999999999999994,0.8660254037844387
111.55078264441289,2,0,1,2,1.5617109570217804,-0.9659258262890684,0.2588190451025203
341.9217048145853,0,0,0,1,4.786903867404195,-0.7071067811865471,-0.7071067811865479
419.0035897671204,2,1,0,2,5.866050256739685,0.25881904510252074,0.9659258262890683
138.11307186927684,2,1,0,2,1.9335830061698758,-0.5000000000000004,0.8660254037844384
10.020930288820722,1,1,0,0,0.14029302404349012,0.25881904510252074,0.9659258262890683
841.1412762318191,2,0,1,2,11.775977867245468,-0.4999999999999997,-0.8660254037844388
390.99476267596845,0,0,0,1,5.473926677463558,0.7071067811865476,-0.7071067811865475
201.93932288193432,2,1,0,2,2.8271505203470806,0.0,1.0
406.4256295955512,0,1,0,1,5.689958814337717,-0.7071067811865477,0.7071067811865474
227.59780665140403,2,0,0,2,3.1863692931196566,-0.9659258262890684,0.2588190451025203
406.0882400380335,2,0,0,2,5.68523536053247,-0.4999999999999997,-0.8660254037844388
278.69077559972,0,1,0,1,3.9016708583960797,-0.25881904510252157,0.9659258262890681
266.42894167016317,1,1,0,0,3.7300051833822847,0.0,1.0
229.55526371845804,1,1,1,0,3.2137736920584126,-0.7071067811865477,0.7071067811865474
10.52864002335616,0,0,0,1,0.14740096032698624,-0.7071067811865471,-0.7071067811865479
598.8570818907651,0,0,0,1,8.383999146470712,-0.9659258262890683,-0.25881904510252063
80.52389435180618,2,1,0,2,1.1273345209252865,-0.25881904510252157,0.9659258262890681
5.195756264092978,2,1,1,2,0.0727405876973017,0.8660254037844386,0.5000000000000001
211.68522110385388,2,1,1,2,2.9635930954539544,-0.8660254037844386,0.5000000000000001
76.9350735681088,2,1,1,2,1.0770910299535232,0.8660254037844386,0.5000000000000001
240.6916976991512,2,1,1,2,3.369683767788117,-0.5000000000000004,0.8660254037844384
373.7974927411184,2,1,1,2,5.233164898375658,-0.5000000000000004,0.8660254037844384
429.1545220952602,2,0,1,2,6.008163309333642,0.7071067811865476,-0.7071067811865475
396.65152989190267,0,1,1,1,5.553121418486637,-0.5000000000000004,0.8660254037844384
194.98623013857755,2,0,0,2,2.7298072219400855,0.258819045102521,-0.9659258262890682
258.92652897908545,2,0,0,2,3.6249714057071962,0.7071067811865476,-0.7071067811865475
323.41822916154837,2,1,0,2,4.527855208261677,0.25881904510252074,0.9659258262890683
66.40173630957304,0,1,1,1,0.9296243083340225,-0.25881904510252157,0.9659258262890681
352.70524602157474,0,1,1,1,4.937873444302046,0.0,1.0
12.313871765089687,0,0,0,1,0.1723942047112556,-0.7071067811865471,-0.7071067811865479
617.262387803168,2,0,1,2,8.641673429244353,-0.9659258262890683,-0.25881904510252063
177.18728476449485,2,0,0,2,2.4806219867029276,1.0,6.123233995736766e-17
216.7224681049736,2,1,0,2,3.0341145534696303,0.7071067811865476,0.7071067811865476
111.45272213718602,2,0,0,2,1.5603381099206042,0.7071067811865476,-0.7071067811865475
136.60539426597586,2,0,0,2,1.912475519723662,0.7071067811865476,-0.7071067811865475
659.3368424457832,2,0,0,2,9.230715794240965,0.49999999999999994,-0.8660254037844387
419.26654395219356,2,1,0,2,5.86973161533071,0.49999999999999994,0.8660254037844387
28.85644012661089,1,0,1,0,0.4039901617725525,-0.2588190451025208,-0.9659258262890683
520.7583221233413,1,0,0,0,7.290616509726777,1.2246467991473532e-16,-1.0
464.7836095254577,2,0,0,2,6.506970533356407,-1.0,-1.8369701987210297e-16
199.38175678810808,2,0,0,2,2.791344595033513,0.7071067811865476,-0.7071067811865475
305.20544956537077,2,0,0,2,4.272876293915191,-0.4999999999999997,-0.8660254037844388
247.31006570420664,2,0,0,2,3.462340919858893,0.9659258262890683,-0.25881904510252063
605.0643828004479,1,0,0,0,8.470901359206271,-0.8660254037844385,-0.5000000000000004
106.66776598142374,2,1,0,2,1.4933487237399325,0.9659258262890683,0.25881904510252074
276.2819097596308,0,0,0,1,3.8679467366348317,1.0,6.123233995736766e-17
172.93384042129514,2,0,0,2,2.421073765898132,-0.2588190451025208,-0.9659258262890683
7.947272831213752,1,0,0,0,0.11126181963699253,0.9659258262890683,-0.25881904510252063
644.4948859098977,2,0,0,2,9.022928402738568,0.258819045102521,-0.9659258262890682
37.31801576156579,0,0,0,1,0.5224522206619211,-0.9659258262890683,-0.25881904510252063
289.62325374779965,2,0,0,2,4.054725552469195,-0.2588190451025208,-0.9659258262890683
63.326109148460375,0,1,1,1,0.8865655280784452,0.0,1.0
178.16730293624323,2,1,0,2,2.494342241107405,0.7071067811865476,0.7071067811865476
325.95438785802236,2,0,1,2,4.563361430012312,-0.8660254037844385,-0.5000000000000004
101.54788368957472,1,0,0,0,1.421670371654046,-0.9659258262890683,-0.25881904510252063
355.6243331324179,1,0,0,0,4.97874066385385,-1.0,-1.8369701987210297e-16
201.57260346014516,0,1,0,1,2.822016448442032,0.7071067811865476,0.7071067811865476
458.81485223175036,0,1,0,1,6.423407931244505,0.9659258262890683,0.25881904510252074
495.1169644012402,0,0,0,1,6.931637501617362,0.9659258262890683,-0.25881904510252063
144.3859430685979,2,0,1,2,2.0214032029603706,-0.4999999999999997,-0.8660254037844388
263.81191469073224,2,0,0,2,3.693366805670251,-0.9659258262890684,0.2588190451025203
283.0217607650019,2,1,0,2,3.9623046507100264,0.0,1.0
361.48287317824577,0,1,0,1,5.06076022449544,0.8660254037844386,0.5000000000000001
252.58875932396782,2,0,0,2,3.536242630535549,-0.7071067811865471,-0.7071067811865479
284.2379726817116,2,1,0,2,3.9793316175439624,-0.8660254037844386,0.5000000000000001
206.18683453687848,0,1,1,1,2.8866156835162986,0.9659258262890683,0.25881904510252074
270.74317605496327,0,1,0,1,3.790404464769486,-0.8660254037844386,0.5000000000000001
483.6292348363238,2,0,1,2,6.770809287708532,0.7071067811865476,-0.7071067811865475
366.29498341813377,2,0,1,2,5.128129767853873,0.7071067811865476,-0.7071067811865475
376.22601509980643,2,1,0,2,5.26716421139729,0.8660254037844386,0.5000000000000001
380.1526583444041,2,0,0,2,5.322137216821656,0.9659258262890683,-0.25881904510252063
222.3144199814136,2,1,1,2,3.11240187973979,0.0,1.0
307.3888678443155,0,1,0,1,4.303444149820417,0.8660254037844386,0.5000000000000001
54.66873789956597,0,1,0,1,0.7653623305939237,0.0,1.0
478.38537813705227,0,0,0,1,6.697395293918732,1.0,6.123233995736766e-17
250.9328778217797,2,0,0,2,3.513060289504916,-0.4999999999999997,-0.8660254037844388
234.31328937962346,0,1,1,1,3.2803860513147285,-0.5000000000000004,0.8660254037844384
455.3612758870494,2,1,0,2,6.375057862418691,-0.25881904510252157,0.9659258262890681
5.0,2,0,0,2,0.07,-0.2588190451025208,-0.9659258262890683
321.9603851710332,0,1,0,1,4.507445392394465,-0.5000000000000004,0.8660254037844384
127.46203961577517,2,0,0,2,1.7844685546208523,0.8660254037844387,-0.4999999999999998
183.61541226600363,2,0,1,2,2.570615771724051,0.9659258262890683,-0.25881904510252063
420.2693729150988,0,0,0,1,5.883771220811384,0.9659258262890683,-0.25881904510252063
285.650246659327,2,1,1,2,3.9991034532305783,0.49999999999999994,0.8660254037844387
116.18405621918527,0,0,0,1,1.6265767870685937,-0.9659258262890684,0.2588190451025203
74.24340284831229,2,1,0,2,1.039407639876372,0.7071067811865476,0.7071067811865476
425.56043227997674,0,0,0,1,5.957846051919674,-0.8660254037844385,-0.5000000000000004
330.8096892747396,2,1,1,2,4.6313356498463545,0.9659258262890683,0.25881904510252074
564.6644030543712,2,1,0,2,7.905301642761197,0.25881904510252074,0.9659258262890683
552.8765669223935,0,0,0,1,7.740271936913509,0.8660254037844387,-0.4999999999999998
188.39587657357748,2,0,1,2,2.637542272030085,-0.2588190451025208,-0.9659258262890683
700.582804912508,2,1,0,2,9.80815926877511,0.0,1.0
254.40634057334393,2,0,0,2,3.561688768026815,-0.8660254037844385,-0.5000000000000004
76.71966380637542,2,0,1,2,1.074075293289256,0.49999999999999994,-0.8660254037844387
135.9448241360961,2,1,1,2,1.9032275379053454,0.9659258262890683,0.25881904510252074
156.2105189520954,2,1,0,2,2.186947265329336,0.0,1.0
539.2634214848706,1,0,1,0,7.5496879007881885,-1.0,-1.8369701987210297e-16
537.0571580278954,2,0,0,2,7.518800212390535,-0.7071067811865471,-0.7071067811865479
67.20866101360224,2,0,0,2,0.9409212541904314,-0.9659258262890683,-0.25881904510252063
208.98082809125694,2,0,0,2,2.925731593277597,0.49999999999999994,-0.8660254037844387
267.20935794026394,2,0,1,2,3.740931011163695,0.8660254037844387,-0.4999999999999998
77.13645061441952,1,1,0,0,1.079910308601873,-0.8660254037844386,0.5000000000000001
65.91836562880911,2,1,0,2,0.9228571188033275,0.9659258262890683,0.25881904510252074
212.13563132015588,1,1,0,0,2.9698988384821825,0.25881904510252074,0.9659258262890683
192.20570269733557,2,0,0,2,2.690879837762698,0.9659258262890683,-0.25881904510252063
180.08597662202047,0,1,1,1,2.5212036727082863,-0.7071067811865477,0.7071067811865474
290.08889126817365,2,0,0,2,4.061244477754431,-0.7071067811865471,-0.7071067811865479
507.31353853467857,0,0,0,1,7.1023895394854994,0.9659258262890683,-0.25881904510252063
195.4433104554893,0,0,0,1,2.73620634637685,0.9659258262890683,-0.25881904510252063
280.6797397698453,2,0,1,2,3.929516356777834,-0.2588190451025208,-0.9659258262890683
380.8366942740885,2,1,1,2,5.331713719837238,0.0,1.0
349.7457267722948,2,0,0,2,4.896440174812128,1.0,6.123233995736766e-17
139.40376559938844,1,1,0,0,1.951652718391438,0.25881904510252074,0.9659258262890683
267.34788216052647,2,0,0,2,3.7428703502473706,-0.4999999999999997,-0.8660254037844388
348.5571676304296,2,1,1,2,4.879800346826014,-0.25881904510252157,0.9659258262890681
46.89675924806002,0,0,0,1,0.6565546294728404,-0.9659258262890683,-0.25881904510252063
477.43702194337146,2,1,0,2,6.684118307207201,0.7071067811865476,0.7071067811865476
507.68600293854,1,0,0,0,7.1076040411395605,-0.9659258262890683,-0.25881904510252063
119.89955401999111,0,1,0,1,1.6785937562798756,-0.5000000000000004,0.8660254037844384
284.86060330267037,0,1,0,1,3.9880484462373853,0.8660254037844386,0.5000000000000001
365.6100862007857,0,0,0,1,5.118541206811,-0.7071067811865471,-0.7071067811865479
151.78945186082453,2,0,1,2,2.1250523260515433,1.2246467991473532e-16,-1.0
336.690492223857,2,0,0,2,4.7136668911339985,0.8660254037844387,-0.4999999999999998
279.3860127325898,2,1,1,2,3.911404178256257,0.8660254037844386,0.5000000000000001
14.225271974984139,2,0,1,2,0.19915380764977794,0.9659258262890683,-0.25881904510252063
332.6490368761405,0,0,1,1,4.6570865162659665,-0.9659258262890683,-0.25881904510252063
51.974365071213555,1,1,0,0,0.7276411109969897,0.49999999999999994,0.8660254037844387
419.0565132991685,2,1,0,2,5.866791186188358,0.9659258262890683,0.25881904510252074
129.18200647590004,2,0,0,2,1.8085480906626006,0.49999999999999994,-0.8660254037844387
220.9686219409939,1,1,0,0,3.0935607071739146,-0.5000000000000004,0.8660254037844384
497.0102044203835,2,0,1,2,6.958142861885369,-0.2588190451025208,-0.9659258262890683
339.34869637519216,2,1,0,2,4.750881749252691,-0.25881904510252157,0.9659258262890681
55.694694476581844,2,0,0,2,0.7797257226721458,-1.0,-1.8369701987210297e-16
67.31501725616494,1,0,0,0,0.9424102415863091,1.0,6.123233995736766e-17
142.12549804772942,0,1,1,1,1.9897569726682118,-0.25881904510252157,0.9659258262890681
321.03593500419987,0,0,0,1,4.494503090058798,0.7071067811865476,-0.7071067811865475
314.49396668789825,0,0,0,1,4.402915533630575,-0.4999999999999997,-0.8660254037844388
98.24158516068354,2,1,0,2,1.3753821922495695,0.9659258262890683,0.25881904510252074
39.90229258941537,2,0,0,2,0.5586320962518151,-0.9659258262890684,0.2588190451025203
300.68501291545016,0,1,0,1,4.209590180816303,0.9659258262890683,0.25881904510252074
217.26518815777087,2,0,1,2,3.041712634208792,-0.7071067811865471,-0.7071067811865479
638.2988597405927,0,0,0,1,8.936184036368298,0.8660254037844387,-0.4999999999999998
256.5886581813542,1,0,1,0,3.592241214538959,-1.0,-1.8369701987210297e-16
576.5655089860495,0,0,1,1,8.071917125804694,-0.9659258262890683,-0.25881904510252063
39.33095234121879,0,1,1,1,0.5506333327770631,0.8660254037844386,0.5000000000000001
33.17832912110731,0,0,0,1,0.46449660769550233,-0.7071067811865471,-0.7071067811865479
48.38467614540377,0,0,0,1,0.6773854660356529,1.0,6.123233995736766e-17
464.0433606616239,2,0,0,2,6.496607049262735,-1.0,-1.8369701987210297e-16
566.098286144836,2,1,1,2,7.9253760060277045,0.8660254037844386,0.5000000000000001
109.20769828852588,2,0,1,2,1.5289077760393623,-0.9659258262890684,0.2588190451025203
167.09811464327964,0,0,0,1,2.3393736050059153,0.49999999999999994,-0.8660254037844387
39.58343616175006,2,1,0,2,0.5541681062645009,-0.5000000000000004,0.8660254037844384
76.0951724813097,0,0,0,1,1.065332414738336,-0.9659258262890683,-0.25881904510252063
379.3141055997934,2,0,1,2,5.310397478397107,1.0,6.123233995736766e-17
290.14365453318936,0,0,0,1,4.062011163464651,-0.9659258262890683,-0.25881904510252063
251.88783688129757,2,1,0,2,3.526429716338166,0.49999999999999994,0.8660254037844387
5.0,0,1,1,1,0.07,0.8660254037844386,0.5000000000000001
545.1922027291589,2,1,0,2,7.632690838208225,-0.5000000000000004,0.8660254037844384
159.39578715109485,2,0,0,2,2.231541020115328,1.2246467991473532e-16,-1.0
346.05275646696566,2,0,1,2,4.84473859053752,-0.7071067811865471,-0.7071067811865479
11.821052944050393,0,1,0,1,0.16549474121670552,-0.7071067811865477,0.7071067811865474
215.70546586839328,2,0,0,2,3.0198765221575057,0.258819045102521,-0.9659258262890682
302.4474021229451,2,0,0,2,4.234263629721231,1.0,6.123233995736766e-17
308.87353924959535,1,1,1,0,4.324229549494334,-0.7071067811865477,0.7071067811865474
277.83673778259254,0,0,0,1,3.8897143289562957,1.2246467991473532e-16,-1.0
339.01404856877906,1,1,1,0,4.746196679962908,0.0,1.0
46.50631791406698,2,0,0,2,0.6510884507969378,-0.4999999999999997,-0.8660254037844388
285.5270689791388,2,1,0,2,3.9973789657079433,-0.8660254037844386,0.5000000000000001
270.4763830264499,0,0,0,1,3.786669362370299,0.258819045102521,-0.9659258262890682
291.70108315511095,2,0,0,2,4.083815164171553,-0.8660254037844385,-0.5000000000000004
263.0221391174527,0,1,1,1,3.6823099476443377,-0.5000000000000004,0.8660254037844384
20.82170069558842,2,0,0,2,0.29150380973823786,-0.9659258262890684,0.2588190451025203
12.79604462038472,2,1,1,2,0.17914462468538608,0.8660254037844386,0.5000000000000001
148.56827345921926,2,0,1,2,2.07995582842907,-0.8660254037844385,-0.5000000000000004
397.1562117721536,2,1,0,2,5.56018696481015,-0.25881904510252157,0.9659258262890681
398.97835175233575,2,0,0,2,5.585696924532701,-0.4999999999999997,-0.8660254037844388
401.83905241998167,2,0,0,2,5.625746733879743,-0.9659258262890684,0.2588190451025203
305.2221932430613,1,0,0,0,4.273110705402859,-1.0,-1.8369701987210297e-16
133.96145918925993,2,1,0,2,1.875460428649639,0.0,1.0
65.1921114786521,0,1,0,1,0.9126895607011293,0.7071067811865476,0.7071067811865476
280.6747751667601,0,1,1,1,3.929446852334642,0.49999999999999994,0.8660254037844387
274.39324050252316,0,0,0,1,3.841505367035324,0.9659258262890683,-0.25881904510252063
209.90532163263617,2,0,1,2,2.9386745028569066,0.8660254037844387,-0.4999999999999998
316.4050965234844,0,0,1,1,4.429671351328781,0.258819045102521,-0.9659258262890682
252.0973073833442,0,1,1,1,3.5293623033668187,0.8660254037844386,0.5000000000000001
271.7386837992451,0,0,1,1,3.8043415731894314,0.8660254037844387,-0.4999999999999998
134.9682400902371,0,1,0,1,1.8895553612633194,0.0,1.0
426.76197750188624,1,1,0,0,5.974667685026407,-0.5000000000000004,0.8660254037844384
172.46111043753086,0,0,0,1,2.4144555461254322,0.49999999999999994,-0.8660254037844387
10.483165056287248,2,0,0,2,0.14676431078802146,1.0,6.123233995736766e-17
111.22017769262885,0,1,0,1,1.5570824876968041,-0.7071067811865477,0.7071067811865474
187.27608555484355,2,0,0,2,2.62186519776781,-0.9659258262890684,0.2588190451025203
428.9205019063924,0,0,0,1,6.004887026689493,-0.2588190451025208,-0.9659258262890683
242.39176028173725,2,1,1,2,3.3934846439443214,0.49999999999999994,0.8660254037844387
216.4933205861832,2,0,1,2,3.0309064882065644,0.49999999999999994,-0.8660254037844387
25.24058354272708,0,0,0,1,0.3533681695981791,-0.8660254037844385,-0.5000000000000004
391.38686616932375,0,0,0,1,5.479416126370532,-0.9659258262890683,-0.25881904510252063
132.64861227579058,2,0,1,2,1.8570805718610681,-1.0,-1.8369701987210297e-16
231.99498539055952,2,0,0,2,3.247929795467833,-0.9659258262890683,-0.25881904510252063
516.4329538387357,0,1,0,1,7.2300613537422995,0.9659258262890683,0.25881904510252074
341.5773995888748,2,0,1,2,4.782083594244248,-0.4999999999999997,-0.8660254037844388
43.0857285887314,0,0,0,1,0.6032002002422396,1.0,6.123233995736766e-17
68.51184254344497,2,1,0,2,0.9591657956082296,0.8660254037844386,0.5000000000000001
238.42411897853572,0,1,1,1,3.3379376656995,0.8660254037844386,0.5000000000000001
31.706689322535112,0,0,0,1,0.44389365051549157,1.0,6.123233995736766e-17
366.7384145739396,2,1,0,2,5.134337804035154,-0.7071067811865477,0.7071067811865474
257.6073516936963,2,0,0,2,3.606502923711748,0.258819045102521,-0.9659258262890682
279.76925842429534,2,0,1,2,3.9167696179401346,0.9659258262890683,-0.25881904510252063
122.78622730437645,0,0,0,1,1.7190071822612705,-0.9659258262890683,-0.25881904510252063
563.4490579516071,2,0,1,2,7.8882868113225,-0.9659258262890683,-0.25881904510252063
761.6668710418827,0,0,1,1,10.663336194586359,-0.8660254037844385,-0.5000000000000004
199.85474972379134,2,1,0,2,2.797966496133079,-0.5000000000000004,0.8660254037844384
313.5470647147002,2,0,0,2,4.389658906005803,0.49999999999999994,-0.8660254037844387
267.53512175157624,2,0,0,2,3.7454917045220673,-0.4999999999999997,-0.8660254037844388
203.25636458060762,2,0,0,2,2.8455891041285066,-0.9659258262890684,0.2588190451025203
100.22731580809659,0,1,0,1,1.4031824213133524,0.9659258262890683,0.25881904510252074
54.70576225351411,0,0,0,1,0.7658806715491976,0.258819045102521,-0.9659258262890682
45.59249220540565,0,1,1,1,0.6382948908756791,-0.5000000000000004,0.8660254037844384
322.9432045988462,2,0,0,2,4.521204864383847,1.0,6.123233995736766e-17
156.45859392334563,1,0,0,0,2.190420314926839,0.9659258262890683,-0.25881904510252063
214.09271302529544,0,1,1,1,2.9972979823541364,0.7071067811865476,0.7071067811865476
330.07447970769806,1,1,0,0,4.621042715907772,0.49999999999999994,0.8660254037844387
243.11296915645195,2,1,0,2,3.403581568190327,0.49999999999999994,0.8660254037844387
492.4011402522063,2,0,1,2,6.893615963530888,0.7071067811865476,-0.7071067811865475
317.1620314763817,2,1,1,2,4.440268440669343,-0.25881904510252157,0.9659258262890681
16.16124733585349,0,0,0,1,0.22625746270194885,-0.4999999999999997,-0.8660254037844388
151.3417953313966,2,0,0,2,2.1187851346395528,1.2246467991473532e-16,-1.0
120.49497081917127,2,0,1,2,1.6869295914683977,-1.0,-1.8369701987210297e-16
137.48066427514252,2,0,0,2,1.9247292998519951,0.9659258262890683,-0.25881904510252063
419.76865618003,0,0,0,1,5.87676118652042,-0.9659258262890683,-0.25881904510252063
248.4032321878768,0,1,0,1,3.4776452506302755,0.8660254037844386,0.5000000000000001
454.0639296577316,2,1,0,2,6.356895015208242,-0.8660254037844386,0.5000000000000001
11.530049973525763,2,0,0,2,0.16142069962936068,1.0,6.123233995736766e-17
423.7475891884807,0,1,0,1,5.93246624863873,0.8660254037844386,0.5000000000000001
379.7780476175655,1,0,0,0,5.316892666645917,-1.0,-1.8369701987210297e-16
113.28214005761532,0,0,1,1,1.5859499608066143,-0.8660254037844385,-0.5000000000000004
488.07121142693904,1,0,1,0,6.832996959977146,-1.0,-1.8369701987210297e-16
266.8225285179435,0,1,0,1,3.7355153992512093,0.7071067811865476,0.7071067811865476
320.56801069633104,0,1,0,1,4.487952149748635,-0.7071067811865477,0.7071067811865474
94.31869976288391,2,1,1,2,1.3204617966803749,-0.25881904510252157,0.9659258262890681
479.544462325955,0,0,0,1,6.71362247256337,1.0,6.123233995736766e-17
36.54658073700344,0,1,0,1,0.5116521303180481,-0.25881904510252157,0.9659258262890681
399.7765633073103,0,1,0,1,5.596871886302345,-0.7071067811865477,0.7071067811865474
397.70934566356084,2,1,1,2,5.567930839289852,0.9659258262890683,0.25881904510252074
74.64986292900002,2,0,0,2,1.0450980810060002,-0.2588190451025208,-0.9659258262890683
607.0072478960633,2,1,1,2,8.498101470544887,-0.7071067811865477,0.7071067811865474
291.6751264391535,2,0,0,2,4.083451770148149,-1.0,-1.8369701987210297e-16
367.70066984878434,2,0,0,2,5.1478093778829805,-0.9659258262890684,0.2588190451025203
24.88174316043603,0,0,0,1,0.3483444042461044,0.49999999999999994,-0.8660254037844387
631.1914005415417,2,1,1,2,8.836679607581583,-0.7071067811865477,0.7071067811865474
29.57975075948383,2,0,0,2,0.4141165106327736,1.0,6.123233995736766e-17
434.4795578978675,2,1,1,2,6.082713810570145,0.49999999999999994,0.8660254037844387
70.94109077229484,0,0,0,1,0.9931752708121278,-0.9659258262890684,0.2588190451025203
138.58201548741712,2,1,0,2,1.9401482168238398,-0.7071067811865477,0.7071067811865474
391.97572789938044,2,0,0,2,5.487660190591327,-0.8660254037844385,-0.5000000000000004
434.9594884615283,0,0,0,1,6.089432838461397,0.49999999999999994,-0.8660254037844387
21.168835159461622,2,0,0,2,0.2963636922324627,-0.4999999999999997,-0.8660254037844388
446.28499043025886,1,0,1,0,6.247989866023624,1.0,6.123233995736766e-17
438.09648912397495,1,0,1,0,6.133350847735649,-0.4999999999999997,-0.8660254037844388
81.16838640791937,2,0,0,2,1.1363574097108713,-0.8660254037844385,-0.5000000000000004
537.7565668463999,2,0,1,2,7.528591935849598,0.49999999999999994,-0.8660254037844387
12.234373084646847,0,0,1,1,0.17128122318505587,0.258819045102521,-0.9659258262890682
137.54093510002923,2,0,0,2,1.9255730914004094,1.2246467991473532e-16,-1.0
336.220472336558,2,0,0,2,4.707086612711811,0.49999999999999994,-0.8660254037844387
96.35806875353083,2,0,1,2,1.3490129625494316,0.49999999999999994,-0.8660254037844387
297.48743542228135,1,0,0,0,4.164824095911939,0.8660254037844387,-0.4999999999999998
293.39369418459313,2,0,0,2,4.107511718584304,0.49999999999999994,-0.8660254037844387
216.3266314139103,0,1,0,1,3.028572839794744,0.7071067811865476,0.7071067811865476
399.83209694630074,0,1,1,1,5.59764935724821,0.25881904510252074,0.9659258262890683
208.89505732162496,2,1,0,2,2.9245308025027494,-0.5000000000000004,0.8660254037844384
291.677392386485,2,1,0,2,4.08348349341079,0.7071067811865476,0.7071067811865476
456.36493794782245,1,0,0,0,6.389109131269515,-0.2588190451025208,-0.9659258262890683
392.32351780465126,2,1,0,2,5.492529249265118,0.8660254037844386,0.5000000000000001
391.4831123465575,0,0,0,1,5.480763572851806,-0.8660254037844385,-0.5000000000000004
43.14767160097958,2,0,0,2,0.604067402413714,0.258819045102521,-0.9659258262890682
344.4626635902379,2,1,1,2,4.822477290263331,0.9659258262890683,0.25881904510252074
91.87021762548915,2,0,1,2,1.286183046756848,0.258819045102521,-0.9659258262890682
19.34530363995526,2,0,0,2,0.27083425095937363,-0.4999999999999997,-0.8660254037844388
237.0928576687057,2,1,1,2,3.31930000736188,-0.5000000000000004,0.8660254037844384
87.22686640271382,0,0,1,1,1.2211761296379937,-1.0,-1.8369701987210297e-16
392.3111893911959,2,0,0,2,5.492356651476743,0.7071067811865476,-0.7071067811865475
396.6163827451584,2,1,0,2,5.552629358432218,0.25881904510252074,0.9659258262890683
92.47272255765955,2,0,1,2,1.2946181158072336,0.258819045102521,-0.9659258262890682
100.90554287615979,0,0,0,1,1.4126776002662371,0.258819045102521,-0.9659258262890682
12.761600945239763,2,0,0,2,0.1786624132333567,1.0,6.123233995736766e-17
166.72673021327967,0,1,0,1,2.3341742229859155,0.0,1.0
331.93162057638835,2,0,0,2,4.647042688069437,-0.9659258262890683,-0.25881904510252063
206.3881423278901,2,1,0,2,2.8894339925904613,0.49999999999999994,0.8660254037844387
143.84333667991564,2,0,0,2,2.013806713518819,-0.9659258262890684,0.2588190451025203
484.0317748263651,0,1,0,1,6.7764448475691115,0.8660254037844386,0.5000000000000001
164.8742910673319,2,0,0,2,2.308240074942647,-0.9659258262890684,0.2588190451025203
472.6369408332805,2,0,0,2,6.616917171665928,-0.4999999999999997,-0.8660254037844388
152.0281072320126,2,0,0,2,2.1283935012481763,0.7071067811865476,-0.7071067811865475
235.9403781796979,0,0,0,1,3.3031652945157703,-1.0,-1.8369701987210297e-16
155.07459921038046,2,1,0,2,2.1710443889453264,0.0,1.0
527.7198589970412,2,0,1,2,7.388078025958577,1.0,6.123233995736766e-17
28.423870575053286,2,1,0,2,0.397934188050746,-0.7071067811865477,0.7071067811865474
252.11254654994846,2,0,1,2,3.5295756516992784,-0.9659258262890683,-0.25881904510252063
344.9389573347994,0,1,0,1,4.829145402687192,0.25881904510252074,0.9659258262890683
39.98049821933017,0,0,1,1,0.5597269750706224,-1.0,-1.8369701987210297e-16
84.41832931969233,2,1,0,2,1.1818566104756927,-0.25881904510252157,0.9659258262890681
223.32786397031876,2,1,0,2,3.1265900955844628,-0.25881904510252157,0.9659258262890681
90.40029375681254,2,0,0,2,1.2656041125953756,0.7071067811865476,-0.7071067811865475
103.19348118055302,2,0,1,2,1.4447087365277422,-0.4999999999999997,-0.8660254037844388
187.02472064624126,2,0,0,2,2.6183460890473773,0.7071067811865476,-0.7071067811865475
366.92463969631115,0,0,0,1,5.136944955748356,0.7071067811865476,-0.7071067811865475
188.310800161934,1,0,0,0,2.6363512022670763,0.258819045102521,-0.9659258262890682
444.11671500513035,1,0,0,0,6.217634010071825,0.9659258262890683,-0.25881904510252063
70.40359912131615,0,1,0,1,0.9856503876984262,-0.5000000000000004,0.8660254037844384
24.65399311477853,0,0,1,1,0.3451559036068994,-0.2588190451025208,-0.9659258262890683
596.7421730298041,0,1,0,1,8.354390422417259,0.25881904510252074,0.9659258262890683
131.56753702020796,2,0,0,2,1.8419455182829114,-0.8660254037844385,-0.5000000000000004
14.035838727011225,0,1,1,1,0.19650174217815713,0.9659258262890683,0.25881904510252074
63.56970951892947,2,0,0,2,0.8899759332650126,0.9659258262890683,-0.25881904510252063
443.518621685609,2,1,0,2,6.209260703598526,0.0,1.0
188.56518736118934,0,1,0,1,2.639912623056651,0.49999999999999994,0.8660254037844387
204.33224768804826,2,0,1,2,2.8606514676326755,-0.4999999999999997,-0.8660254037844388
221.34369191440487,2,0,0,2,3.0988116868016684,-0.8660254037844385,-0.5000000000000004
432.3297192405606,1,0,0,0,6.052616069367849,1.0,6.123233995736766e-17
217.68462988433433,2,0,0,2,3.0475848183806806,-0.2588190451025208,-0.9659258262890683
671.9296801898727,2,1,0,2,9.407015522658217,-0.25881904510252157,0.9659258262890681
274.07690332976125,1,1,0,0,3.8370766466166573,0.49999999999999994,0.8660254037844387
441.1212580524978,0,0,0,1,6.175697612734969,-0.9659258262890683,-0.25881904510252063
394.9431744227932,2,1,0,2,5.529204441919105,-0.7071067811865477,0.7071067811865474
243.43948235355322,2,1,0,2,3.408152752949745,0.8660254037844386,0.5000000000000001
144.3452225163166,2,0,0,2,2.0208331152284322,-0.9659258262890684,0.2588190451025203
309.75350714197964,0,1,1,1,4.336549099987715,-0.7071067811865477,0.7071067811865474
341.8177716173091,0,0,0,1,4.785448802642327,-0.4999999999999997,-0.8660254037844388
146.9345113372251,2,1,0,2,2.0570831587211513,0.9659258262890683,0.25881904510252074
279.94099587111805,2,1,0,2,3.919173942195653,0.49999999999999994,0.8660254037844387
472.5168960867273,2,0,0,2,6.615236545214182,-0.9659258262890683,-0.25881904510252063
622.5905930325422,1,1,1,0,8.71626830245559,-0.25881904510252157,0.9659258262890681
403.78647766289583,2,0,0,2,5.653010687280542,-0.9659258262890684,0.2588190451025203
585.2967435484509,0,1,0,1,8.194154409678312,-0.7071067811865477,0.7071067811865474
136.71264198283797,2,1,1,2,1.9139769877597315,0.49999999999999994,0.8660254037844387
376.3388053706729,0,0,0,1,5.26874327518942,0.9659258262890683,-0.25881904510252063
490.933511544629,1,0,0,0,6.873069161624806,-1.0,-1.8369701987210297e-16
88.66000006504075,0,0,1,1,1.2412400009105704,-0.9659258262890683,-0.25881904510252063
162.59377983189833,2,0,0,2,2.276312917646577,-0.4999999999999997,-0.8660254037844388
562.822857130345,0,1,0,1,7.87951999982483,-0.5000000000000004,0.8660254037844384
74.48220595835082,0,0,1,1,1.0427508834169115,-0.2588190451025208,-0.9659258262890683
8.59659412197206,2,0,0,2,0.12035231770760885,-0.7071067811865471,-0.7071067811865479
525.036683255112,0,1,0,1,7.3505135655715685,0.49999999999999994,0.8660254037844387
465.4173804964789,0,0,1,1,6.515843326950705,-0.4999999999999997,-0.8660254037844388
327.7816439170785,0,0,1,1,4.588943014839099,-1.0,-1.8369701987210297e-16
241.77206416375105,0,0,0,1,3.3848088982925146,0.9659258262890683,-0.25881904510252063
171.06558899110325,2,1,0,2,2.394918245875446,0.25881904510252074,0.9659258262890683
300.75079728562923,2,0,0,2,4.210511161998809,-0.8660254037844385,-0.5000000000000004
534.3652523322789,2,0,0,2,7.481113532651905,0.258819045102521,-0.9659258262890682
292.9419027055737,1,0,0,0,4.1011866378780315,-1.0,-1.8369701987210297e-16
640.0526681044539,0,0,0,1,8.960737353462354,0.49999999999999994,-0.8660254037844387
88.37044258475854,0,0,0,1,1.2371861961866195,-0.9659258262890683,-0.25881904510252063
246.4574642209115,2,0,0,2,3.450404499092761,1.2246467991473532e-16,-1.0
182.8494398204952,2,0,0,2,2.559892157486933,-0.2588190451025208,-0.9659258262890683
54.6745222307801,0,0,0,1,0.7654433112309214,0.258819045102521,-0.9659258262890682
222.444928058262,2,0,0,2,3.1142289928156677,-0.4999999999999997,-0.8660254037844388
325.11927429887913,2,1,1,2,4.551669840184307,-0.5000000000000004,0.8660254037844384
344.3614323913654,0,1,1,1,4.8210600534791155,-0.8660254037844386,0.5000000000000001
640.68139221002,2,0,1,2,8.96953949094028,0.9659258262890683,-0.25881904510252063
333.60414455024073,2,1,0,2,4.670458023703371,0.25881904510252074,0.9659258262890683
457.0246246623309,2,0,1,2,6.398344745272632,0.9659258262890683,-0.25881904510252063
261.8969643338157,2,1,1,2,3.6665575006734192,-0.5000000000000004,0.8660254037844384
552.0500080814671,1,1,0,0,7.7287001131405395,0.8660254037844386,0.5000000000000001
681.7208714058524,2,1,1,2,9.544092199681934,0.25881904510252074,0.9659258262890683
345.59532357567093,2,0,1,2,4.8383345300593925,0.7071067811865476,-0.7071067811865475
71.32137721871536,2,1,0,2,0.9984992810620149,-0.5000000000000004,0.8660254037844384
151.2150959001097,0,0,0,1,2.117011342601536,0.7071067811865476,-0.7071067811865475
300.74817457692916,2,1,1,2,4.2104744440770085,0.7071067811865476,0.7071067811865476
332.16964634511623,0,1,0,1,4.650375048831627,0.7071067811865476,0.7071067811865476
375.71652418918694,2,0,0,2,5.260031338648617,0.9659258262890683,-0.25881904510252063
332.8355826214074,2,1,0,2,4.6596981566997036,0.9659258262890683,0.25881904510252074
251.25728492606896,2,0,0,2,3.5176019889649655,-0.4999999999999997,-0.8660254037844388
135.48428058361685,0,0,1,1,1.896779928170636,-0.9659258262890683,-0.25881904510252063
322.2048870275613,0,1,0,1,4.510868418385859,-0.8660254037844386,0.5000000000000001
583.8977243465182,2,1,0,2,8.174568140851255,-0.7071067811865477,0.7071067811865474
433.5871489769959,2,0,0,2,6.070220085677942,0.9659258262890683,-0.25881904510252063
346.24671093451565,1,0,0,0,4.847453953083219,-0.9659258262890684,0.2588190451025203
435.3220462880952,2,0,0,2,6.094508648033332,1.0,6.123233995736766e-17
183.20847479784655,0,1,0,1,2.5649186471698515,-0.5000000000000004,0.8660254037844384
158.51227370500231,2,0,0,2,2.219171831870032,-0.9659258262890684,0.2588190451025203
115.39868121412326,1,0,0,0,1.6155815369977256,-0.8660254037844385,-0.5000000000000004
227.44840790150118,0,0,0,1,3.1842777106210165,-1.0,-1.8369701987210297e-16
174.03893859236558,1,1,0,0,2.436545140293118,0.25881904510252074,0.9659258262890683
467.489453317385,0,0,1,1,6.54485234644339,0.258819045102521,-0.9659258262890682
164.44178481720598,2,0,0,2,2.3021849874408837,-1.0,-1.8369701987210297e-16
105.51009107951504,1,1,1,0,1.4771412751132105,0.8660254037844386,0.5000000000000001
599.6638921895137,2,0,0,2,8.395294490653193,0.258819045102521,-0.9659258262890682
168.75245840535814,2,0,1,2,2.3625344176750143,-0.8660254037844385,-0.5000000000000004
277.6351223050632,0,1,1,1,3.8868917122708844,0.8660254037844386,0.5000000000000001
331.2381084538141,0,1,0,1,4.6373335183533975,0.25881904510252074,0.9659258262890683
45.39523859425327,1,1,1,0,0.6355333403195458,0.7071067811865476,0.7071067811865476
472.38707851055244,2,1,1,2,6.613419099147735,0.9659258262890683,0.25881904510252074
364.68142727402096,0,0,0,1,5.105539981836293,0.8660254037844387,-0.4999999999999998
530.5091221385408,0,1,0,1,7.42712770993957,-0.7071067811865477,0.7071067811865474
127.74005130074194,2,0,0,2,1.7883607182103871,0.7071067811865476,-0.7071067811865475
267.8426426457088,2,0,0,2,3.749796997039923,0.49999999999999994,-0.8660254037844387
257.08403589895516,2,1,1,2,3.5991765025853724,0.25881904510252074,0.9659258262890683
297.49992898300394,2,1,0,2,4.164999005762056,-0.25881904510252157,0.9659258262890681
11.830654743889,1,1,0,0,0.165629166414446,-0.8660254037844386,0.5000000000000001
269.95054816460004,0,0,0,1,3.7793076743044,0.8660254037844387,-0.4999999999999998
6.763504056274144,0,0,0,1,0.09468905678783801,-0.9659258262890684,0.2588190451025203
314.50013281544585,1,0,0,0,4.403001859416242,-0.8660254037844385,-0.5000000000000004
133.15684241333355,2,0,0,2,1.8641957937866696,0.8660254037844387,-0.4999999999999998
83.28563017230556,0,0,1,1,1.165998822412278,0.9659258262890683,-0.25881904510252063
397.3387689591997,2,1,1,2,5.562742765428796,0.8660254037844386,0.5000000000000001
151.5690780649391,0,1,0,1,2.1219670929091476,0.8660254037844386,0.5000000000000001
72.18554674619665,2,1,1,2,1.010597654446753,0.9659258262890683,0.25881904510252074
478.7522117935987,1,0,0,0,6.702530965110381,-0.7071067811865471,-0.7071067811865479
308.9727191191147,2,1,1,2,4.325618067667606,0.0,1.0
406.97623519608106,2,0,0,2,5.697667292745135,0.8660254037844387,-0.4999999999999998
220.07642698225052,0,1,0,1,3.0810699777515076,-0.8660254037844386,0.5000000000000001
732.3331649020006,2,0,0,2,10.25266430862801,1.0,6.123233995736766e-17
141.1875050992369,0,0,0,1,1.9766250713893163,0.49999999999999994,-0.8660254037844387
564.0091988847798,2,0,0,2,7.896128784386918,-0.4999999999999997,-0.8660254037844388
238.95411278201567,0,1,0,1,3.345357578948219,-0.25881904510252157,0.9659258262890681
47.811871084294296,2,1,1,2,0.6693661951801202,0.8660254037844386,0.5000000000000001
336.91277423465954,2,0,0,2,4.716778839285234,-1.0,-1.8369701987210297e-16
306.6572610619295,2,1,0,2,4.293201654867013,0.9659258262890683,0.25881904510252074
60.762073436938635,2,1,0,2,0.8506690281171408,-0.5000000000000004,0.8660254037844384
84.00053011575136,2,0,1,2,1.176007421620519,-0.2588190451025208,-0.9659258262890683
245.5544242447014,2,0,1,2,3.43776193942582,-0.9659258262890684,0.2588190451025203
312.9546067446367,2,0,0,2,4.381364494424914,-0.2588190451025208,-0.9659258262890683
194.71939091829216,2,0,1,2,2.72607147285609,0.49999999999999994,-0.8660254037844387
439.56186145428455,0,1,0,1,6.1538660603599835,0.7071067811865476,0.7071067811865476
160.99036471330405,0,0,0,1,2.253865105986257,0.7071067811865476,-0.7071067811865475
10.285452808328273,2,1,1,2,0.14399633931659583,0.25881904510252074,0.9659258262890683
419.3919792613475,0,1,0,1,5.871487709658865,0.7071067811865476,0.7071067811865476
245.74876370467786,0,0,0,1,3.44048269186549,-0.9659258262890684,0.2588190451025203
468.90983982080576,2,0,0,2,6.56473775749128,0.7071067811865476,-0.7071067811865475
328.831407336356,0,1,0,1,4.603639702708985,0.0,1.0
249.72738946935172,2,0,0,2,3.496183452570924,-0.2588190451025208,-0.9659258262890683
222.5086099035719,2,0,0,2,3.115120538650007,-0.9659258262890683,-0.25881904510252063
336.8882969001048,2,0,0,2,4.716436156601468,0.258819045102521,-0.9659258262890682
175.56437341432056,0,0,0,1,2.457901227800488,-1.0,-1.8369701987210297e-16
96.5369340256301,0,1,0,1,1.3515170763588213,-0.5000000000000004,0.8660254037844384
359.7836420778359,2,0,0,2,5.036970989089703,0.258819045102521,-0.9659258262890682
223.9921885400027,2,1,0,2,3.135890639560038,0.8660254037844386,0.5000000000000001
256.0421766524211,1,1,0,0,3.5845904731338956,0.7071067811865476,0.7071067811865476
446.0883705078294,2,0,1,2,6.245237187109611,1.2246467991473532e-16,-1.0
229.50221060756664,2,0,1,2,3.2130309485059327,-0.9659258262890683,-0.25881904510252063
252.7061065975223,1,0,0,0,3.5378854923653127,0.258819045102521,-0.9659258262890682
142.06308793883227,0,0,1,1,1.9888832311436517,-0.7071067811865471,-0.7071067811865479
327.53318811673313,0,1,0,1,4.585464633634264,-0.5000000000000004,0.8660254037844384
312.96902428241583,0,1,0,1,4.381566339953822,0.9659258262890683,0.25881904510252074
412.1395237223004,0,0,0,1,5.769953332112205,1.0,6.123233995736766e-17
145.7568093387623,2,1,1,2,2.0405953307426725,-0.25881904510252157,0.9659258262890681
167.59294547376658,2,0,0,2,2.346301236632732,0.8660254037844387,-0.4999999999999998
392.58473184618447,2,0,1,2,5.496186245846582,0.7071067811865476,-0.7071067811865475
295.3983406053154,1,1,0,0,4.135576768474416,0.8660254037844386,0.5000000000000001
86.88073728531498,0,1,0,1,1.2163303219944095,-0.8660254037844386,0.5000000000000001
485.1797321922101,2,1,1,2,6.792516250690942,0.7071067811865476,0.7071067811865476
55.72110231204516,0,0,1,1,0.7800954323686322,0.49999999999999994,-0.8660254037844387
391.17125558747534,2,0,1,2,5.476397578224654,-1.0,-1.8369701987210297e-16
22.261833520324615,2,0,1,2,0.3116656692845446,1.0,6.123233995736766e-17
589.4419329673949,2,0,1,2,8.252187061543529,1.2246467991473532e-16,-1.0
28.027950843012206,2,0,0,2,0.3923913118021709,1.2246467991473532e-16,-1.0
457.4051173370947,0,1,0,1,6.403671642719326,-0.8660254037844386,0.5000000000000001
235.30581519797607,2,1,0,2,3.294281412771665,-0.5000000000000004,0.8660254037844384
184.01153742902608,0,0,0,1,2.5761615240063653,-0.9659258262890683,-0.25881904510252063
283.37139816419705,0,0,0,1,3.9671995742987587,0.8660254037844387,-0.4999999999999998
363.7420610484063,2,0,1,2,5.092388854677688,1.2246467991473532e-16,-1.0
87.20790958044347,1,0,1,0,1.2209107341262087,1.2246467991473532e-16,-1.0
103.15820946965701,2,1,0,2,1.4442149325751983,0.8660254037844386,0.5000000000000001
366.92887572031947,2,0,0,2,5.137004260084472,0.258819045102521,-0.9659258262890682
57.321731656927966,2,1,1,2,0.8025042431969915,0.0,1.0
144.83876322542463,0,0,0,1,2.027742685155945,-0.9659258262890683,-0.25881904510252063
797.3236517486994,2,1,1,2,11.162531124481792,-0.8660254037844386,0.5000000000000001
75.75766637392945,2,1,0,2,1.0606073292350124,-0.8660254037844386,0.5000000000000001
456.6045025167555,2,1,0,2,6.392463035234576,-0.7071067811865477,0.7071067811865474
144.52886163151382,2,1,0,2,2.0234040628411933,-0.25881904510252157,0.9659258262890681
341.6281260634859,0,0,1,1,4.782793764888803,-0.8660254037844385,-0.5000000000000004
367.78402430731916,2,0,1,2,5.148976340302468,0.7071067811865476,-0.7071067811865475
453.21221233293056,2,0,0,2,6.344970972661028,0.8660254037844387,-0.4999999999999998
213.95431117370038,2,0,0,2,2.9953603564318056,-0.9659258262890684,0.2588190451025203
607.9992349758736,2,0,0,2,8.51198928966223,0.9659258262890683,-0.25881904510252063
143.91941837466754,1,0,0,0,2.0148718572453457,-0.4999999999999997,-0.8660254037844388
292.1596744479208,2,0,0,2,4.090235442270892,1.2246467991473532e-16,-1.0
294.1498477991694,1,1,1,0,4.118097869188371,-0.8660254037844386,0.5000000000000001
48.04573840910524,2,0,0,2,0.6726403377274733,-0.8660254037844385,-0.5000000000000004
198.5429941037583,2,0,1,2,2.7796019174526165,0.8660254037844387,-0.4999999999999998
279.07242986291334,0,1,0,1,3.9070140180807864,-0.25881904510252157,0.9659258262890681
172.21821223670446,2,1,0,2,2.4110549713138627,-0.8660254037844386,0.5000000000000001
689.3663137821763,0,0,0,1,9.651128392950469,0.49999999999999994,-0.8660254037844387
99.04773875208448,1,1,1,0,1.3866683425291828,0.7071067811865476,0.7071067811865476
462.29640426527703,2,1,0,2,6.472149659713878,-0.25881904510252157,0.9659258262890681
404.16276636678157,2,0,1,2,5.658278729134942,1.0,6.123233995736766e-17
247.50481578923115,0,0,0,1,3.4650674210492363,-0.9659258262890684,0.2588190451025203
94.26237030659556,2,1,0,2,1.3196731842923377,-0.5000000000000004,0.8660254037844384
111.7140423294814,2,1,0,2,1.5639965926127397,-0.7071067811865477,0.7071067811865474
156.76588614102826,2,1,0,2,2.194722405974396,0.49999999999999994,0.8660254037844387
71.43343075032732,2,0,0,2,1.0000680305045824,0.7071067811865476,-0.7071067811865475
69.3762233561277,0,1,1,1,0.9712671269857878,0.49999999999999994,0.8660254037844387
16.84577276545565,2,1,0,2,0.2358408187163791,0.0,1.0
492.257500571989,2,0,1,2,6.891605008007846,-0.2588190451025208,-0.9659258262890683
361.32323062987933,0,0,0,1,5.058525228818311,1.2246467991473532e-16,-1.0
391.4753377957829,2,1,1,2,5.48065472914096,0.8660254037844386,0.5000000000000001
355.98975127755057,2,0,1,2,4.983856517885708,0.9659258262890683,-0.25881904510252063
280.05417220014937,0,0,1,1,3.920758410802091,0.258819045102521,-0.9659258262890682
512.9224597832447,2,1,1,2,7.180914436965426,0.9659258262890683,0.25881904510252074
140.0627219682873,0,1,0,1,1.960878107556022,-0.25881904510252157,0.9659258262890681
269.20053796606805,0,1,0,1,3.7688075315249527,-0.5000000000000004,0.8660254037844384
384.47058900834213,2,1,1,2,5.382588246116789,0.25881904510252074,0.9659258262890683
12.18233826589676,2,1,1,2,0.17055273572255464,-0.25881904510252157,0.9659258262890681
807.3860013056589,2,1,0,2,11.303404018279224,0.7071067811865476,0.7071067811865476
255.14183729996552,2,1,0,2,3.5719857221995173,0.8660254037844386,0.5000000000000001
275.5581011036067,0,0,0,1,3.8578134154504937,0.49999999999999994,-0.8660254037844387
476.23804570148593,0,0,0,1,6.667332639820803,1.2246467991473532e-16,-1.0
414.6919599418403,2,0,0,2,5.805687439185765,0.9659258262890683,-0.25881904510252063
256.85404349136263,0,1,0,1,3.595956608879077,-0.8660254037844386,0.5000000000000001
273.4232988576476,1,1,0,0,3.827926184007066,0.8660254037844386,0.5000000000000001
20.74673557063619,1,1,1,0,0.29045429798890665,0.9659258262890683,0.25881904510252074
149.8361599870043,2,0,0,2,2.09770623981806,-0.4999999999999997,-0.8660254037844388
343.09783890861286,2,1,1,2,4.803369744720579,-0.5000000000000004,0.8660254037844384
329.9007110277196,2,0,0,2,4.618609954388074,-0.7071067811865471,-0.7071067811865479
469.80983500073563,1,0,0,0,6.577337690010299,0.49999999999999994,-0.8660254037844387
228.30980951980158,2,0,0,2,3.196337333277222,1.0,6.123233995736766e-17
5.0,0,1,1,1,0.07,0.9659258262890683,0.25881904510252074
440.211477539622,2,0,0,2,6.162960685554708,0.258819045102521,-0.9659258262890682
508.49608231276284,2,1,1,2,7.1189451523786795,0.7071067811865476,0.7071067811865476
411.68402311412126,2,0,0,2,5.763576323597698,-0.2588190451025208,-0.9659258262890683
220.54593924565154,1,0,0,0,3.087643149439122,0.49999999999999994,-0.8660254037844387
437.9894893377842,2,0,0,2,6.131852850728979,0.258819045102521,-0.9659258262890682
867.2038860414784,0,1,0,1,12.140854404580697,0.25881904510252074,0.9659258262890683
270.7274165992856,2,0,0,2,3.7901838323899986,0.49999999999999994,-0.8660254037844387
13.887395395877576,2,0,0,2,0.19442353554228606,1.2246467991473532e-16,-1.0
144.46869108061264,2,0,1,2,2.022561675128577,0.49999999999999994,-0.8660254037844387
362.58568005472915,2,0,1,2,5.076199520766209,0.8660254037844387,-0.4999999999999998
38.864775961651276,2,1,0,2,0.5441068634631179,-0.8660254037844386,0.5000000000000001
280.4925534841725,2,0,0,2,3.926895748778415,-0.7071067811865471,-0.7071067811865479
318.4605970568589,2,1,0,2,4.458448358796024,0.8660254037844386,0.5000000000000001
526.3219131662773,2,0,1,2,7.368506784327883,0.258819045102521,-0.9659258262890682
485.8350740897741,1,1,0,0,6.8016910372568375,0.49999999999999994,0.8660254037844387
405.6252625153188,1,0,0,0,5.678753675214463,-0.7071067811865471,-0.7071067811865479
139.28222189261533,2,0,0,2,1.9499511064966146,-1.0,-1.8369701987210297e-16
415.7895630486265,0,0,0,1,5.821053882680771,-0.8660254037844385,-0.5000000000000004
376.99240949084435,1,0,0,0,5.277893732871821,0.49999999999999994,-0.8660254037844387
296.06998787410237,2,1,0,2,4.144979830237433,-0.8660254037844386,0.5000000000000001
61.43998270618738,0,0,0,1,0.8601597578866234,-1.0,-1.8369701987210297e-16
110.18069634632914,1,0,0,0,1.542529748848608,-0.9659258262890683,-0.25881904510252063
39.971901483868066,2,0,0,2,0.5596066207741529,0.8660254037844387,-0.4999999999999998
112.7015191112763,2,0,0,2,1.5778212675578682,1.2246467991473532e-16,-1.0
249.47527274533698,1,1,0,0,3.4926538184347176,0.9659258262890683,0.25881904510252074
106.39201814029965,2,1,0,2,1.4894882539641952,0.49999999999999994,0.8660254037844387
722.5550044484041,2,1,1,2,10.115770062277658,-0.5000000000000004,0.8660254037844384
219.6210509011763,2,0,0,2,3.074694712616468,0.258819045102521,-0.9659258262890682
482.87556805587286,2,0,0,2,6.7602579527822195,0.8660254037844387,-0.4999999999999998
32.437824444780404,0,0,1,1,0.45412954222692564,0.8660254037844387,-0.4999999999999998
154.58387451912344,0,0,0,1,2.1641742432677282,-0.4999999999999997,-0.8660254037844388
267.44161768617664,1,1,1,0,3.744182647606473,0.0,1.0
86.53228925061933,2,0,1,2,1.2114520495086707,-0.9659258262890683,-0.25881904510252063
174.00387673514604,2,0,1,2,2.436054274292044,-0.4999999999999997,-0.8660254037844388
210.76883687616302,2,0,0,2,2.950763716266282,0.9659258262890683,-0.25881904510252063
207.896562619919,2,0,1,2,2.910551876678866,0.49999999999999994,-0.8660254037844387
583.9213431463623,2,0,0,2,8.174898804049073,-0.8660254037844385,-0.5000000000000004
318.08073137767184,1,0,0,0,4.453130239287406,-0.2588190451025208,-0.9659258262890683
336.3119013294346,0,0,0,1,4.708366618612084,-1.0,-1.8369701987210297e-16
347.13785938211265,2,1,0,2,4.859930031349577,-0.5000000000000004,0.8660254037844384
360.2727479206803,0,1,0,1,5.043818470889525,-0.25881904510252157,0.9659258262890681
235.08034290252422,2,1,0,2,3.291124800635339,0.8660254037844386,0.5000000000000001
192.2656531338077,2,1,0,2,2.6917191438733075,0.25881904510252074,0.9659258262890683
280.02689071328996,0,0,0,1,3.9203764699860595,-0.4999999999999997,-0.8660254037844388
458.22471080442506,2,0,1,2,6.415145951261951,-1.0,-1.8369701987210297e-16
452.72287391854906,1,0,1,0,6.338120234859687,-0.7071067811865471,-0.7071067811865479
206.728274376086,0,0,1,1,2.894195841265204,1.2246467991473532e-16,-1.0
388.21186504026,2,0,0,2,5.43496611056364,1.0,6.123233995736766e-17
214.9747606528598,0,0,0,1,3.009646649140037,-0.8660254037844385,-0.5000000000000004
256.09669889834396,2,0,0,2,3.5853537845768155,-1.0,-1.8369701987210297e-16
164.7657913202445,2,0,0,2,2.306721078483423,1.0,6.123233995736766e-17
217.30387499687797,2,0,0,2,3.0422542499562915,0.258819045102521,-0.9659258262890682
491.4394125189424,2,0,0,2,6.880151775265193,1.2246467991473532e-16,-1.0
266.63580652106253,0,0,0,1,3.732901291294876,1.2246467991473532e-16,-1.0
274.35085153941725,2,0,0,2,3.8409119215518412,-0.2588190451025208,-0.9659258262890683
10.499200266432524,0,0,0,1,0.14698880373005535,-0.4999999999999997,-0.8660254037844388
194.33609662610866,0,1,0,1,2.7207053527655214,0.25881904510252074,0.9659258262890683
206.56331732594884,2,1,0,2,2.8918864425632838,0.9659258262890683,0.25881904510252074
100.75417262018709,0,0,0,1,1.4105584166826193,0.8660254037844387,-0.4999999999999998
253.89977410664144,2,0,0,2,3.5545968374929804,-0.4999999999999997,-0.8660254037844388
172.7471877590222,2,0,1,2,2.418460628626311,-0.9659258262890684,0.2588190451025203
264.39925394384477,2,0,1,2,3.7015895552138267,-0.7071067811865471,-0.7071067811865479
271.8705417674082,2,1,1,2,3.8061875847437148,0.25881904510252074,0.9659258262890683
77.96421559192402,2,1,0,2,1.0914990182869362,0.49999999999999994,0.8660254037844387
178.23367915302592,0,1,0,1,2.495271508142363,-0.5000000000000004,0.8660254037844384
263.92737089695004,2,0,0,2,3.694983192557301,-0.9659258262890684,0.2588190451025203
463.1738976082106,2,1,0,2,6.484434566514948,-0.5000000000000004,0.8660254037844384
296.2094511032333,1,1,1,0,4.146932315445266,-0.8660254037844386,0.5000000000000001
130.851667614863,0,0,1,1,1.831923346608082,0.9659258262890683,-0.25881904510252063
321.82085666389344,0,0,0,1,4.505491993294509,0.9659258262890683,-0.25881904510252063
557.3588000779168,2,1,0,2,7.803023201090836,-0.8660254037844386,0.5000000000000001
415.0071650660234,0,0,0,1,5.810100310924327,1.0,6.123233995736766e-17
348.5547754784116,0,0,0,1,4.879766856697763,0.49999999999999994,-0.8660254037844387
380.6062315868179,0,1,1,1,5.32848724221545,-0.7071067811865477,0.7071067811865474
509.19172745715355,0,0,1,1,7.12868418440015,1.2246467991473532e-16,-1.0
443.6128229231788,2,0,0,2,6.210579520924503,0.9659258262890683,-0.25881904510252063
352.01686860117843,2,0,0,2,4.928236160416498,0.8660254037844387,-0.4999999999999998
442.3555995262153,2,0,0,2,6.192978393367015,-0.7071067811865471,-0.7071067811865479
55.302802672469056,2,1,0,2,0.7742392374145668,0.8660254037844386,0.5000000000000001
20.40774542125058,0,1,0,1,0.28570843589750816,-0.5000000000000004,0.8660254037844384
278.2777571158894,2,0,0,2,3.8958885996224515,-0.2588190451025208,-0.9659258262890683
262.3625277370969,1,1,0,0,3.6730753883193565,0.0,1.0
152.09619036761364,1,1,0,0,2.129346665146591,-0.25881904510252157,0.9659258262890681
398.65348056898773,2,0,0,2,5.581148727965829,-1.0,-1.8369701987210297e-16
85.31544556122248,2,0,1,2,1.1944162378571146,-0.8660254037844385,-0.5000000000000004
153.74099390959532,0,1,0,1,2.1523739147343344,-0.7071067811865477,0.7071067811865474
162.70800192202933,1,0,0,0,2.2779120269084108,-0.2588190451025208,-0.9659258262890683
44.53432131790271,2,0,0,2,0.6234804984506379,1.2246467991473532e-16,-1.0
519.0515813084747,2,0,0,2,7.266722138318646,0.9659258262890683,-0.25881904510252063
5.343771640601858,2,1,0,2,0.07481280296842602,0.49999999999999994,0.8660254037844387
144.09878968461652,0,1,1,1,2.0173830555846313,0.0,1.0
413.4363564049241,2,0,0,2,5.788108989668937,-1.0,-1.8369701987210297e-16
366.28816181717167,0,0,0,1,5.128034265440403,-0.4999999999999997,-0.8660254037844388
50.528554632745625,2,1,0,2,0.7073997648584387,-0.8660254037844386,0.5000000000000001
372.84805766691454,2,0,1,2,5.219872807336804,0.9659258262890683,-0.25881904510252063
302.1612061584799,2,0,0,2,4.230256886218718,0.8660254037844387,-0.4999999999999998
669.9464011800642,2,0,0,2,9.379249616520898,1.2246467991473532e-16,-1.0
322.7092748922948,2,0,0,2,4.517929848492128,0.258819045102521,-0.9659258262890682
224.57647220766427,2,0,1,2,3.1440706109073,0.8660254037844387,-0.4999999999999998
95.8296477185039,2,0,0,2,1.3416150680590546,-0.9659258262890684,0.2588190451025203
116.03619394799716,2,1,1,2,1.6245067152719603,-0.25881904510252157,0.9659258262890681
101.36156281573153,2,0,0,2,1.4190618794202414,0.49999999999999994,-0.8660254037844387
496.79778650414596,1,1,1,0,6.955169011058044,0.8660254037844386,0.5000000000000001
253.23458470296472,2,0,0,2,3.5452841858415063,-1.0,-1.8369701987210297e-16
351.74448231545136,2,1,0,2,4.924422752416318,-0.8660254037844386,0.5000000000000001
522.5645679965596,0,0,0,1,7.315903951951834,-0.9659258262890683,-0.25881904510252063
174.52354559734368,1,0,1,0,2.443329638362812,0.49999999999999994,-0.8660254037844387
480.1972776460675,2,0,1,2,6.722761887044945,0.49999999999999994,-0.8660254037844387
259.97144412100016,0,1,0,1,3.6396002176940025,0.9659258262890683,0.25881904510252074
328.30870689528,0,1,0,1,4.5963218965339205,0.0,1.0
100.88742008531477,0,1,0,1,1.412423881194407,-0.7071067811865477,0.7071067811865474
114.07760827926668,2,1,0,2,1.5970865159097336,-0.8660254037844386,0.5000000000000001
337.9922601663378,0,0,0,1,4.731891642328729,0.8660254037844387,-0.4999999999999998
679.2276040596645,2,0,0,2,9.509186456835304,1.0,6.123233995736766e-17
430.59639630668227,0,1,0,1,6.028349548293551,0.9659258262890683,0.25881904510252074
477.79412585533726,0,1,1,1,6.689117761974721,-0.5000000000000004,0.8660254037844384
215.43977135294443,2,0,0,2,3.016156798941222,0.7071067811865476,-0.7071067811865475
141.96323957458694,0,1,0,1,1.987485354044217,0.8660254037844386,0.5000000000000001
109.4551087157812,2,1,0,2,1.5323715220209366,0.0,1.0
162.11072955459616,0,0,0,1,2.269550213764346,-0.4999999999999997,-0.8660254037844388
119.50083797069453,2,1,1,2,1.6730117315897235,0.8660254037844386,0.5000000000000001
119.51451827951166,2,0,1,2,1.6732032559131633,-0.9659258262890684,0.2588190451025203
149.13643190922824,2,1,0,2,2.0879100467291956,0.9659258262890683,0.25881904510252074
218.43552860892862,1,1,1,0,3.058097400525001,0.8660254037844386,0.5000000000000001
273.7150197545125,2,0,0,2,3.8320102765631754,-0.8660254037844385,-0.5000000000000004
315.2411563526099,2,0,1,2,4.413376188936539,-0.9659258262890683,-0.25881904510252063
247.3134329602672,2,1,1,2,3.4623880614437406,0.7071067811865476,0.7071067811865476
145.34024445830374,0,1,1,1,2.0347634224162525,-0.25881904510252157,0.9659258262890681
103.4045557877937,2,1,1,2,1.4476637810291118,-0.8660254037844386,0.5000000000000001
146.44445048767722,2,1,0,2,2.050222306827481,-0.5000000000000004,0.8660254037844384
74.95888521633907,2,1,0,2,1.049424393028747,0.25881904510252074,0.9659258262890683
333.8920146901487,2,0,1,2,4.674488205662081,0.9659258262890683,-0.25881904510252063
413.6717314048649,2,1,1,2,5.7914042396681085,0.8660254037844386,0.5000000000000001
418.9427920707891,2,1,0,2,5.865199088991048,0.7071067811865476,0.7071067811865476
386.2514925030076,0,1,0,1,5.407520895042106,-0.7071067811865477,0.7071067811865474
225.96536761855214,2,0,0,2,3.16351514665973,-0.2588190451025208,-0.9659258262890683
156.04799821433858,2,1,1,2,2.18467197500074,0.7071067811865476,0.7071067811865476
115.52150433992807,2,0,0,2,1.617301060758993,0.9659258262890683,-0.25881904510252063
21.3498049883151,1,1,0,0,0.2988972698364114,0.49999999999999994,0.8660254037844387
428.5336660914144,1,0,0,0,5.999471325279801,-0.2588190451025208,-0.9659258262890683
218.5520131726046,0,0,0,1,3.0597281844164645,-0.9659258262890683,-0.25881904510252063
25.658747148242696,2,1,0,2,0.35922246007539776,-0.5000000000000004,0.8660254037844384
101.23155237215775,2,0,1,2,1.4172417332102085,0.258819045102521,-0.9659258262890682
93.94477784214061,2,0,1,2,1.3152268897899684,-0.4999999999999997,-0.8660254037844388
257.74440730272283,2,0,1,2,3.60842170223812,-0.9659258262890684,0.2588190451025203
442.14421319272344,2,0,0,2,6.190018984698129,-0.9659258262890684,0.2588190451025203
187.36188107279503,0,0,1,1,2.6230663350191303,0.8660254037844387,-0.4999999999999998
155.45603266105684,0,1,0,1,2.176384457254796,0.25881904510252074,0.9659258262890683
215.9475396713944,0,1,0,1,3.0232655553995214,0.0,1.0
221.88509798250476,2,0,1,2,3.1063913717550666,-0.4999999999999997,-0.8660254037844388
209.5143584316061,0,1,0,1,2.9332010180424852,-0.5000000000000004,0.8660254037844384
137.0569900343737,2,0,0,2,1.918797860481232,-0.4999999999999997,-0.8660254037844388
289.13903453065166,2,0,1,2,4.047946483429123,0.9659258262890683,-0.25881904510252063
261.9054007268203,0,1,1,1,3.666675610175484,0.49999999999999994,0.8660254037844387
245.53054345720352,2,1,0,2,3.4374276084008493,0.25881904510252074,0.9659258262890683
324.27544505973384,2,1,1,2,4.539856230836273,0.7071067811865476,0.7071067811865476
172.63009183338636,2,0,0,2,2.416821285667409,-0.9659258262890683,-0.25881904510252063
162.41457945388242,0,0,1,1,2.273804112354354,0.258819045102521,-0.9659258262890682
498.42219212537196,0,0,0,1,6.977910689755207,-0.9659258262890683,-0.25881904510252063
350.6839737487785,2,1,0,2,4.909575632482899,-0.8660254037844386,0.5000000000000001
398.8502909697039,0,0,1,1,5.583904073575854,0.7071067811865476,-0.7071067811865475
470.69882536013233,2,1,1,2,6.589783555041853,-0.8660254037844386,0.5000000000000001
344.669952512464,2,0,1,2,4.825379335174496,0.9659258262890683,-0.25881904510252063
417.1099622445108,0,0,0,1,5.839539471423151,-0.9659258262890683,-0.25881904510252063
34.282129172646876,0,0,0,1,0.47994980841705626,-0.8660254037844385,-0.5000000000000004
286.7476969592849,1,0,1,0,4.014467757429989,-1.0,-1.8369701987210297e-16
217.11067687342106,2,1,0,2,3.039549476227895,0.9659258262890683,0.25881904510252074
551.9831363619658,0,0,0,1,7.72776390906752,-0.2588190451025208,-0.9659258262890683
416.976195724594,0,1,0,1,5.837666740144315,0.8660254037844386,0.5000000000000001
136.51986565722763,1,0,0,0,1.9112781192011867,0.9659258262890683,-0.25881904510252063
317.10294853525704,2,0,0,2,4.4394412794935985,0.9659258262890683,-0.25881904510252063
280.1826400208632,0,0,0,1,3.9225569602920847,-0.9659258262890683,-0.25881904510252063
331.77965796740114,0,0,0,1,4.644915211543616,0.8660254037844387,-0.4999999999999998
66.60835551256267,2,0,1,2,0.9325169771758774,-0.2588190451025208,-0.9659258262890683
314.80296374288054,2,0,1,2,4.407241492400328,-0.2588190451025208,-0.9659258262890683
208.93275712811783,2,0,0,2,2.92505859979365,-0.9659258262890684,0.2588190451025203
300.8409575300081,0,0,0,1,4.2117734054201135,-0.2588190451025208,-0.9659258262890683
119.61067027800945,0,0,0,1,1.6745493838921321,-0.8660254037844385,-0.5000000000000004
144.6886291486121,0,1,0,1,2.0256408080805697,0.25881904510252074,0.9659258262890683
461.2915636660065,0,0,0,1,6.458081891324091,-0.2588190451025208,-0.9659258262890683
60.72143949877102,2,1,1,2,0.8501001529827943,-0.7071067811865477,0.7071067811865474
74.00420781243128,2,1,1,2,1.0360589093740378,-0.8660254037844386,0.5000000000000001
240.71537370119594,2,0,1,2,3.3700152318167436,0.258819045102521,-0.9659258262890682
111.05973246652817,2,1,0,2,1.5548362545313943,-0.5000000000000004,0.8660254037844384
90.69484619269622,2,0,1,2,1.269727846697747,-0.7071067811865471,-0.7071067811865479
268.9136748174931,2,1,1,2,3.764791447444903,-0.7071067811865477,0.7071067811865474
20.911854242666834,2,1,0,2,0.2927659593973357,0.9659258262890683,0.25881904510252074
68.56679771554519,2,0,1,2,0.9599351680176327,-0.9659258262890683,-0.25881904510252063
619.7372049262558,2,0,0,2,8.676320868967581,1.0,6.123233995736766e-17
332.70551061442166,2,1,0,2,4.657877148601903,0.25881904510252074,0.9659258262890683
115.61859659141601,2,0,1,2,1.6186603522798242,1.2246467991473532e-16,-1.0
325.2787140879155,1,1,1,0,4.553901997230817,-0.5000000000000004,0.8660254037844384
352.1194858575933,0,0,0,1,4.929672802006307,0.9659258262890683,-0.25881904510252063
428.9945956162429,0,0,0,1,6.005924338627401,0.258819045102521,-0.9659258262890682
227.1119146977885,2,1,0,2,3.179566805769039,0.0,1.0
425.76958649912007,0,0,0,1,5.9607742109876805,0.8660254037844387,-0.4999999999999998
116.92037447879113,0,0,0,1,1.6368852427030758,0.9659258262890683,-0.25881904510252063
59.86453651436443,0,0,1,1,0.838103511201102,0.8660254037844387,-0.4999999999999998
279.49685231256205,2,1,0,2,3.9129559323758687,0.8660254037844386,0.5000000000000001
309.33403590540246,0,0,1,1,4.330676502675635,1.2246467991473532e-16,-1.0
85.87918821964448,0,0,0,1,1.2023086350750227,-0.2588190451025208,-0.9659258262890683
296.6955984273686,0,1,1,1,4.153738377983161,0.7071067811865476,0.7071067811865476
137.70875523629314,0,0,0,1,1.9279225733081038,-0.8660254037844385,-0.5000000000000004
200.1473630391102,2,0,0,2,2.8020630825475425,0.8660254037844387,-0.4999999999999998
434.4592841197019,2,0,1,2,6.082429977675827,-0.9659258262890684,0.2588190451025203
413.6087494399479,2,0,1,2,5.790522492159271,-0.4999999999999997,-0.8660254037844388
70.52914107461277,0,0,0,1,0.9874079750445788,-0.9659258262890684,0.2588190451025203
59.69473683638137,2,1,1,2,0.8357263157093391,0.7071067811865476,0.7071067811865476
175.98878880040309,2,1,0,2,2.463843043205643,0.25881904510252074,0.9659258262890683
245.18566578887348,2,0,0,2,3.4325993210442287,1.2246467991473532e-16,-1.0
131.57827205654664,2,1,0,2,1.8420958087916528,0.7071067811865476,0.7071067811865476
437.3156397039402,2,0,0,2,6.122418955855163,-0.9659258262890683,-0.25881904510252063
312.53017150753993,0,1,0,1,4.37542240110556,-0.25881904510252157,0.9659258262890681
323.0953197773972,0,0,1,1,4.523334476883561,-0.7071067811865471,-0.7071067811865479
22.0230107899051,2,1,0,2,0.3083221510586714,-0.5000000000000004,0.8660254037844384
460.11232912908036,2,0,0,2,6.4415726078071245,0.7071067811865476,-0.7071067811865475
257.63038800332436,2,1,0,2,3.6068254320465414,0.25881904510252074,0.9659258262890683
400.1299813328864,0,0,0,1,5.60181973866041,-0.2588190451025208,-0.9659258262890683
418.1761127807388,2,1,0,2,5.854465578930343,0.25881904510252074,0.9659258262890683
172.1677862899669,2,0,0,2,2.4103490080595367,-0.9659258262890683,-0.25881904510252063
479.1238391045363,2,1,0,2,6.707733747463508,0.0,1.0
238.64244046821764,0,0,0,1,3.340994166555047,1.2246467991473532e-16,-1.0
261.2377065989397,0,1,0,1,3.6573278923851564,0.9659258262890683,0.25881904510252074
311.1151817327589,0,1,0,1,4.355612544258625,-0.7071067811865477,0.7071067811865474
823.5834841259899,0,0,1,1,11.530168777763858,-0.8660254037844385,-0.5000000000000004
491.99810345494075,2,0,0,2,6.88797344836917,-0.8660254037844385,-0.5000000000000004
376.2036161283252,2,1,0,2,5.266850625796553,-0.7071067811865477,0.7071067811865474
85.69519241178492,2,0,0,2,1.1997326937649888,0.49999999999999994,-0.8660254037844387
275.8461685863086,2,1,0,2,3.8618463602083204,0.9659258262890683,0.25881904510252074
103.63766310765044,2,0,0,2,1.450927283507106,-0.9659258262890684,0.2588190451025203
397.9799525109063,2,1,0,2,5.571719335152688,0.49999999999999994,0.8660254037844387
275.2840556322742,2,0,0,2,3.853976778851839,-0.2588190451025208,-0.9659258262890683
47.586097669498855,1,1,0,0,0.6662053673729841,0.9659258262890683,0.25881904510252074
264.60242501533054,0,0,1,1,3.7044339502146277,-0.8660254037844385,-0.5000000000000004
97.10485545106502,0,1,0,1,1.3594679763149102,0.49999999999999994,0.8660254037844387
277.2189198407585,0,0,0,1,3.8810648777706187,-0.8660254037844385,-0.5000000000000004
95.36608305425383,2,0,0,2,1.3351251627595537,-1.0,-1.8369701987210297e-16
254.9477740049463,0,0,0,1,3.569268836069248,-0.9659258262890683,-0.25881904510252063
385.0845751483171,2,1,0,2,5.391184052076439,0.8660254037844386,0.5000000000000001
240.4506414534809,0,0,0,1,3.366308980348733,-0.4999999999999997,-0.8660254037844388
179.64011190897003,2,1,0,2,2.5149615667255802,0.49999999999999994,0.8660254037844387
286.5897197903433,1,1,0,0,4.012256077064806,-0.5000000000000004,0.8660254037844384
375.49287174271353,2,0,1,2,5.256900204397989,0.9659258262890683,-0.25881904510252063
50.70701142128311,2,0,1,2,0.7098981598979636,1.0,6.123233995736766e-17
296.91810784693644,1,0,0,0,4.15685350985711,-0.9659258262890683,-0.25881904510252063
487.15734742313197,2,0,1,2,6.820202863923848,0.7071067811865476,-0.7071067811865475
353.2582533898087,0,1,0,1,4.945615547457322,-0.5000000000000004,0.8660254037844384
260.395746400101,0,0,1,1,3.6455404496014143,0.7071067811865476,-0.7071067811865475
365.15275120580105,0,0,0,1,5.112138516881215,-1.0,-1.8369701987210297e-16
331.4493620984828,1,1,0,0,4.64029106937876,-0.5000000000000004,0.8660254037844384
385.64819964876654,1,1,0,0,5.399074795082732,0.0,1.0
114.30768997692996,2,1,1,2,1.6003076596770196,0.25881904510252074,0.9659258262890683
29.622104059387766,0,1,0,1,0.41470945683142874,0.0,1.0
430.86924690698265,0,0,1,1,6.032169456697757,0.8660254037844387,-0.4999999999999998
20.95025170905933,0,0,0,1,0.2933035239268306,-0.4999999999999997,-0.8660254037844388
322.2769544294569,2,0,0,2,4.511877362012396,-0.9659258262890683,-0.25881904510252063
186.6310619141875,0,0,0,1,2.612834866798625,-0.9659258262890683,-0.25881904510252063
70.68593579272056,1,1,0,0,0.9896031010980878,-0.7071067811865477,0.7071067811865474
312.93695628654524,1,0,0,0,4.381117388011633,1.0,6.123233995736766e-17
286.1860306689827,2,0,1,2,4.0066044293657574,-0.2588190451025208,-0.9659258262890683
629.861677377348,2,0,0,2,8.81806348328287,-0.9659258262890683,-0.25881904510252063
137.53398318353993,2,0,0,2,1.925475764569559,-0.9659258262890684,0.2588190451025203
509.21982161245126,0,0,1,1,7.129077502574318,-1.0,-1.8369701987210297e-16
313.4361245891766,0,1,0,1,4.388105744248472,0.8660254037844386,0.5000000000000001
131.01606132231177,2,0,1,2,1.8342248585123648,0.8660254037844387,-0.4999999999999998
393.8643623531041,2,0,1,2,5.514101072943458,-0.9659258262890683,-0.25881904510252063
351.8329308017112,2,0,0,2,4.9256610312239575,1.2246467991473532e-16,-1.0
256.45179307444886,2,1,0,2,3.590325103042284,0.8660254037844386,0.5000000000000001
297.93316415931224,1,1,0,0,4.171064298230371,-0.25881904510252157,0.9659258262890681
142.5423344118043,0,1,0,1,1.99559268176526,-0.7071067811865477,0.7071067811865474
101.35831745418878,2,0,1,2,1.419016444358643,-0.9659258262890684,0.2588190451025203
386.69959128806494,2,0,1,2,5.41379427803291,-0.4999999999999997,-0.8660254037844388
209.69090362361067,2,1,0,2,2.9356726507305493,-0.25881904510252157,0.9659258262890681
235.58506031516336,1,0,0,0,3.2981908444122867,-1.0,-1.8369701987210297e-16
300.36788726996986,2,0,1,2,4.205150421779578,-0.9659258262890684,0.2588190451025203
297.75190206108545,2,0,0,2,4.168526628855196,0.49999999999999994,-0.8660254037844387
7.278764775331638,2,0,0,2,0.10190270685464294,0.8660254037844387,-0.4999999999999998
481.52537556187457,0,1,1,1,6.7413552578662435,-0.8660254037844386,0.5000000000000001
271.8127873421221,0,1,0,1,3.805379022789709,-0.7071067811865477,0.7071067811865474
213.52241269201312,0,0,0,1,2.9893137776881837,-0.7071067811865471,-0.7071067811865479
327.5522809305544,2,0,1,2,4.585731933027762,0.49999999999999994,-0.8660254037844387
292.5775948506754,2,1,0,2,4.096086327909456,0.25881904510252074,0.9659258262890683
388.0712841081464,2,0,0,2,5.4329979775140504,0.9659258262890683,-0.25881904510252063
346.83706098716937,0,1,0,1,4.855718853820371,-0.5000000000000004,0.8660254037844384
379.21232121932803,2,1,0,2,5.308972497070592,-0.8660254037844386,0.5000000000000001
493.1789030309529,0,1,0,1,6.9045046424333405,0.8660254037844386,0.5000000000000001
409.05241881477497,0,0,1,1,5.726733863406849,0.49999999999999994,-0.8660254037844387
221.11248034085872,0,0,0,1,3.095574724772022,0.49999999999999994,-0.8660254037844387
47.8777919061701,2,0,0,2,0.6702890866863814,0.8660254037844387,-0.4999999999999998
550.2036279408127,2,0,1,2,7.702850791171378,0.49999999999999994,-0.8660254037844387
207.20979279751973,2,1,1,2,2.9009370991652763,0.8660254037844386,0.5000000000000001
164.84066559510597,0,0,0,1,2.307769318331484,0.8660254037844387,-0.4999999999999998
62.610827197599065,0,1,0,1,0.876551580766387,0.0,1.0
310.92515895618004,2,0,1,2,4.35295222538652,0.7071067811865476,-0.7071067811865475
276.7995887116786,2,0,0,2,3.875194241963501,0.9659258262890683,-0.25881904510252063
22.720688524906507,0,0,1,1,0.3180896393486911,-1.0,-1.8369701987210297e-16
331.5893275839716,0,0,1,1,4.642250586175603,-0.7071067811865471,-0.7071067811865479
160.32545427374097,2,0,0,2,2.244556359832374,1.2246467991473532e-16,-1.0
734.2567013119649,0,1,0,1,10.279593818367507,-0.25881904510252157,0.9659258262890681
147.51498542364374,2,1,0,2,2.065209795931012,0.8660254037844386,0.5000000000000001
171.66520020439722,2,0,0,2,2.403312802861561,-0.9659258262890683,-0.25881904510252063
92.54027963421382,1,0,1,0,1.2955639148789935,0.8660254037844387,-0.4999999999999998
480.017773787555,0,1,0,1,6.720248833025769,0.7071067811865476,0.7071067811865476
182.90035699634444,0,0,1,1,2.560604997948822,-0.2588190451025208,-0.9659258262890683
119.51545232221059,2,0,0,2,1.6732163325109481,1.0,6.123233995736766e-17
377.25190178569767,0,0,0,1,5.281526624999768,0.258819045102521,-0.9659258262890682
5.0,2,1,1,2,0.07,-0.25881904510252157,0.9659258262890681
362.5198983248105,2,0,1,2,5.075278576547348,1.0,6.123233995736766e-17
570.6519489881543,2,0,0,2,7.989127285834161,0.49999999999999994,-0.8660254037844387
351.989409910316,2,1,0,2,4.927851738744424,-0.7071067811865477,0.7071067811865474
364.82169692678644,0,0,1,1,5.10750375697501,-0.4999999999999997,-0.8660254037844388
406.6108390433471,0,0,0,1,5.69255174660686,1.0,6.123233995736766e-17
557.7474451615933,2,0,0,2,7.808464232262306,-0.9659258262890684,0.2588190451025203
467.7809128034388,2,0,0,2,6.548932779248144,-0.8660254037844385,-0.5000000000000004
329.14055000914425,2,1,0,2,4.60796770012802,0.8660254037844386,0.5000000000000001
412.70045211448024,2,0,0,2,5.777806329602723,0.9659258262890683,-0.25881904510252063
90.53171341628007,0,0,0,1,1.267443987827921,0.7071067811865476,-0.7071067811865475
389.73284633451794,0,1,1,1,5.456259848683251,0.9659258262890683,0.25881904510252074
68.99992518692542,2,1,0,2,0.9659989526169559,-0.8660254037844386,0.5000000000000001
183.93596464630718,2,1,0,2,2.5751035050483004,0.25881904510252074,0.9659258262890683
304.8611915257827,0,1,0,1,4.268056681360958,0.8660254037844386,0.5000000000000001
322.25733868614316,0,0,0,1,4.511602741606004,0.7071067811865476,-0.7071067811865475
134.1030380004965,2,1,0,2,1.8774425320069508,0.49999999999999994,0.8660254037844387
450.0061387368032,2,0,1,2,6.3000859423152455,1.2246467991473532e-16,-1.0
320.2346699089725,0,0,0,1,4.483285378725615,-0.7071067811865471,-0.7071067811865479
452.33726104629255,2,0,0,2,6.332721654648096,-0.4999999999999997,-0.8660254037844388
54.95262195894321,2,1,0,2,0.769336707425205,0.25881904510252074,0.9659258262890683
436.90948668873386,0,1,0,1,6.116732813642274,0.49999999999999994,0.8660254037844387
629.0541419853989,0,0,0,1,8.806757987795585,-0.9659258262890684,0.2588190451025203
387.548493987741,0,0,0,1,5.425678915828374,-0.9659258262890683,-0.25881904510252063
392.26282156461195,0,0,0,1,5.491679501904567,-0.9659258262890684,0.2588190451025203
280.5275817510883,0,0,0,1,3.927386144515236,-0.9659258262890684,0.2588190451025203
155.55961949823444,2,0,0,2,2.177834672975282,-0.4999999999999997,-0.8660254037844388
387.01462708627156,2,1,0,2,5.418204779207802,-0.7071067811865477,0.7071067811865474
21.094923872372306,2,1,0,2,0.29532893421321227,0.8660254037844386,0.5000000000000001
174.80407751425304,2,1,1,2,2.4472570851995425,-0.5000000000000004,0.8660254037844384
68.79022442069282,0,0,0,1,0.9630631418896995,0.49999999999999994,-0.8660254037844387
123.34185208328508,0,1,0,1,1.726785929165991,-0.5000000000000004,0.8660254037844384
365.568116540841,1,1,0,0,5.117953631571774,0.49999999999999994,0.8660254037844387
340.97080771968336,0,0,0,1,4.773591308075567,0.8660254037844387,-0.4999999999999998
259.1644651963851,2,0,1,2,3.628302512749391,1.0,6.123233995736766e-17
280.6721789311619,2,1,1,2,3.929410505036267,-0.5000000000000004,0.8660254037844384
89.45563121555767,0,1,0,1,1.2523788370178075,0.25881904510252074,0.9659258262890683
182.93878949723532,0,0,0,1,2.5611430529612944,-0.4999999999999997,-0.8660254037844388
127.3567108416622,0,0,0,1,1.782993951783271,0.258819045102521,-0.9659258262890682
131.36925570738265,0,0,0,1,1.8391695799033572,-0.7071067811865471,-0.7071067811865479
357.9241530064756,0,0,0,1,5.010938142090659,-0.7071067811865471,-0.7071067811865479
95.10868122904412,0,0,0,1,1.3315215372066178,-0.7071067811865471,-0.7071067811865479
141.15744697706603,2,0,1,2,1.9762042576789245,-1.0,-1.8369701987210297e-16
125.67246422771296,0,1,0,1,1.7594144991879817,0.49999999999999994,0.8660254037844387
197.05782753228948,0,1,0,1,2.7588095854520525,-0.7071067811865477,0.7071067811865474
54.18924141154844,2,0,0,2,0.7586493797616781,-0.9659258262890684,0.2588190451025203
264.25652716413583,0,1,1,1,3.6995913802979015,0.7071067811865476,0.7071067811865476
78.80055158635636,2,1,1,2,1.103207722208989,0.0,1.0
268.81760419885893,1,1,1,0,3.7634464587840246,-0.7071067811865477,0.7071067811865474
223.95656306637824,2,0,0,2,3.1353918829292953,0.9659258262890683,-0.25881904510252063
550.9675191476177,0,1,0,1,7.713545268066649,-0.25881904510252157,0.9659258262890681
339.4992364815749,2,0,0,2,4.7529893107420484,-0.4999999999999997,-0.8660254037844388
81.13481706121456,0,1,0,1,1.135887438857004,-0.25881904510252157,0.9659258262890681
22.320008061512482,2,1,0,2,0.3124801128611747,-0.8660254037844386,0.5000000000000001
259.93744161861997,2,1,0,2,3.6391241826606797,-0.7071067811865477,0.7071067811865474
82.62736928932287,2,1,0,2,1.1567831700505202,0.8660254037844386,0.5000000000000001
284.3063174424534,1,0,0,0,3.980288444194348,-0.9659258262890684,0.2588190451025203
492.9183364900738,2,0,0,2,6.900856710861033,0.258819045102521,-0.9659258262890682
379.64032304297336,2,0,0,2,5.3149645226016276,-0.9659258262890684,0.2588190451025203
343.77583722851887,0,0,1,1,4.812861721199264,-0.9659258262890684,0.2588190451025203
140.6818518152353,2,1,0,2,1.969545925413294,0.7071067811865476,0.7071067811865476
326.9818187817873,1,1,0,0,4.577745462945022,-0.7071067811865477,0.7071067811865474
123.21514164024131,2,0,0,2,1.7250119829633783,-0.4999999999999997,-0.8660254037844388
286.87431403918436,0,1,0,1,4.016240396548581,0.9659258262890683,0.25881904510252074
84.29501934943406,2,1,0,2,1.180130270892077,0.8660254037844386,0.5000000000000001
522.9319211000825,2,0,0,2,7.321046895401155,0.49999999999999994,-0.8660254037844387
32.64259773473202,0,0,0,1,0.4569963682862483,-0.2588190451025208,-0.9659258262890683
471.8110893119496,0,0,1,1,6.605355250367294,0.49999999999999994,-0.8660254037844387
257.00484904311946,0,0,1,1,3.598067886603672,0.8660254037844387,-0.4999999999999998
161.89594083844167,2,1,0,2,2.2665431717381836,-0.25881904510252157,0.9659258262890681
280.0605259052329,2,0,1,2,3.9208473626732605,0.7071067811865476,-0.7071067811865475
382.00264129207255,2,1,0,2,5.348036978089016,0.9659258262890683,0.25881904510252074
496.01441260499143,1,0,1,0,6.94420177646988,0.49999999999999994,-0.8660254037844387
306.3657441640358,2,0,0,2,4.289120418296501,0.8660254037844387,-0.4999999999999998
89.6747046527901,2,1,0,2,1.2554458651390614,0.8660254037844386,0.5000000000000001
260.0134222778419,2,0,0,2,3.640187911889787,0.7071067811865476,-0.7071067811865475
577.0227825992271,0,0,0,1,8.078318956389179,-0.9659258262890684,0.2588190451025203
492.5820553922723,2,0,0,2,6.896148775491812,-0.2588190451025208,-0.9659258262890683
413.5774260623846,1,1,1,0,5.790083964873384,0.9659258262890683,0.25881904510252074
393.22366362202956,2,1,0,2,5.505131290708414,0.7071067811865476,0.7071067811865476
375.9010163091775,0,1,1,1,5.262614228328485,-0.25881904510252157,0.9659258262890681
458.5758702117766,2,1,0,2,6.420062182964872,-0.5000000000000004,0.8660254037844384
167.80681857005706,0,1,1,1,2.349295459980799,-0.8660254037844386,0.5000000000000001
6.084508160498899,1,0,1,0,0.08518311424698459,0.7071067811865476,-0.7071067811865475
262.420630132671,2,1,1,2,3.6738888218573944,-0.7071067811865477,0.7071067811865474
102.83531438001563,1,0,0,0,1.4396944013202186,0.49999999999999994,-0.8660254037844387
60.0962640321068,2,0,0,2,0.8413476964494953,-0.7071067811865471,-0.7071067811865479
120.34985621417226,1,0,0,0,1.6848979869984115,1.0,6.123233995736766e-17
697.3565064160634,0,0,0,1,9.762991089824888,-0.9659258262890683,-0.25881904510252063
274.50243413365195,2,0,1,2,3.843034077871127,1.0,6.123233995736766e-17
315.1434105449779,2,1,0,2,4.41200774762969,-0.25881904510252157,0.9659258262890681
29.97469473923428,2,1,0,2,0.41964572634927993,-0.8660254037844386,0.5000000000000001
81.87553258267337,2,0,1,2,1.1462574561574272,-0.4999999999999997,-0.8660254037844388
102.57052423861495,2,0,1,2,1.4359873393406093,-1.0,-1.8369701987210297e-16
508.8752053375747,2,0,0,2,7.124252874726046,-0.9659258262890683,-0.25881904510252063
310.1695838937738,2,0,0,2,4.342374174512833,-0.4999999999999997,-0.8660254037844388
357.7471164599906,0,0,0,1,5.0084596304398685,-0.9659258262890683,-0.25881904510252063
382.94188705637106,2,1,0,2,5.361186418789195,0.49999999999999994,0.8660254037844387
143.55711163631003,2,1,0,2,2.00979956290834,0.0,1.0
499.83380511520613,0,1,0,1,6.997673271612887,0.0,1.0
136.0946321400072,2,0,0,2,1.905324849960101,1.0,6.123233995736766e-17
503.12182466725955,2,0,0,2,7.043705545341633,0.7071067811865476,-0.7071067811865475
329.6143881043613,2,0,1,2,4.6146014334610586,0.258819045102521,-0.9659258262890682
72.02812776433797,1,0,1,0,1.0083937887007315,0.9659258262890683,-0.25881904510252063
115.3582924119037,0,1,1,1,1.615016093766652,-0.7071067811865477,0.7071067811865474
71.2889359169788,2,1,0,2,0.9980451028377032,-0.5000000000000004,0.8660254037844384
459.39078390295754,0,0,1,1,6.431470974641406,-0.8660254037844385,-0.5000000000000004
245.5476242555678,2,0,0,2,3.437666739577949,-0.2588190451025208,-0.9659258262890683
151.10163919096044,0,0,0,1,2.115422948673446,-0.8660254037844385,-0.5000000000000004
317.6344387095385,0,1,0,1,4.446882141933538,-0.8660254037844386,0.5000000000000001
153.3104327701024,0,1,0,1,2.146346058781434,-0.5000000000000004,0.8660254037844384
17.085053905998166,2,1,0,2,0.23919075468397433,0.9659258262890683,0.25881904510252074
552.0338506543656,2,0,0,2,7.728473909161117,-0.9659258262890684,0.2588190451025203
269.3114558973842,2,0,0,2,3.7703603825633785,-0.8660254037844385,-0.5000000000000004
197.18234758360376,0,0,0,1,2.7605528661704524,-0.9659258262890684,0.2588190451025203
178.10353942251692,0,0,0,1,2.493449551915237,0.9659258262890683,-0.25881904510252063
22.39030444839898,0,0,0,1,0.3134642622775857,1.2246467991473532e-16,-1.0
15.181198074860305,1,0,0,0,0.21253677304804428,-0.7071067811865471,-0.7071067811865479
481.285021277515,2,0,0,2,6.73799029788521,0.258819045102521,-0.9659258262890682
164.70108343857055,0,0,0,1,2.3058151681399877,-0.8660254037844385,-0.5000000000000004
253.97218616863543,0,0,0,1,3.555610606360896,-0.9659258262890683,-0.25881904510252063
117.97948571619344,1,0,0,0,1.651712800026708,0.9659258262890683,-0.25881904510252063
12.74343355680898,1,0,0,0,0.17840806979532572,-0.9659258262890683,-0.25881904510252063
359.7662535774555,0,0,1,1,5.036727550084377,0.49999999999999994,-0.8660254037844387
317.98811682049006,2,0,0,2,4.451833635486861,1.2246467991473532e-16,-1.0
565.6075357703768,0,0,0,1,7.918505500785275,0.258819045102521,-0.9659258262890682
491.73213969362075,2,0,0,2,6.884249955710691,-0.4999999999999997,-0.8660254037844388
208.47202495273183,0,1,0,1,2.9186083493382458,0.49999999999999994,0.8660254037844387
335.1316416483888,1,1,0,0,4.691842983077443,0.49999999999999994,0.8660254037844387
193.01138027744668,2,1,0,2,2.702159323884253,0.9659258262890683,0.25881904510252074
619.8657673549567,0,1,0,1,8.678120742969393,0.49999999999999994,0.8660254037844387
456.82264528943193,2,0,1,2,6.395517034052047,0.8660254037844387,-0.4999999999999998
280.54331635439524,2,0,1,2,3.9276064289615333,0.49999999999999994,-0.8660254037844387
286.07106127774324,2,0,0,2,4.004994857888406,0.9659258262890683,-0.25881904510252063
510.0730517067654,0,1,0,1,7.141022723894715,0.7071067811865476,0.7071067811865476
354.3240124804925,1,1,1,0,4.9605361747268955,-0.7071067811865477,0.7071067811865474
530.5530430726155,1,1,0,0,7.427742603016617,-0.25881904510252157,0.9659258262890681
144.85662672659726,2,0,1,2,2.0279927741723616,-0.9659258262890684,0.2588190451025203
333.0210870697837,0,0,0,1,4.662295218976971,-0.4999999999999997,-0.8660254037844388
157.2217243573507,0,1,1,1,2.2011041410029097,0.8660254037844386,0.5000000000000001
566.1480377730386,2,0,1,2,7.92607252882254,1.0,6.123233995736766e-17
528.3517636941692,2,0,1,2,7.396924691718369,0.9659258262890683,-0.25881904510252063
255.9104456382352,2,0,0,2,3.5827462389352926,1.0,6.123233995736766e-17
526.4135761859857,1,0,0,0,7.3697900666038,0.9659258262890683,-0.25881904510252063
570.9606135986511,0,1,0,1,7.993448590381115,0.7071067811865476,0.7071067811865476
263.39320094670654,0,1,1,1,3.6875048132538915,0.0,1.0
694.9480790377344,2,1,0,2,9.72927310652828,-0.7071067811865477,0.7071067811865474
244.35859251944996,0,1,1,1,3.4210202952722994,0.8660254037844386,0.5000000000000001
211.3862289395364,2,0,1,2,2.9594072051535094,0.49999999999999994,-0.8660254037844387
405.85706594518183,2,1,0,2,5.6819989232325465,0.7071067811865476,0.7071067811865476
186.3176683943835,0,1,0,1,2.6084473575213694,0.25881904510252074,0.9659258262890683
265.3611596430809,2,0,0,2,3.715056235003132,-0.8660254037844385,-0.5000000000000004
503.69819632916375,0,0,0,1,7.051774748608293,0.258819045102521,-0.9659258262890682
253.45939339910865,2,1,1,2,3.5484315075875212,0.25881904510252074,0.9659258262890683
55.103202735555385,0,0,0,1,0.7714448382977754,0.8660254037844387,-0.4999999999999998
316.1174898128554,2,1,1,2,4.425644857379975,0.9659258262890683,0.25881904510252074
124.66715577056894,0,1,1,1,1.7453401807879652,0.9659258262890683,0.25881904510252074
405.74880831301823,2,0,1,2,5.680483316382255,-0.9659258262890683,-0.25881904510252063
375.31414884872424,2,1,0,2,5.254398083882139,-0.7071067811865477,0.7071067811865474
514.852062669974,1,1,0,0,7.207928877379636,0.49999999999999994,0.8660254037844387
413.3558141426854,2,0,1,2,5.786981397997595,-0.4999999999999997,-0.8660254037844388
446.2439710584517,0,0,1,1,6.247415594818324,1.0,6.123233995736766e-17
129.5625831752116,1,0,0,0,1.8138761644529626,1.2246467991473532e-16,-1.0
394.7175692602905,2,0,0,2,5.526045969644066,0.7071067811865476,-0.7071067811865475
604.3212320848522,2,1,0,2,8.460497249187931,0.7071067811865476,0.7071067811865476
126.0430164453819,0,0,1,1,1.7646022302353466,-0.7071067811865471,-0.7071067811865479
573.9528925108776,1,0,0,0,8.035340495152287,0.8660254037844387,-0.4999999999999998
151.11698358376051,1,1,0,0,2.1156377701726474,-0.8660254037844386,0.5000000000000001
96.64517589100464,2,0,0,2,1.3530324624740648,0.7071067811865476,-0.7071067811865475
303.3160798038709,0,0,1,1,4.2464251172541925,-1.0,-1.8369701987210297e-16
378.86387490318566,2,0,0,2,5.304094248644599,-0.8660254037844385,-0.5000000000000004
414.1150223150077,1,1,1,0,5.797610312410108,0.0,1.0
76.88276426082368,1,0,0,0,1.0763586996515315,1.2246467991473532e-16,-1.0
328.2172175057723,2,1,1,2,4.595041045080812,0.7071067811865476,0.7071067811865476
126.60017713296907,2,0,0,2,1.772402479861567,-0.4999999999999997,-0.8660254037844388
18.006006092703785,2,0,1,2,0.252084085297853,0.7071067811865476,-0.7071067811865475
82.82746320409876,2,0,0,2,1.1595844848573826,-0.9659258262890684,0.2588190451025203
114.83793412795274,0,0,0,1,1.6077310777913383,0.8660254037844387,-0.4999999999999998
343.88712886345127,2,0,0,2,4.814419804088318,0.9659258262890683,-0.25881904510252063
457.3984593523603,2,0,0,2,6.403578430933044,-0.9659258262890684,0.2588190451025203
15.177193377548008,2,1,1,2,0.21248070728567212,0.9659258262890683,0.25881904510252074
313.35299335745003,1,1,1,0,4.3869419070043,-0.5000000000000004,0.8660254037844384
38.194326561236835,0,0,0,1,0.5347205718573157,0.7071067811865476,-0.7071067811865475
363.23537362252006,2,1,0,2,5.085295230715281,-0.25881904510252157,0.9659258262890681
137.9084954193254,2,0,1,2,1.9307189358705554,-0.9659258262890684,0.2588190451025203
60.760776755809815,1,0,0,0,0.8506508745813374,-0.8660254037844385,-0.5000000000000004
393.93961276256346,0,1,1,1,5.515154578675888,0.8660254037844386,0.5000000000000001
144.3539310198829,2,0,0,2,2.020955034278361,-0.2588190451025208,-0.9659258262890683
193.1264887565143,2,0,1,2,2.7037708425912,-0.8660254037844385,-0.5000000000000004
149.59803576014775,2,0,1,2,2.0943725006420686,0.49999999999999994,-0.8660254037844387
420.3792450562253,2,1,0,2,5.885309430787154,0.7071067811865476,0.7071067811865476
397.7635338104393,0,1,0,1,5.568689473346151,-0.5000000000000004,0.8660254037844384
250.98241197063652,1,1,1,0,3.513753767588911,-0.5000000000000004,0.8660254037844384
24.964569444036613,2,0,0,2,0.3495039722165126,-0.8660254037844385,-0.5000000000000004
467.6864521002574,0,1,0,1,6.547610329403604,0.25881904510252074,0.9659258262890683
130.0725904550576,2,1,1,2,1.8210162663708063,-0.8660254037844386,0.5000000000000001
168.39637898189414,0,1,0,1,2.3575493057465184,-0.7071067811865477,0.7071067811865474
666.1679301447156,0,1,0,1,9.326351022026017,0.0,1.0
123.34544006033866,2,0,0,2,1.7268361608447413,-0.9659258262890683,-0.25881904510252063
383.59779323677003,2,0,0,2,5.37036910531478,1.0,6.123233995736766e-17
351.17660717487115,0,1,1,1,4.916472500448196,-0.7071067811865477,0.7071067811865474
320.23099471841533,2,1,1,2,4.483233926057815,0.9659258262890683,0.25881904510252074
300.76009765981195,2,1,0,2,4.2106413672373675,0.9659258262890683,0.25881904510252074
317.74994114005585,2,0,0,2,4.448499175960782,-0.2588190451025208,-0.9659258262890683
298.94930636929723,1,1,0,0,4.185290289170162,-0.5000000000000004,0.8660254037844384
240.65469542030903,2,0,1,2,3.369165735884326,0.258819045102521,-0.9659258262890682
522.0309623399337,0,0,0,1,7.308433472759072,-0.2588190451025208,-0.9659258262890683
13.721099056129901,2,0,1,2,0.1920953867858186,-0.2588190451025208,-0.9659258262890683
433.86245872276777,0,0,1,1,6.074074422118748,0.258819045102521,-0.9659258262890682
398.0216137637593,0,0,0,1,5.572302592692631,0.8660254037844387,-0.4999999999999998
375.7118418392922,0,0,0,1,5.259965785750092,0.8660254037844387,-0.4999999999999998
451.0562969752232,2,1,1,2,6.314788157653124,0.25881904510252074,0.9659258262890683
233.33210885168927,0,0,1,1,3.2666495239236495,-0.9659258262890683,-0.25881904510252063
86.41533364883782,0,1,0,1,1.2098146710837296,0.8660254037844386,0.5000000000000001
236.98732125139256,2,1,0,2,3.317822497519496,-0.5000000000000004,0.8660254037844384
71.5850408275802,2,0,0,2,1.0021905715861228,0.258819045102521,-0.9659258262890682
118.2653422255485,2,0,0,2,1.655714791157679,-0.2588190451025208,-0.9659258262890683
26.364458710165877,2,0,1,2,0.3691024219423223,1.2246467991473532e-16,-1.0
164.0779254801098,0,1,1,1,2.297090956721537,0.49999999999999994,0.8660254037844387
142.60773508297916,2,0,0,2,1.9965082911617082,-0.4999999999999997,-0.8660254037844388
177.96256938687844,2,0,0,2,2.4914759714162984,-0.4999999999999997,-0.8660254037844388
376.0399440308121,0,1,0,1,5.264559216431369,0.49999999999999994,0.8660254037844387
649.6579344408788,2,0,0,2,9.095211082172304,-0.9659258262890684,0.2588190451025203
359.122694829332,2,0,0,2,5.027717727610647,-1.0,-1.8369701987210297e-16
213.473687823839,2,0,1,2,2.9886316295337454,-0.4999999999999997,-0.8660254037844388
240.1456487782812,1,0,0,0,3.362039082895937,-1.0,-1.8369701987210297e-16
174.22254375762833,0,0,1,1,2.4391156126067965,0.9659258262890683,-0.25881904510252063
266.2074850960525,0,1,0,1,3.726904791344735,-0.5000000000000004,0.8660254037844384
243.33854306681795,2,0,0,2,3.4067396029354513,1.2246467991473532e-16,-1.0
98.61128252830699,0,1,0,1,1.3805579553962977,-0.5000000000000004,0.8660254037844384
552.9199100106097,2,0,0,2,7.740878740148535,0.7071067811865476,-0.7071067811865475
17.68776242775874,2,1,0,2,0.24762867398862237,0.25881904510252074,0.9659258262890683
379.2996777749643,2,0,0,2,5.3101954888495,0.49999999999999994,-0.8660254037844387
231.78442708284427,0,1,0,1,3.2449819791598196,-0.7071067811865477,0.7071067811865474
592.1497267118341,2,0,1,2,8.290096173965678,-1.0,-1.8369701987210297e-16
311.35562786467983,2,0,0,2,4.3589787901055175,0.8660254037844387,-0.4999999999999998
185.21700330701532,2,0,1,2,2.5930380462982145,0.8660254037844387,-0.4999999999999998
205.41270428179047,2,1,1,2,2.8757778599450665,0.9659258262890683,0.25881904510252074
257.18320501355703,0,0,0,1,3.6005648701897983,0.7071067811865476,-0.7071067811865475
44.29767490064785,2,1,0,2,0.6201674486090699,-0.7071067811865477,0.7071067811865474
111.96348547877588,0,1,1,1,1.5674887967028623,-0.25881904510252157,0.9659258262890681
71.28991445453437,2,0,0,2,0.9980588023634812,0.9659258262890683,-0.25881904510252063
83.86415829266309,0,0,1,1,1.1740982160972833,-0.4999999999999997,-0.8660254037844388
266.90316669888097,0,1,0,1,3.7366443337843336,0.9659258262890683,0.25881904510252074
304.03150887121376,2,0,0,2,4.256441124196993,1.0,6.123233995736766e-17
106.27934509935233,2,0,0,2,1.4879108313909326,-0.9659258262890684,0.2588190451025203
225.3018934520439,0,0,1,1,3.1542265083286147,-0.8660254037844385,-0.5000000000000004
351.41379114798383,0,1,1,1,4.919793076071773,0.7071067811865476,0.7071067811865476
220.67580519227766,2,0,1,2,3.0894612726918873,0.9659258262890683,-0.25881904510252063
135.91804375999595,2,0,1,2,1.9028526126399434,1.2246467991473532e-16,-1.0
175.81099389132152,0,1,0,1,2.4613539144785013,-0.25881904510252157,0.9659258262890681
152.66259610410003,0,0,0,1,2.1372763454574004,-0.2588190451025208,-0.9659258262890683
135.3884993605497,2,0,0,2,1.8954389910476956,-0.9659258262890683,-0.25881904510252063
281.2882345440727,2,1,0,2,3.9380352836170176,-0.5000000000000004,0.8660254037844384
665.3838809923811,2,0,0,2,9.315374333893336,-0.8660254037844385,-0.5000000000000004
116.134014957067,0,0,1,1,1.625876209398938,-0.9659258262890683,-0.25881904510252063
192.73432612094317,2,0,1,2,2.6982805656932043,-0.2588190451025208,-0.9659258262890683
240.6943709124583,1,1,0,0,3.3697211927744166,-0.25881904510252157,0.9659258262890681
126.27620181550715,2,0,0,2,1.7678668254171,0.49999999999999994,-0.8660254037844387
447.6824446342168,2,0,0,2,6.267554224879035,0.7071067811865476,-0.7071067811865475
176.75936719515886,0,0,0,1,2.474631140732224,1.2246467991473532e-16,-1.0
154.40934933183837,1,0,1,0,2.1617308906457375,-0.9659258262890684,0.2588190451025203
397.29647253759316,0,0,0,1,5.5621506155263045,-0.7071067811865471,-0.7071067811865479
197.06302449004593,2,0,0,2,2.758882342860643,-0.2588190451025208,-0.9659258262890683
102.24898740694755,0,1,0,1,1.4314858236972656,0.49999999999999994,0.8660254037844387
329.33621579897755,0,0,0,1,4.610707021185686,-0.9659258262890683,-0.25881904510252063
413.14178237148735,2,1,0,2,5.7839849532008225,0.9659258262890683,0.25881904510252074
287.9143801387105,2,0,0,2,4.030801321941947,-0.9659258262890684,0.2588190451025203
105.780335233681,2,1,0,2,1.480924693271534,0.49999999999999994,0.8660254037844387
332.1165974473138,2,0,0,2,4.649632364262393,-1.0,-1.8369701987210297e-16
177.6311259505378,1,1,0,0,2.4868357633075293,0.49999999999999994,0.8660254037844387
384.13363874088895,2,0,1,2,5.377870942372445,0.258819045102521,-0.9659258262890682
516.9865992741863,1,0,0,0,7.237812389838609,0.9659258262890683,-0.25881904510252063
219.00381602393588,2,1,0,2,3.0660534243351023,0.8660254037844386,0.5000000000000001
269.99214517521386,0,0,0,1,3.779890032452994,-0.8660254037844385,-0.5000000000000004
62.4321086505729,2,0,1,2,0.8740495211080206,0.7071067811865476,-0.7071067811865475
689.5219453593587,2,1,0,2,9.653307235031022,-0.8660254037844386,0.5000000000000001
165.7375839166857,2,0,0,2,2.3203261748335997,-0.8660254037844385,-0.5000000000000004
384.34718352856703,2,0,1,2,5.380860569399938,0.8660254037844387,-0.4999999999999998
243.64296527291876,0,0,1,1,3.411001513820863,1.2246467991473532e-16,-1.0
105.44477547056928,2,0,0,2,1.47622685658797,0.7071067811865476,-0.7071067811865475
84.03045150806318,0,0,0,1,1.1764263211128845,0.9659258262890683,-0.25881904510252063
535.4222511581365,2,0,0,2,7.495911516213911,1.0,6.123233995736766e-17
422.0688508320959,2,1,0,2,5.908963911649343,0.25881904510252074,0.9659258262890683
599.8451357279614,2,1,0,2,8.397831900191461,0.25881904510252074,0.9659258262890683
259.98160032838587,1,1,0,0,3.6397424045974023,0.7071067811865476,0.7071067811865476
301.82553182428006,0,0,0,1,4.225557445539921,0.8660254037844387,-0.4999999999999998
201.90551818204813,2,0,0,2,2.826677254548674,-0.2588190451025208,-0.9659258262890683
198.32520343929835,2,1,0,2,2.776552848150177,-0.25881904510252157,0.9659258262890681
62.46035215407372,2,0,0,2,0.8744449301570321,0.49999999999999994,-0.8660254037844387
265.1218343663832,1,1,0,0,3.711705681129365,-0.8660254037844386,0.5000000000000001
107.93561292048452,0,0,0,1,1.5110985808867832,1.0,6.123233995736766e-17
329.54360598955645,2,0,0,2,4.61361048385379,-1.0,-1.8369701987210297e-16
280.60183941643777,0,1,0,1,3.9284257518301287,0.7071067811865476,0.7071067811865476
301.78276786163,2,1,0,2,4.224958750062821,0.25881904510252074,0.9659258262890683
551.5233891442407,1,1,1,0,7.72132744801937,-0.5000000000000004,0.8660254037844384
243.2107690421936,2,1,0,2,3.4049507665907104,-0.7071067811865477,0.7071067811865474
386.21086051361704,0,1,0,1,5.406952047190638,-0.8660254037844386,0.5000000000000001
619.2717035354046,2,1,0,2,8.669803849495665,-0.5000000000000004,0.8660254037844384
485.19107247310853,0,0,0,1,6.792675014623519,-1.0,-1.8369701987210297e-16
457.57054572187207,0,1,1,1,6.4059876401062095,-0.8660254037844386,0.5000000000000001
194.79612120631,0,0,0,1,2.72714569688834,-0.9659258262890683,-0.25881904510252063
291.33575000220344,0,1,0,1,4.078700500030848,-0.8660254037844386,0.5000000000000001
12.710267434610472,0,0,0,1,0.1779437440845466,1.0,6.123233995736766e-17
339.80459217359464,2,0,0,2,4.757264290430324,0.49999999999999994,-0.8660254037844387
299.4028319704915,2,0,0,2,4.1916396475868805,0.7071067811865476,-0.7071067811865475
254.2093225281126,2,0,0,2,3.5589305153935764,0.49999999999999994,-0.8660254037844387
434.8950618837148,1,1,0,0,6.0885308663720075,-0.5000000000000004,0.8660254037844384
32.60053196360863,2,0,1,2,0.4564074474905208,0.8660254037844387,-0.4999999999999998
544.2753132088625,0,1,1,1,7.619854384924075,0.49999999999999994,0.8660254037844387
412.3176438292511,0,1,0,1,5.772447013609515,-0.25881904510252157,0.9659258262890681
237.28588366264466,2,1,0,2,3.3220023712770255,0.8660254037844386,0.5000000000000001
223.22867419286916,2,1,0,2,3.1252014387001683,-0.5000000000000004,0.8660254037844384
336.51001874474696,2,1,1,2,4.711140262426458,0.0,1.0
523.7532217714803,2,1,0,2,7.332545104800724,0.0,1.0
268.28938936420195,2,0,0,2,3.7560514510988274,-0.9659258262890684,0.2588190451025203
275.92556235626074,2,1,0,2,3.8629578729876504,0.8660254037844386,0.5000000000000001
253.26132597265683,0,0,1,1,3.545658563617196,-1.0,-1.8369701987210297e-16
570.764340286265,1,1,1,0,7.99070076400771,0.9659258262890683,0.25881904510252074
183.6010414713357,2,1,0,2,2.5704145805986998,0.49999999999999994,0.8660254037844387
244.68863224856716,2,1,1,2,3.4256408514799404,-0.8660254037844386,0.5000000000000001
513.418417766979,2,0,0,2,7.187857848737706,1.2246467991473532e-16,-1.0
276.4619500503154,0,0,0,1,3.8704673007044157,-0.8660254037844385,-0.5000000000000004
454.670594808194,0,1,0,1,6.365388327314716,0.49999999999999994,0.8660254037844387
85.96958975746747,2,1,1,2,1.2035742566045446,-0.5000000000000004,0.8660254037844384
213.04734610686745,2,1,1,2,2.982662845496144,0.49999999999999994,0.8660254037844387
517.1981269192411,0,1,0,1,7.240773776869375,-0.8660254037844386,0.5000000000000001
128.25885116256183,0,1,0,1,1.7956239162758656,-0.5000000000000004,0.8660254037844384
222.76617284145266,2,0,0,2,3.118726419780337,1.2246467991473532e-16,-1.0
296.20334156046613,0,1,1,1,4.146846781846526,0.25881904510252074,0.9659258262890683
71.9521867612624,2,1,0,2,1.0073306146576735,0.49999999999999994,0.8660254037844387
175.51417864805853,2,0,1,2,2.4571985010728197,-0.9659258262890684,0.2588190451025203
270.27460272861526,0,0,0,1,3.783844438200614,-0.7071067811865471,-0.7071067811865479
258.402712149153,0,1,1,1,3.6176379700881416,-0.8660254037844386,0.5000000000000001
480.46336375068444,2,0,0,2,6.726487092509582,0.258819045102521,-0.9659258262890682
527.4622950698056,1,0,1,0,7.384472130977278,0.8660254037844387,-0.4999999999999998
95.90472303983597,2,0,0,2,1.3426661225577037,-0.7071067811865471,-0.7071067811865479
270.0283334501481,0,1,0,1,3.7803966683020733,0.7071067811865476,0.7071067811865476
371.3646955164578,2,0,0,2,5.1991057372304095,-0.9659258262890684,0.2588190451025203
522.9425438438554,0,0,1,1,7.321195613813976,-0.9659258262890683,-0.25881904510252063
379.32825351708334,1,1,0,0,5.310595549239166,0.0,1.0
302.3644122866197,2,0,0,2,4.233101772012676,1.0,6.123233995736766e-17
369.97765575687356,1,0,0,0,5.17968718059623,-0.9659258262890684,0.2588190451025203
371.27839018052674,0,0,0,1,5.197897462527374,0.258819045102521,-0.9659258262890682
83.01142738881367,0,0,0,1,1.1621599834433913,0.9659258262890683,-0.25881904510252063
284.7037826511284,2,0,1,2,3.9858529571157972,0.9659258262890683,-0.25881904510252063
512.6489789539644,0,1,0,1,7.177085705355501,-0.25881904510252157,0.9659258262890681
212.67578163507915,0,1,1,1,2.977460942891108,-0.7071067811865477,0.7071067811865474
273.30039565853997,2,0,0,2,3.82620553921956,0.8660254037844387,-0.4999999999999998
206.34703908531606,1,0,0,0,2.888858547194425,-0.2588190451025208,-0.9659258262890683
166.4947092092375,2,0,0,2,2.330925928929325,-0.9659258262890684,0.2588190451025203
253.70623190224225,2,1,0,2,3.5518872466313915,0.8660254037844386,0.5000000000000001
304.3225475175171,2,0,1,2,4.260515665245239,-0.9659258262890684,0.2588190451025203
157.75118964143763,0,1,0,1,2.208516654980127,-0.8660254037844386,0.5000000000000001
42.16534920074895,0,1,0,1,0.5903148888104853,0.25881904510252074,0.9659258262890683
91.49083723930312,2,1,1,2,1.2808717213502436,-0.8660254037844386,0.5000000000000001
387.5537709044015,1,0,0,0,5.425752792661621,0.7071067811865476,-0.7071067811865475
605.0544591484429,2,1,0,2,8.470762428078201,-0.25881904510252157,0.9659258262890681
498.83800136297793,2,0,0,2,6.983732019081691,0.8660254037844387,-0.4999999999999998
8.017719130500666,2,0,0,2,0.11224806782700933,1.0,6.123233995736766e-17
403.83291589912653,0,1,0,1,5.653660822587772,-0.5000000000000004,0.8660254037844384
130.6307723543278,1,1,0,0,1.8288308129605892,-0.7071067811865477,0.7071067811865474
145.1919287484201,0,0,0,1,2.0326870024778816,-0.9659258262890683,-0.25881904510252063
166.84439236516886,0,0,1,1,2.335821493112364,0.258819045102521,-0.9659258262890682
377.09205097397745,2,0,0,2,5.279288713635684,0.49999999999999994,-0.8660254037844387
422.6656077608269,2,0,0,2,5.917318508651577,0.7071067811865476,-0.7071067811865475
232.35440716963816,2,0,1,2,3.2529617003749345,1.2246467991473532e-16,-1.0
235.40726661855555,2,0,0,2,3.295701732659778,0.8660254037844387,-0.4999999999999998
333.56747378244273,2,0,1,2,4.669944632954198,-0.7071067811865471,-0.7071067811865479
352.23901711436355,0,1,1,1,4.93134623960109,-0.8660254037844386,0.5000000000000001
461.72062721653526,2,1,0,2,6.464088781031493,-0.7071067811865477,0.7071067811865474
18.81304440834424,0,0,1,1,0.26338262171681937,-0.8660254037844385,-0.5000000000000004
253.6049211647254,2,1,0,2,3.5504688963061555,0.8660254037844386,0.5000000000000001
57.755612339588026,2,1,0,2,0.8085785727542324,0.9659258262890683,0.25881904510252074
240.83038976858745,0,0,1,1,3.3716254567602246,0.7071067811865476,-0.7071067811865475
209.28844821746304,2,0,1,2,2.9300382750444824,0.49999999999999994,-0.8660254037844387
241.58509829751358,0,1,1,1,3.3821913761651903,0.25881904510252074,0.9659258262890683
106.0462801401043,0,0,1,1,1.4846479219614603,1.0,6.123233995736766e-17
17.71216277733714,2,0,1,2,0.24797027888271997,-0.2588190451025208,-0.9659258262890683
126.99875480868252,1,1,0,0,1.7779825673215552,0.7071067811865476,0.7071067811865476
226.38757223232872,2,1,0,2,3.169426011252602,0.8660254037844386,0.5000000000000001
172.41980095007096,2,0,1,2,2.4138772133009936,-1.0,-1.8369701987210297e-16
128.33122033531112,0,1,0,1,1.7966370846943556,-0.8660254037844386,0.5000000000000001
488.05872330969896,2,0,1,2,6.832822126335786,-0.9659258262890684,0.2588190451025203
95.30112637684402,0,0,0,1,1.3342157692758165,0.7071067811865476,-0.7071067811865475
505.0301347849845,0,1,1,1,7.0704218869897835,0.9659258262890683,0.25881904510252074
542.2918739684662,1,1,1,0,7.592086235558527,0.25881904510252074,0.9659258262890683
101.1620840220886,2,1,0,2,1.4162691763092405,0.49999999999999994,0.8660254037844387
266.6286626198146,2,0,0,2,3.732801276677404,-0.4999999999999997,-0.8660254037844388
178.05463164952164,0,0,0,1,2.4927648430933034,0.7071067811865476,-0.7071067811865475
274.1247100491079,2,0,0,2,3.8377459406875105,-0.8660254037844385,-0.5000000000000004
10.035425552314564,2,0,1,2,0.1404959577324039,1.0,6.123233995736766e-17
389.4884992795254,2,1,0,2,5.452838989913356,0.25881904510252074,0.9659258262890683
613.4558654880276,2,0,0,2,8.588382116832387,1.0,6.123233995736766e-17
412.4820656858647,2,0,1,2,5.774748919602106,-0.4999999999999997,-0.8660254037844388
308.253845052336,0,1,0,1,4.3155538307327035,0.49999999999999994,0.8660254037844387
246.16017130640424,0,1,0,1,3.4462423982896593,0.8660254037844386,0.5000000000000001
552.8793246366605,2,1,0,2,7.740310544913247,-0.7071067811865477,0.7071067811865474
636.6830563523754,2,0,0,2,8.913562788933255,0.9659258262890683,-0.25881904510252063
144.3683176856465,2,1,0,2,2.021156447599051,0.7071067811865476,0.7071067811865476
109.99758085585239,0,0,0,1,1.5399661319819333,-0.9659258262890683,-0.25881904510252063
127.67374338881632,2,0,0,2,1.7874324074434285,-1.0,-1.8369701987210297e-16
487.93857858876436,0,0,0,1,6.831140100242701,0.9659258262890683,-0.25881904510252063
241.52946266061042,2,1,0,2,3.3814124772485457,-0.5000000000000004,0.8660254037844384
282.98354388256934,0,1,0,1,3.9617696143559704,0.9659258262890683,0.25881904510252074
72.31717873220839,2,1,0,2,1.0124405022509175,0.8660254037844386,0.5000000000000001
114.42599569807606,0,1,0,1,1.6019639397730647,0.8660254037844386,0.5000000000000001
196.8134534978592,2,0,0,2,2.755388348970029,-0.8660254037844385,-0.5000000000000004
287.4109090055327,0,1,0,1,4.023752726077458,0.9659258262890683,0.25881904510252074
178.25343299552338,2,0,1,2,2.4955480619373276,1.2246467991473532e-16,-1.0
63.281284305758334,0,0,0,1,0.8859379802806167,0.8660254037844387,-0.4999999999999998
108.77794133154586,0,1,0,1,1.522891178641642,-0.25881904510252157,0.9659258262890681
467.49819147050187,2,0,0,2,6.544974680587027,0.258819045102521,-0.9659258262890682
294.06123152862995,0,0,0,1,4.11685724140082,0.7071067811865476,-0.7071067811865475
360.1882252519993,0,1,0,1,5.04263515352799,0.0,1.0
88.20271404208066,2,0,1,2,1.2348379965891292,0.49999999999999994,-0.8660254037844387
281.68822737211235,2,1,0,2,3.943635183209573,0.9659258262890683,0.25881904510252074
155.84122476079065,2,1,1,2,2.181777146651069,0.49999999999999994,0.8660254037844387
94.01730020341063,0,1,0,1,1.3162422028477487,0.9659258262890683,0.25881904510252074
312.8222083530543,0,0,1,1,4.37951091694276,0.8660254037844387,-0.4999999999999998
841.4302684627315,2,1,0,2,11.78002375847824,-0.7071067811865477,0.7071067811865474
375.12988317128605,2,0,0,2,5.251818364398004,0.9659258262890683,-0.25881904510252063
742.4728286890279,0,0,0,1,10.39461960164639,-0.4999999999999997,-0.8660254037844388
352.37854516110076,1,1,0,0,4.933299632255411,-0.7071067811865477,0.7071067811865474
136.62047723691128,2,1,0,2,1.912686681316758,0.9659258262890683,0.25881904510252074
312.624894061759,1,1,0,0,4.376748516864626,-0.5000000000000004,0.8660254037844384
570.5149479059875,2,0,0,2,7.987209270683825,0.49999999999999994,-0.8660254037844387
579.321267337823,2,0,1,2,8.110497742729521,0.7071067811865476,-0.7071067811865475
146.43927375224575,0,0,1,1,2.0501498325314405,0.49999999999999994,-0.8660254037844387
295.5730652258738,2,1,1,2,4.138022913162232,0.7071067811865476,0.7071067811865476
7.268038340806129,2,0,0,2,0.1017525367712858,1.2246467991473532e-16,-1.0
398.44035244445735,2,0,1,2,5.578164934222403,0.9659258262890683,-0.25881904510252063
529.603845830061,0,0,0,1,7.414453841620854,-0.9659258262890684,0.2588190451025203
257.1639017408829,0,0,1,1,3.600294624372361,-0.4999999999999997,-0.8660254037844388
129.87087021517692,2,0,0,2,1.818192183012477,1.0,6.123233995736766e-17
314.82357122996126,2,1,0,2,4.407529997219458,0.0,1.0
325.1426256453699,2,0,0,2,4.551996759035179,0.8660254037844387,-0.4999999999999998
264.60588973293164,0,1,0,1,3.7044824562610428,-0.5000000000000004,0.8660254037844384
282.16872238047154,2,0,0,2,3.9503621133266016,0.9659258262890683,-0.25881904510252063
218.71332691551322,0,1,1,1,3.061986576817185,0.25881904510252074,0.9659258262890683
429.27188708075306,2,0,0,2,6.009806419130543,-0.2588190451025208,-0.9659258262890683
382.5209401297228,2,0,0,2,5.355293161816119,0.258819045102521,-0.9659258262890682
73.04143351405313,2,1,1,2,1.0225800691967437,-0.5000000000000004,0.8660254037844384
68.09369143145295,2,0,1,2,0.9533116800403414,-0.8660254037844385,-0.5000000000000004
204.21260493521885,1,0,0,0,2.8589764690930637,-1.0,-1.8369701987210297e-16
382.6306823389323,2,1,1,2,5.356829552745052,0.9659258262890683,0.25881904510252074
276.6503345003466,2,1,0,2,3.8731046830048528,-0.8660254037844386,0.5000000000000001
134.23292617792205,2,1,1,2,1.8792609664909088,0.8660254037844386,0.5000000000000001
297.07334741064943,2,1,0,2,4.159026863749092,0.9659258262890683,0.25881904510252074
190.45410648599105,2,1,0,2,2.6663574908038745,0.49999999999999994,0.8660254037844387
408.4875628403437,2,0,0,2,5.718825879764811,-0.7071067811865471,-0.7071067811865479
309.95051831206854,2,0,0,2,4.33930725636896,-0.9659258262890683,-0.25881904510252063
193.24992625861412,0,0,0,1,2.705498967620598,-0.2588190451025208,-0.9659258262890683
291.67337896836307,2,0,0,2,4.083427305557083,-0.4999999999999997,-0.8660254037844388
486.7086507143563,2,1,0,2,6.8139211100009875,0.7071067811865476,0.7071067811865476
147.46658622165205,1,0,0,0,2.0645322071031287,0.49999999999999994,-0.8660254037844387
322.478256696489,2,1,0,2,4.5146955937508455,0.8660254037844386,0.5000000000000001
237.31713871612075,2,0,0,2,3.3224399420256905,0.8660254037844387,-0.4999999999999998
326.8570630951779,2,1,0,2,4.575998883332491,0.8660254037844386,0.5000000000000001
132.17831051276852,2,0,1,2,1.8504963471787592,1.0,6.123233995736766e-17
269.86037796868766,0,0,1,1,3.778045291561627,-0.9659258262890683,-0.25881904510252063
449.40819083502413,2,0,0,2,6.291714671690338,-0.9659258262890683,-0.25881904510252063
81.33874337570066,0,0,1,1,1.1387424072598091,-0.9659258262890684,0.2588190451025203
10.707081401485283,2,1,0,2,0.14989913962079396,-0.25881904510252157,0.9659258262890681
17.537998392346424,2,1,0,2,0.24553197749284994,0.25881904510252074,0.9659258262890683
39.28074456396598,0,1,1,1,0.5499304238955237,-0.5000000000000004,0.8660254037844384
357.1581918206796,2,0,0,2,5.000214685489515,1.2246467991473532e-16,-1.0
5.0,0,0,0,1,0.07,1.2246467991473532e-16,-1.0
196.37883794616448,2,0,0,2,2.749303731246303,-0.8660254037844385,-0.5000000000000004
361.29207459592743,0,1,0,1,5.058089044342984,-0.7071067811865477,0.7071067811865474
324.99863089874685,2,0,0,2,4.549980832582456,-0.8660254037844385,-0.5000000000000004
180.59938360675267,0,1,0,1,2.5283913704945373,0.9659258262890683,0.25881904510252074
284.3662717159191,2,0,1,2,3.9811278040228673,-0.2588190451025208,-0.9659258262890683
269.2861593527623,0,1,0,1,3.770006230938672,-0.8660254037844386,0.5000000000000001
209.63662800132647,2,0,0,2,2.9349127920185705,-0.2588190451025208,-0.9659258262890683
212.04975064217555,0,0,1,1,2.968696508990458,0.258819045102521,-0.9659258262890682
652.376938256253,2,1,1,2,9.13327713558754,0.8660254037844386,0.5000000000000001
395.67596270763414,1,1,0,0,5.539463477906878,0.8660254037844386,0.5000000000000001
696.5171651521857,2,1,1,2,9.7512403121306,0.7071067811865476,0.7071067811865476
160.54663607430976,2,1,0,2,2.2476529050403364,-0.5000000000000004,0.8660254037844384
234.70601256013347,2,0,0,2,3.2858841758418684,1.2246467991473532e-16,-1.0
10.217362250203479,2,1,0,2,0.1430430715028487,0.7071067811865476,0.7071067811865476
104.27797562387698,2,0,0,2,1.4598916587342778,-0.9659258262890683,-0.25881904510252063
592.3443667592502,1,0,0,0,8.292821134629502,-0.7071067811865471,-0.7071067811865479
156.03382782848385,1,0,1,0,2.184473589598774,-0.9659258262890683,-0.25881904510252063
595.4706340260027,2,1,1,2,8.336588876364038,0.25881904510252074,0.9659258262890683
26.19479307761972,1,1,0,0,0.3667271030866761,-0.5000000000000004,0.8660254037844384
60.37557386681016,2,1,0,2,0.8452580341353422,0.7071067811865476,0.7071067811865476
188.5783802157842,2,0,1,2,2.6400973230209788,-0.9659258262890684,0.2588190451025203
238.525014097748,0,0,0,1,3.339350197368472,-0.8660254037844385,-0.5000000000000004
416.15571264102334,0,0,0,1,5.826179976974327,-0.9659258262890684,0.2588190451025203
331.13867509352787,1,1,0,0,4.63594145130939,0.9659258262890683,0.25881904510252074
175.063253678075,2,0,0,2,2.4508855514930503,-0.9659258262890683,-0.25881904510252063
226.00315482674088,0,0,1,1,3.1640441675743722,-0.9659258262890684,0.2588190451025203
192.568674438754,2,0,1,2,2.695961442142556,1.0,6.123233995736766e-17
85.36232764136864,2,0,0,2,1.195072586979161,1.2246467991473532e-16,-1.0
90.16667141170811,2,0,1,2,1.2623333997639137,0.8660254037844387,-0.4999999999999998
435.0191004580137,1,1,0,0,6.090267406412192,0.25881904510252074,0.9659258262890683
79.06968702688516,0,0,0,1,1.1069756183763924,0.9659258262890683,-0.25881904510252063
541.1245655401099,0,0,0,1,7.575743917561538,-0.2588190451025208,-0.9659258262890683
188.26103939159825,2,1,1,2,2.6356545514823755,-0.7071067811865477,0.7071067811865474
110.94845084941119,2,1,1,2,1.5532783118917566,-0.25881904510252157,0.9659258262890681
383.15667232550845,2,0,0,2,5.3641934125571185,-0.9659258262890683,-0.25881904510252063
517.338985146481,2,1,0,2,7.2427457920507345,0.0,1.0
451.17383948871236,2,1,0,2,6.316433752841973,-0.5000000000000004,0.8660254037844384
340.3333688847803,0,0,0,1,4.764667164386925,0.8660254037844387,-0.4999999999999998
445.6354281499305,2,0,0,2,6.2388959940990265,0.8660254037844387,-0.4999999999999998
58.969563885895866,2,1,0,2,0.8255738944025421,0.25881904510252074,0.9659258262890683
156.07050253213333,2,0,0,2,2.1849870354498666,-0.7071067811865471,-0.7071067811865479
85.98938919552796,2,1,0,2,1.2038514487373915,0.7071067811865476,0.7071067811865476
470.43497161873154,2,0,0,2,6.586089602662241,1.2246467991473532e-16,-1.0
180.9739565937004,1,0,1,0,2.5336353923118056,-0.8660254037844385,-0.5000000000000004
402.17318022076995,0,0,1,1,5.630424523090779,0.49999999999999994,-0.8660254037844387
346.45424964795484,0,1,0,1,4.850359495071368,-0.5000000000000004,0.8660254037844384
94.78475149053742,2,1,1,2,1.3269865208675238,0.25881904510252074,0.9659258262890683
144.34752220426878,2,1,1,2,2.020865310859763,0.7071067811865476,0.7071067811865476
482.88718434665066,2,0,0,2,6.7604205808531095,0.258819045102521,-0.9659258262890682
110.41312323680557,0,1,0,1,1.545783725315278,0.25881904510252074,0.9659258262890683
272.4761698351862,0,1,0,1,3.814666377692607,0.0,1.0
109.1425684612399,2,1,0,2,1.5279959584573588,-0.5000000000000004,0.8660254037844384
193.48860635514507,2,1,1,2,2.708840488972031,0.9659258262890683,0.25881904510252074
241.69085008540506,2,0,1,2,3.3836719011956706,-0.7071067811865471,-0.7071067811865479
109.08402814645157,0,1,0,1,1.527176394050322,0.25881904510252074,0.9659258262890683
77.11954828290132,1,0,0,0,1.0796736759606185,-0.2588190451025208,-0.9659258262890683
301.5292006199396,0,0,0,1,4.221408808679154,-0.9659258262890684,0.2588190451025203
97.94726641758828,2,0,0,2,1.371261729846236,0.258819045102521,-0.9659258262890682
104.08163997423893,2,0,0,2,1.457142959639345,-1.0,-1.8369701987210297e-16
80.97043413364528,2,1,1,2,1.1335860778710338,0.49999999999999994,0.8660254037844387
235.97655166036267,2,0,0,2,3.303671723245077,-1.0,-1.8369701987210297e-16
419.8662941919714,2,0,0,2,5.8781281186875995,0.49999999999999994,-0.8660254037844387
521.1751545362081,0,1,0,1,7.296452163506913,0.7071067811865476,0.7071067811865476
119.33474452111986,0,0,1,1,1.670686423295678,-0.8660254037844385,-0.5000000000000004
637.0559427996179,2,0,1,2,8.918783199194651,-0.8660254037844385,-0.5000000000000004
69.15312507277673,0,0,0,1,0.9681437510188743,1.0,6.123233995736766e-17
445.0387341990165,2,1,1,2,6.230542278786232,0.8660254037844386,0.5000000000000001
120.09463827722033,2,0,0,2,1.6813249358810844,-1.0,-1.8369701987210297e-16
93.23381142339815,2,1,1,2,1.305273359927574,-0.8660254037844386,0.5000000000000001
115.94389177881004,2,0,1,2,1.6232144849033407,-1.0,-1.8369701987210297e-16
240.55941406315856,2,0,1,2,3.3678317968842197,0.8660254037844387,-0.4999999999999998
354.39499078604985,2,0,0,2,4.961529871004698,-0.8660254037844385,-0.5000000000000004
370.576246822868,2,0,0,2,5.188067455520152,0.8660254037844387,-0.4999999999999998
80.0826972373801,1,0,0,0,1.1211577613233215,-0.2588190451025208,-0.9659258262890683
71.86132824797164,2,1,0,2,1.006058595471603,0.8660254037844386,0.5000000000000001
85.00503519456151,2,1,0,2,1.1900704927238612,-0.7071067811865477,0.7071067811865474
229.95620757060797,2,1,0,2,3.2193869059885114,0.25881904510252074,0.9659258262890683
212.17199124564257,0,1,0,1,2.970407877438996,-0.25881904510252157,0.9659258262890681
78.9684168274369,2,0,0,2,1.1055578355841167,-0.4999999999999997,-0.8660254037844388
298.52866493138396,0,0,0,1,4.179401309039376,-0.7071067811865471,-0.7071067811865479
657.2623855003573,2,0,0,2,9.201673397005,-1.0,-1.8369701987210297e-16
159.15121686967274,2,1,0,2,2.2281170361754183,0.0,1.0
171.96787218336397,0,1,0,1,2.407550210567096,-0.5000000000000004,0.8660254037844384
350.73908265838634,2,0,0,2,4.910347157217409,0.258819045102521,-0.9659258262890682
149.4130674873769,2,0,0,2,2.0917829448232768,-1.0,-1.8369701987210297e-16
370.4136067092728,2,0,0,2,5.18579049392982,-0.9659258262890684,0.2588190451025203
120.66231277977275,0,0,1,1,1.6892723789168185,-0.4999999999999997,-0.8660254037844388
579.7815293639142,2,1,0,2,8.116941411094798,0.8660254037844386,0.5000000000000001
312.059495066613,2,1,0,2,4.368832930932582,0.0,1.0
138.39586916619191,1,0,0,0,1.937542168326687,0.49999999999999994,-0.8660254037844387
144.03549409553068,2,0,0,2,2.0164969173374296,0.8660254037844387,-0.4999999999999998
157.51604451255372,0,0,0,1,2.205224623175752,1.0,6.123233995736766e-17
497.09493992479725,0,1,0,1,6.959329158947161,0.25881904510252074,0.9659258262890683
21.62481863176899,2,0,1,2,0.30274746084476584,-0.8660254037844385,-0.5000000000000004
129.77049931728914,2,0,1,2,1.816786990442048,-0.7071067811865471,-0.7071067811865479
148.9010997534233,2,0,0,2,2.084615396547926,-0.7071067811865471,-0.7071067811865479
247.17616598375116,0,0,0,1,3.460466323772516,-0.2588190451025208,-0.9659258262890683
201.20025532357698,0,1,1,1,2.8168035745300775,0.25881904510252074,0.9659258262890683
18.42100965028328,0,0,1,1,0.2578941351039659,-1.0,-1.8369701987210297e-16
178.03191695281583,1,1,0,0,2.4924468373394215,0.49999999999999994,0.8660254037844387
232.08087702670568,0,0,0,1,3.24913227837388,0.9659258262890683,-0.25881904510252063
136.942389685639,2,1,0,2,1.917193455598946,-0.8660254037844386,0.5000000000000001
373.61958802857964,2,0,1,2,5.230674232400116,-1.0,-1.8369701987210297e-16
415.4935171756565,0,0,0,1,5.816909240459191,-0.7071067811865471,-0.7071067811865479
235.89039404870928,2,1,1,2,3.30246551668193,-0.7071067811865477,0.7071067811865474
291.4974856331313,2,1,0,2,4.080964798863838,0.7071067811865476,0.7071067811865476
138.99007952286877,0,0,1,1,1.9458611133201626,0.9659258262890683,-0.25881904510252063
174.2015010108703,2,1,0,2,2.438821014152184,0.0,1.0
430.8679045164243,1,1,1,0,6.03215066322994,0.7071067811865476,0.7071067811865476
173.78141502773002,0,0,0,1,2.4329398103882203,1.0,6.123233995736766e-17
117.29289824944703,2,1,0,2,1.6421005754922584,0.0,1.0
659.9840066855676,1,1,1,0,9.239776093597946,-0.25881904510252157,0.9659258262890681
577.4338942352449,2,0,1,2,8.084074519293429,-0.9659258262890683,-0.25881904510252063
334.16348424678824,2,1,0,2,4.678288779455035,0.7071067811865476,0.7071067811865476
455.0039100664086,2,0,0,2,6.370054740929721,-0.9659258262890684,0.2588190451025203
150.66837523245397,2,0,1,2,2.109357253254356,-0.2588190451025208,-0.9659258262890683
108.24074068683282,2,0,0,2,1.5153703696156595,0.9659258262890683,-0.25881904510252063
165.40758282883274,2,0,0,2,2.3157061596036583,-0.9659258262890683,-0.25881904510252063
207.52358220394967,2,0,1,2,2.9053301508552956,1.0,6.123233995736766e-17
161.81007622468675,2,1,1,2,2.2653410671456147,0.49999999999999994,0.8660254037844387
209.00473247294235,0,1,0,1,2.926066254621193,-0.8660254037844386,0.5000000000000001
319.48443136754076,0,0,0,1,4.472782039145571,-0.2588190451025208,-0.9659258262890683
347.8577430905092,2,0,1,2,4.8700084032671285,0.258819045102521,-0.9659258262890682
538.3417824861966,2,0,0,2,7.536784954806753,-0.4999999999999997,-0.8660254037844388
108.10433234050657,2,0,1,2,1.5134606527670922,0.9659258262890683,-0.25881904510252063
93.37063159961761,2,1,0,2,1.3071888423946465,0.8660254037844386,0.5000000000000001
232.3972074736044,0,0,1,1,3.253560904630462,-0.8660254037844385,-0.5000000000000004
197.1579694136405,0,0,0,1,2.760211571790967,0.7071067811865476,-0.7071067811865475
412.20012059119085,2,0,0,2,5.770801688276672,0.49999999999999994,-0.8660254037844387
139.8817848053105,2,1,0,2,1.958344987274347,-0.5000000000000004,0.8660254037844384
635.8200673378567,2,0,0,2,8.901480942729993,-0.7071067811865471,-0.7071067811865479
203.81292955788575,0,0,0,1,2.8533810138104005,-0.7071067811865471,-0.7071067811865479
276.45861117194,2,1,0,2,3.87042055640716,0.7071067811865476,0.7071067811865476
5.0,1,1,0,0,0.07,-0.5000000000000004,0.8660254037844384
301.6996621315503,0,1,0,1,4.2237952698417045,0.8660254037844386,0.5000000000000001
106.27756307348517,2,0,1,2,1.4878858830287922,0.7071067811865476,-0.7071067811865475
374.8656319023661,0,0,0,1,5.248118846633125,-0.2588190451025208,-0.9659258262890683
380.3970717223742,1,0,1,0,5.325559004113239,0.8660254037844387,-0.4999999999999998
494.6724563805718,0,0,0,1,6.925414389328005,-0.9659258262890683,-0.25881904510252063
66.40563062181604,2,0,0,2,0.9296788287054246,-0.9659258262890684,0.2588190451025203
278.90118129353544,2,1,1,2,3.904616538109496,0.9659258262890683,0.25881904510252074
351.4869806895707,0,0,1,1,4.92081772965399,0.49999999999999994,-0.8660254037844387
329.6106948994558,0,1,0,1,4.614549728592381,-0.8660254037844386,0.5000000000000001
94.24613047572677,0,0,0,1,1.3194458266601747,-0.8660254037844385,-0.5000000000000004
180.55674012010525,0,0,0,1,2.5277943616814738,0.8660254037844387,-0.4999999999999998
312.4528534392066,0,1,0,1,4.374339948148893,0.49999999999999994,0.8660254037844387
222.5500579042145,1,0,1,0,3.115700810659003,-0.7071067811865471,-0.7071067811865479
147.99929326694075,2,0,0,2,2.0719901057371706,-0.9659258262890684,0.2588190451025203
387.51016546878395,2,1,0,2,5.425142316562975,0.7071067811865476,0.7071067811865476
241.91448313220204,0,1,0,1,3.3868027638508282,-0.25881904510252157,0.9659258262890681
12.544890501796118,0,1,0,1,0.17562846702514565,-0.7071067811865477,0.7071067811865474
97.6614120373199,0,0,0,1,1.3672597685224788,-0.4999999999999997,-0.8660254037844388
46.78661227603024,2,1,1,2,0.6550125718644233,0.25881904510252074,0.9659258262890683
680.7422130580217,0,0,1,1,9.530390982812303,-0.9659258262890684,0.2588190451025203
380.0998193078991,0,0,0,1,5.321397470310588,-0.8660254037844385,-0.5000000000000004
283.95022155550214,2,0,0,2,3.97530310177703,-1.0,-1.8369701987210297e-16
217.30103310655514,2,0,0,2,3.0422144634917716,-0.9659258262890684,0.2588190451025203
205.46927080946156,2,0,0,2,2.876569791332462,-0.7071067811865471,-0.7071067811865479
460.09527700463707,2,1,0,2,6.441333878064919,-0.25881904510252157,0.9659258262890681
161.69276645738233,2,0,1,2,2.2636987304033527,-1.0,-1.8369701987210297e-16
353.8456739231727,2,1,0,2,4.953839434924417,-0.8660254037844386,0.5000000000000001
187.28296894751307,2,0,1,2,2.621961565265183,-0.8660254037844385,-0.5000000000000004
599.2281937303112,0,1,1,1,8.389194712224356,0.7071067811865476,0.7071067811865476
383.61193136409463,0,0,1,1,5.370567039097325,-0.9659258262890683,-0.25881904510252063
474.2002266430526,0,1,0,1,6.638803173002736,0.7071067811865476,0.7071067811865476
144.80624055611702,2,1,1,2,2.0272873677856382,-0.8660254037844386,0.5000000000000001
440.4645002621359,2,1,0,2,6.166503003669903,0.49999999999999994,0.8660254037844387
193.73606342895567,0,1,0,1,2.7123048880053795,-0.7071067811865477,0.7071067811865474
269.8062683079129,2,0,1,2,3.7772877563107805,-0.9659258262890683,-0.25881904510252063
544.3085807115025,1,1,0,0,7.620320129961034,-0.8660254037844386,0.5000000000000001
62.30048978384457,0,0,0,1,0.8722068569738239,-0.9659258262890684,0.2588190451025203
286.58459163497207,2,1,0,2,4.012184282889609,0.8660254037844386,0.5000000000000001
328.8409465333708,1,0,1,0,4.603773251467191,0.8660254037844387,-0.4999999999999998
343.60078854414576,2,1,1,2,4.810411039618041,-0.7071067811865477,0.7071067811865474
168.85879124317623,2,1,0,2,2.3640230774044673,-0.5000000000000004,0.8660254037844384
625.5275381454546,0,1,1,1,8.757385534036365,-0.25881904510252157,0.9659258262890681
16.91226063875314,2,0,1,2,0.23677164894254396,-0.4999999999999997,-0.8660254037844388
512.5993699538444,1,0,0,0,7.176391179353822,0.8660254037844387,-0.4999999999999998
468.71180900649495,2,0,1,2,6.561965326090929,-0.2588190451025208,-0.9659258262890683
592.1599821286633,2,1,0,2,8.290239749801286,-0.8660254037844386,0.5000000000000001
35.88087776740764,0,1,0,1,0.502332288743707,-0.25881904510252157,0.9659258262890681
93.61033217985215,0,1,0,1,1.3105446505179301,0.25881904510252074,0.9659258262890683
518.5497506490954,2,0,0,2,7.259696509087335,-0.9659258262890683,-0.25881904510252063
87.86704783345562,2,0,0,2,1.2301386696683785,1.2246467991473532e-16,-1.0
39.1626021872745,0,1,0,1,0.5482764306218431,-0.8660254037844386,0.5000000000000001
162.10459839193146,2,0,0,2,2.2694643774870404,-0.7071067811865471,-0.7071067811865479
284.55888195200816,0,1,1,1,3.9838243473281145,0.9659258262890683,0.25881904510252074
536.6005132567795,0,0,0,1,7.512407185594913,-0.7071067811865471,-0.7071067811865479
216.65213531253553,0,1,0,1,3.0331298943754974,0.7071067811865476,0.7071067811865476
140.5169533483829,0,1,0,1,1.9672373468773607,-0.25881904510252157,0.9659258262890681
306.0501887853569,2,0,0,2,4.284702642994996,0.7071067811865476,-0.7071067811865475
334.52736699299214,0,0,0,1,4.68338313790189,-1.0,-1.8369701987210297e-16
329.42316799064884,0,0,1,1,4.611924351869083,0.49999999999999994,-0.8660254037844387
217.96248256875788,2,1,1,2,3.05147475596261,0.8660254037844386,0.5000000000000001
101.91550050526695,1,0,1,0,1.4268170070737374,-0.9659258262890683,-0.25881904510252063
84.82912196086022,2,1,1,2,1.187607707452043,0.49999999999999994,0.8660254037844387
505.6487953481432,2,0,0,2,7.079083134874005,0.9659258262890683,-0.25881904510252063
283.67240883578796,2,0,0,2,3.971413723701031,0.49999999999999994,-0.8660254037844387
191.94601856072978,1,1,0,0,2.687244259850217,-0.8660254037844386,0.5000000000000001
451.27033870731543,2,0,0,2,6.3177847419024165,-1.0,-1.8369701987210297e-16
46.57900617358928,0,1,0,1,0.6521060864302499,-0.8660254037844386,0.5000000000000001
209.43733593165862,0,1,0,1,2.9321227030432206,0.49999999999999994,0.8660254037844387
274.7965129313267,2,0,0,2,3.8471511810385737,0.258819045102521,-0.9659258262890682
170.55204940696674,2,0,0,2,2.3877286916975344,-0.4999999999999997,-0.8660254037844388
268.1373081222878,0,1,1,1,3.753922313712029,-0.5000000000000004,0.8660254037844384
216.21509234408225,2,1,0,2,3.0270112928171518,-0.25881904510252157,0.9659258262890681
5.0,0,0,0,1,0.07,-0.7071067811865471,-0.7071067811865479
282.6660187382301,2,1,0,2,3.9573242623352214,0.8660254037844386,0.5000000000000001
10.896677527683835,2,0,0,2,0.15255348538757368,-1.0,-1.8369701987210297e-16
279.81072251741,0,1,1,1,3.91735011524374,0.9659258262890683,0.25881904510252074
497.3444483470197,2,0,1,2,6.962822276858275,0.258819045102521,-0.9659258262890682
199.4158244903102,2,0,1,2,2.791821542864343,-1.0,-1.8369701987210297e-16
39.133036605222486,2,0,0,2,0.5478625124731148,0.8660254037844387,-0.4999999999999998
227.1421936231035,2,0,0,2,3.179990710723449,-0.9659258262890683,-0.25881904510252063
100.24520054586435,2,1,1,2,1.403432807642101,0.49999999999999994,0.8660254037844387
357.0116204736645,0,1,1,1,4.998162686631303,-0.5000000000000004,0.8660254037844384
223.36202544588636,2,0,0,2,3.1270683562424093,-0.2588190451025208,-0.9659258262890683
557.7573852996231,2,1,0,2,7.808603394194725,-0.25881904510252157,0.9659258262890681
459.3381272219209,0,1,0,1,6.430733781106893,-0.8660254037844386,0.5000000000000001
222.4455091933475,2,1,1,2,3.114237128706865,0.8660254037844386,0.5000000000000001
378.8096322351563,2,1,0,2,5.303334851292188,0.8660254037844386,0.5000000000000001
179.21744635068782,1,1,0,0,2.5090442489096296,0.7071067811865476,0.7071067811865476
256.1122393297303,0,1,0,1,3.5855713506162243,-0.7071067811865477,0.7071067811865474
184.94184465694377,0,0,0,1,2.5891858251972124,-0.7071067811865471,-0.7071067811865479
387.9620727729476,0,0,0,1,5.431469018821266,1.2246467991473532e-16,-1.0
507.93788980772405,2,0,0,2,7.111130457308137,0.9659258262890683,-0.25881904510252063
393.7566772944058,0,1,1,1,5.512593482121681,-0.25881904510252157,0.9659258262890681
415.94858823136406,2,1,0,2,5.823280235239097,-0.8660254037844386,0.5000000000000001
416.14601870243126,2,0,0,2,5.826044261834038,-0.7071067811865471,-0.7071067811865479
349.2260660202478,2,1,0,2,4.889164924283469,0.25881904510252074,0.9659258262890683
44.92849134215177,2,0,1,2,0.6289988787901247,0.9659258262890683,-0.25881904510252063
556.1748734949699,2,1,0,2,7.786448228929579,0.49999999999999994,0.8660254037844387
574.7939488057165,1,1,0,0,8.04711528328003,-0.5000000000000004,0.8660254037844384
207.9016714035937,2,0,1,2,2.9106233996503117,0.8660254037844387,-0.4999999999999998
183.27437526108724,2,0,0,2,2.5658412536552215,0.49999999999999994,-0.8660254037844387
360.2340975247675,2,1,0,2,5.043277365346745,-0.8660254037844386,0.5000000000000001
349.1463103330309,2,1,1,2,4.888048344662433,-0.25881904510252157,0.9659258262890681
213.64970762445662,0,0,0,1,2.991095906742393,-0.9659258262890684,0.2588190451025203
24.995381994231252,2,1,0,2,0.3499353479192375,0.0,1.0
305.0262143349599,2,1,0,2,4.270367000689438,0.0,1.0
349.25857687159817,2,1,0,2,4.889620076202375,-0.7071067811865477,0.7071067811865474
380.6478066469835,0,0,0,1,5.329069293057769,0.9659258262890683,-0.25881904510252063
312.8726990237574,2,0,0,2,4.3802177863326035,-0.7071067811865471,-0.7071067811865479
201.1992732948563,2,0,1,2,2.8167898261279882,0.7071067811865476,-0.7071067811865475
428.9203671111301,2,1,0,2,6.004885139555821,0.25881904510252074,0.9659258262890683
261.8527295618653,2,0,0,2,3.6659382138661143,-0.7071067811865471,-0.7071067811865479
166.3138574143503,2,1,0,2,2.328394003800904,0.7071067811865476,0.7071067811865476
217.4823912317702,0,0,0,1,3.044753477244783,-1.0,-1.8369701987210297e-16
64.27442584549675,0,0,0,1,0.8998419618369545,0.8660254037844387,-0.4999999999999998
217.196471647863,0,1,1,1,3.040750603070082,0.49999999999999994,0.8660254037844387
373.9185735774403,2,0,0,2,5.234860030084165,0.49999999999999994,-0.8660254037844387
311.1609439850614,2,0,0,2,4.35625321579086,0.9659258262890683,-0.25881904510252063
523.7195511366135,2,0,0,2,7.332073715912589,1.0,6.123233995736766e-17
202.66451547717324,1,1,0,0,2.8373032166804255,0.0,1.0
337.7163693495969,0,0,1,1,4.728029170894357,0.9659258262890683,-0.25881904510252063
392.6932317350389,0,1,0,1,5.497705244290545,-0.25881904510252157,0.9659258262890681
671.7142614917334,2,0,0,2,9.403999660884267,-0.8660254037844385,-0.5000000000000004
276.0577884011753,2,0,0,2,3.864809037616454,0.49999999999999994,-0.8660254037844387
62.04630780447579,2,0,1,2,0.8686483092626611,1.0,6.123233995736766e-17
402.6271756039507,0,0,0,1,5.636780458455311,0.8660254037844387,-0.4999999999999998
585.8309240743222,1,0,0,0,8.201632937040511,-0.2588190451025208,-0.9659258262890683
191.94123215920814,1,1,0,0,2.687177250228914,0.8660254037844386,0.5000000000000001
401.3946769491548,2,0,0,2,5.6195254772881675,-0.9659258262890683,-0.25881904510252063
471.17104994120564,2,1,0,2,6.596394699176879,-0.25881904510252157,0.9659258262890681
433.0717979146276,1,1,1,0,6.063005170804787,-0.5000000000000004,0.8660254037844384
272.60053404524405,0,0,0,1,3.8164074766334166,1.2246467991473532e-16,-1.0
124.27472352163369,2,1,0,2,1.7398461293028717,0.8660254037844386,0.5000000000000001
235.36968135755455,2,0,0,2,3.295175539005764,0.9659258262890683,-0.25881904510252063
332.54808169797354,2,0,1,2,4.655673143771629,-0.4999999999999997,-0.8660254037844388
413.4800543365112,2,1,0,2,5.788720760711157,-0.7071067811865477,0.7071067811865474
310.1101086398271,2,1,0,2,4.34154152095758,0.7071067811865476,0.7071067811865476
181.61656602269613,0,1,1,1,2.542631924317746,0.0,1.0
349.96833810695836,2,1,1,2,4.899556733497417,0.9659258262890683,0.25881904510252074
404.81531219370765,2,1,0,2,5.667414370711907,-0.25881904510252157,0.9659258262890681
318.3298101546065,2,0,0,2,4.456617342164491,-1.0,-1.8369701987210297e-16
99.48631938310152,0,0,0,1,1.3928084713634212,0.258819045102521,-0.9659258262890682
217.3469137509058,0,0,0,1,3.0428567925126813,1.0,6.123233995736766e-17
420.607739754244,2,0,0,2,5.888508356559416,1.2246467991473532e-16,-1.0
5.0,1,0,0,0,0.07,1.0,6.123233995736766e-17
126.77204403040867,1,0,1,0,1.7748086164257213,0.8660254037844387,-0.4999999999999998
521.4549130259237,2,1,1,2,7.3003687823629315,0.0,1.0
342.05474590393834,2,1,0,2,4.788766442655136,-0.8660254037844386,0.5000000000000001
359.21140045361915,0,1,0,1,5.028959606350668,-0.25881904510252157,0.9659258262890681
56.17294474712992,0,0,0,1,0.7864212264598188,1.2246467991473532e-16,-1.0
382.75505142397685,1,0,0,0,5.358570719935676,-1.0,-1.8369701987210297e-16
299.5447637623056,0,1,0,1,4.193626692672279,-0.8660254037844386,0.5000000000000001
35.1789640127115,0,1,1,1,0.492505496177961,0.0,1.0
506.37101456929435,2,0,0,2,7.089194203970121,-0.9659258262890684,0.2588190451025203
278.5629982513712,2,1,0,2,3.8998819755191967,-0.8660254037844386,0.5000000000000001
178.70488610573162,2,0,0,2,2.5018684054802423,-1.0,-1.8369701987210297e-16
181.96184572266083,2,0,0,2,2.5474658401172516,-0.9659258262890683,-0.25881904510252063
112.73994297782781,0,1,0,1,1.5783592016895893,-0.5000000000000004,0.8660254037844384
356.80058793364543,0,1,0,1,4.995208231071036,0.8660254037844386,0.5000000000000001
297.1342973042306,0,1,0,1,4.1598801622592285,0.49999999999999994,0.8660254037844387
215.0655761800429,2,1,0,2,3.010918066520601,0.25881904510252074,0.9659258262890683
480.127337341301,0,1,0,1,6.721782722778213,-0.7071067811865477,0.7071067811865474
5.0,2,0,0,2,0.07,0.7071067811865476,-0.7071067811865475
142.58095425382925,2,1,1,2,1.9961333595536093,0.9659258262890683,0.25881904510252074
96.99851414313054,0,0,0,1,1.3579791980038276,-1.0,-1.8369701987210297e-16
199.81690364112046,0,0,0,1,2.7974366509756865,-0.8660254037844385,-0.5000000000000004
262.1446045463001,1,0,1,0,3.670024463648202,-1.0,-1.8369701987210297e-16
327.4024342860439,2,0,0,2,4.5836340800046145,1.2246467991473532e-16,-1.0
187.5447784410789,2,0,0,2,2.6256268981751045,-0.8660254037844385,-0.5000000000000004
92.07596767211913,2,1,0,2,1.2890635474096679,-0.5000000000000004,0.8660254037844384
553.48125095868,2,0,0,2,7.74873751342152,-0.9659258262890683,-0.25881904510252063
684.0952345219423,0,0,1,1,9.577333283307192,0.49999999999999994,-0.8660254037844387
275.79160093876453,0,0,0,1,3.8610824131427033,-0.9659258262890684,0.2588190451025203
113.77953393624392,0,0,1,1,1.5929134751074148,-0.9659258262890684,0.2588190451025203
515.5817435876129,2,0,0,2,7.21814441022658,1.2246467991473532e-16,-1.0
10.41627913912373,0,1,0,1,0.14582790794773223,-0.25881904510252157,0.9659258262890681
189.74080155313104,2,0,0,2,2.656371221743835,0.49999999999999994,-0.8660254037844387
124.69893075766568,0,0,0,1,1.7457850306073195,-0.9659258262890684,0.2588190451025203
41.28360091891204,2,0,0,2,0.5779704128647686,-1.0,-1.8369701987210297e-16
199.59563807408148,2,0,0,2,2.7943389330371406,0.7071067811865476,-0.7071067811865475
94.44902574868632,2,1,1,2,1.3222863604816084,0.49999999999999994,0.8660254037844387
252.2778035467578,1,1,1,0,3.5318892496546095,-0.8660254037844386,0.5000000000000001
254.89189018104352,2,1,1,2,3.5684864625346093,0.9659258262890683,0.25881904510252074
138.16028976604372,2,0,0,2,1.9342440567246122,1.0,6.123233995736766e-17
183.30759581310346,0,1,0,1,2.5663063413834486,-0.8660254037844386,0.5000000000000001
208.4471857773321,2,1,0,2,2.918260600882649,-0.5000000000000004,0.8660254037844384
395.77229100149685,2,0,0,2,5.540812074020956,-0.9659258262890684,0.2588190451025203
223.2827078084466,2,1,0,2,3.1259579093182523,0.8660254037844386,0.5000000000000001
398.44631334149756,2,1,0,2,5.578248386780966,-0.7071067811865477,0.7071067811865474
355.446337039838,1,0,0,0,4.976248718557732,0.8660254037844387,-0.4999999999999998
352.87552544213355,0,1,1,1,4.9402573561898695,-0.7071067811865477,0.7071067811865474
499.8122746622752,2,0,0,2,6.997371845271852,0.7071067811865476,-0.7071067811865475
48.50964164573625,1,0,1,0,0.6791349830403076,-0.2588190451025208,-0.9659258262890683
164.82704086471955,2,0,0,2,2.307578572106074,0.49999999999999994,-0.8660254037844387
567.3937840539224,2,0,0,2,7.943512976754914,-0.8660254037844385,-0.5000000000000004
203.68302989393186,2,0,0,2,2.851562418515046,0.49999999999999994,-0.8660254037844387
256.7222641830529,2,0,0,2,3.594111698562741,1.0,6.123233995736766e-17
213.46569823338064,2,0,0,2,2.9885197752673287,0.49999999999999994,-0.8660254037844387
274.28911542938494,1,0,0,0,3.8400476160113888,1.2246467991473532e-16,-1.0
221.08036113761796,0,0,0,1,3.095125055926651,-1.0,-1.8369701987210297e-16
490.1084151798307,2,1,1,2,6.86151781251763,0.9659258262890683,0.25881904510252074
121.53175650419163,0,1,0,1,1.7014445910586828,0.25881904510252074,0.9659258262890683
309.1413607337528,0,0,0,1,4.327979050272539,-0.2588190451025208,-0.9659258262890683
209.32332183806878,1,0,0,0,2.930526505732963,-0.7071067811865471,-0.7071067811865479
18.096744543272536,0,0,1,1,0.2533544236058155,1.0,6.123233995736766e-17
57.30853576562441,2,1,1,2,0.8023195007187418,0.0,1.0
81.68508944304153,0,1,0,1,1.1435912522025815,0.25881904510252074,0.9659258262890683
445.42094365305485,0,0,1,1,6.235893211142767,0.8660254037844387,-0.4999999999999998
223.44312614197267,0,1,0,1,3.1282037659876174,-0.5000000000000004,0.8660254037844384
156.06420702068561,2,0,0,2,2.1848988982895987,-0.9659258262890683,-0.25881904510252063
81.77039573375836,2,1,0,2,1.144785540272617,-0.8660254037844386,0.5000000000000001
465.30703987470275,2,0,1,2,6.514298558245839,-0.9659258262890684,0.2588190451025203
513.5562290542457,2,0,0,2,7.18978720675944,-0.9659258262890683,-0.25881904510252063
463.25390176720254,2,0,0,2,6.4855546247408355,-0.9659258262890683,-0.25881904510252063
338.63872104775,0,0,0,1,4.740942094668499,0.7071067811865476,-0.7071067811865475
302.1694075367281,2,0,0,2,4.230371705514194,0.9659258262890683,-0.25881904510252063
31.131192764337726,0,1,0,1,0.43583669870072816,-0.8660254037844386,0.5000000000000001
205.75255719200965,2,0,0,2,2.880535800688135,0.9659258262890683,-0.25881904510252063
126.90516339764142,1,1,0,0,1.7766722875669798,0.25881904510252074,0.9659258262890683
78.59217961724772,2,0,1,2,1.1002905146414683,-0.9659258262890683,-0.25881904510252063
440.26781544976586,2,0,1,2,6.163749416296723,0.49999999999999994,-0.8660254037844387
124.75060964939046,0,0,0,1,1.7465085350914664,0.49999999999999994,-0.8660254037844387
465.2695433383553,0,0,1,1,6.513773606736974,-1.0,-1.8369701987210297e-16
408.7143521368022,1,0,0,0,5.722000929915231,0.49999999999999994,-0.8660254037844387
350.2092357940154,2,0,0,2,4.902929301116215,0.7071067811865476,-0.7071067811865475
360.31913291737305,2,0,0,2,5.0444678608432225,0.9659258262890683,-0.25881904510252063
139.24350122673263,1,0,0,0,1.9494090171742569,-0.4999999999999997,-0.8660254037844388
584.4130272323197,2,0,0,2,8.181782381252475,0.9659258262890683,-0.25881904510252063
257.76257757154883,0,0,1,1,3.608676086001684,-1.0,-1.8369701987210297e-16
304.3477033213667,2,1,0,2,4.260867846499133,0.0,1.0
133.16625995800496,2,1,1,2,1.8643276394120694,-0.5000000000000004,0.8660254037844384
82.39025306014722,2,0,0,2,1.153463542842061,-0.9659258262890684,0.2588190451025203
335.91328158569615,2,1,1,2,4.702785942199746,0.49999999999999994,0.8660254037844387
289.1524292689814,0,1,0,1,4.0481340097657394,-0.8660254037844386,0.5000000000000001
107.91657413753609,1,0,1,0,1.5108320379255051,0.258819045102521,-0.9659258262890682
8.916809379572726,2,0,0,2,0.12483533131401817,-0.7071067811865471,-0.7071067811865479
21.41384428104152,0,1,0,1,0.29979381993458126,-0.7071067811865477,0.7071067811865474
465.3040690763993,2,0,1,2,6.51425696706959,-0.7071067811865471,-0.7071067811865479
139.6143133629871,2,0,0,2,1.9546003870818194,-0.8660254037844385,-0.5000000000000004
188.99646177834992,2,0,0,2,2.6459504648968992,-0.7071067811865471,-0.7071067811865479
511.06124657663116,1,0,0,0,7.154857452072836,0.8660254037844387,-0.4999999999999998
48.01289893244535,0,1,0,1,0.672180585054235,-0.7071067811865477,0.7071067811865474
119.14093137092979,0,0,0,1,1.667973039193017,-1.0,-1.8369701987210297e-16
111.62197085907525,0,1,1,1,1.5627075920270537,0.0,1.0
541.2523266098872,0,0,1,1,7.577532572538421,-0.9659258262890683,-0.25881904510252063
608.8090301048345,1,1,0,0,8.523326421467683,0.9659258262890683,0.25881904510252074
385.28138057239073,0,1,0,1,5.39393932801347,0.9659258262890683,0.25881904510252074
391.0092503477632,1,0,0,0,5.474129504868685,0.258819045102521,-0.9659258262890682
145.53609948650842,2,1,0,2,2.0375053928111178,0.49999999999999994,0.8660254037844387
600.5191276427709,2,0,0,2,8.407267786998792,0.49999999999999994,-0.8660254037844387
298.18532578455915,2,1,0,2,4.174594560983828,0.9659258262890683,0.25881904510252074
403.55984760095316,2,0,1,2,5.649837866413344,-0.2588190451025208,-0.9659258262890683
231.00551102122824,0,0,1,1,3.234077154297195,-0.9659258262890683,-0.25881904510252063
201.75413428103008,2,0,0,2,2.8245578799344213,-0.7071067811865471,-0.7071067811865479
549.3476067273011,0,1,1,1,7.690866494182215,-0.25881904510252157,0.9659258262890681
347.15026235289525,2,0,0,2,4.860103672940533,1.2246467991473532e-16,-1.0
511.2475829926687,2,1,0,2,7.157466161897362,0.0,1.0
295.959070914108,2,1,0,2,4.143426992797512,0.9659258262890683,0.25881904510252074
97.29402344384368,1,0,1,0,1.3621163282138116,-0.2588190451025208,-0.9659258262890683
144.9982720818722,2,0,0,2,2.029975809146211,-0.8660254037844385,-0.5000000000000004
268.5337436436299,2,0,0,2,3.7594724110108193,1.2246467991473532e-16,-1.0
137.22996111220118,0,0,0,1,1.9212194555708166,1.2246467991473532e-16,-1.0
50.656946447015684,0,0,0,1,0.7091972502582196,0.8660254037844387,-0.4999999999999998
466.25506572166444,2,1,1,2,6.527570920103303,0.9659258262890683,0.25881904510252074
151.92338725176782,2,1,0,2,2.1269274215247496,0.9659258262890683,0.25881904510252074
274.87469460243767,2,1,0,2,3.8482457244341277,0.8660254037844386,0.5000000000000001
303.30404617940883,1,1,0,0,4.246256646511723,-0.8660254037844386,0.5000000000000001
144.13243744229763,2,0,1,2,2.017854124192167,-0.2588190451025208,-0.9659258262890683
511.14390393557306,2,0,0,2,7.156014655098023,-0.2588190451025208,-0.9659258262890683
48.91448298316968,2,1,0,2,0.6848027617643754,0.7071067811865476,0.7071067811865476
297.09254744453875,2,1,0,2,4.159295664223542,0.25881904510252074,0.9659258262890683
294.3011871477851,0,1,1,1,4.120216620068991,0.25881904510252074,0.9659258262890683
240.23417148445338,2,0,0,2,3.3632784007823475,-0.8660254037844385,-0.5000000000000004
16.55572961104312,2,0,1,2,0.23178021455460368,0.7071067811865476,-0.7071067811865475
406.7471593354236,2,0,0,2,5.69446023069593,-0.2588190451025208,-0.9659258262890683
383.8319206602274,2,0,0,2,5.373646889243184,-1.0,-1.8369701987210297e-16
128.39766485358106,2,0,0,2,1.7975673079501349,-0.8660254037844385,-0.5000000000000004
377.3476972969651,0,1,1,1,5.282867762157512,-0.7071067811865477,0.7071067811865474
317.48338353413965,0,0,0,1,4.4447673694779555,0.49999999999999994,-0.8660254037844387
19.48981383500049,1,0,0,0,0.27285739369000683,1.0,6.123233995736766e-17
96.29279537715567,0,0,0,1,1.3480991352801792,0.8660254037844387,-0.4999999999999998
454.89066008012423,0,0,0,1,6.36846924112174,-0.2588190451025208,-0.9659258262890683
305.6949133255691,2,1,0,2,4.279728786557968,-0.5000000000000004,0.8660254037844384
148.42546975408732,0,1,0,1,2.0779565765572223,0.7071067811865476,0.7071067811865476
95.47433958892444,0,0,0,1,1.336640754244942,-0.2588190451025208,-0.9659258262890683
157.22911633922425,0,0,0,1,2.2012076287491396,-0.9659258262890684,0.2588190451025203
169.99368462201318,2,1,1,2,2.3799115847081844,-0.25881904510252157,0.9659258262890681
97.7266541267347,2,0,1,2,1.3681731577742857,-0.9659258262890684,0.2588190451025203
63.51754022899439,0,0,0,1,0.8892455632059215,-0.8660254037844385,-0.5000000000000004
455.2023915521414,0,0,1,1,6.37283348172998,-1.0,-1.8369701987210297e-16
424.71406107005976,1,0,0,0,5.945996854980836,-0.8660254037844385,-0.5000000000000004
20.814018674765293,2,0,0,2,0.2913962614467141,-0.2588190451025208,-0.9659258262890683
274.53603320146016,2,0,1,2,3.843504464820442,1.2246467991473532e-16,-1.0
87.597123511342,2,0,1,2,1.226359729158788,-0.2588190451025208,-0.9659258262890683
202.91789981922363,0,0,1,1,2.8408505974691307,-0.7071067811865471,-0.7071067811865479
187.94201562274182,2,1,1,2,2.6311882187183855,-0.8660254037844386,0.5000000000000001
172.98984117078294,2,0,0,2,2.421857776390961,-0.4999999999999997,-0.8660254037844388
610.5304751337314,1,0,0,0,8.54742665187224,-1.0,-1.8369701987210297e-16
170.74137675828572,2,1,0,2,2.3903792746160004,-0.7071067811865477,0.7071067811865474
104.51251148795356,0,0,1,1,1.4631751608313497,0.49999999999999994,-0.8660254037844387
112.73534269053138,2,0,0,2,1.5782947976674393,0.258819045102521,-0.9659258262890682
437.87985215231595,0,0,1,1,6.130317930132423,0.49999999999999994,-0.8660254037844387
47.37841970472829,0,1,0,1,0.663297875866196,-0.5000000000000004,0.8660254037844384
112.72787504160638,1,1,1,0,1.5781902505824894,0.8660254037844386,0.5000000000000001
510.4281112200761,1,0,0,0,7.1459935570810655,0.9659258262890683,-0.25881904510252063
293.91751383957643,2,1,1,2,4.11484519375407,0.9659258262890683,0.25881904510252074
284.5459609065004,2,0,0,2,3.983643452691006,-0.7071067811865471,-0.7071067811865479
633.7863628258663,2,0,1,2,8.873009079562127,0.258819045102521,-0.9659258262890682
294.34263153072976,0,1,1,1,4.1207968414302165,0.9659258262890683,0.25881904510252074
122.52649095527516,0,0,0,1,1.7153708733738522,1.2246467991473532e-16,-1.0
199.22612976225724,2,0,0,2,2.7891658166716016,1.0,6.123233995736766e-17
45.622184374497635,0,0,0,1,0.6387105812429669,0.9659258262890683,-0.25881904510252063
476.0686672028254,2,0,0,2,6.664961340839556,0.258819045102521,-0.9659258262890682
353.42110915660874,0,1,0,1,4.9478955281925225,0.25881904510252074,0.9659258262890683
452.39454699476005,1,1,0,0,6.33352365792664,-0.5000000000000004,0.8660254037844384
468.3371071388867,2,0,0,2,6.556719499944415,0.8660254037844387,-0.4999999999999998
175.44205943304414,2,0,0,2,2.456188832062618,1.2246467991473532e-16,-1.0
79.94448663839984,2,0,1,2,1.1192228129375976,-0.8660254037844385,-0.5000000000000004
240.69163996455174,0,0,0,1,3.369682959503724,1.2246467991473532e-16,-1.0
92.9030072580631,2,0,0,2,1.3006421016128833,-0.7071067811865471,-0.7071067811865479
279.6922375736244,2,1,0,2,3.9156913260307418,0.0,1.0
453.777438550244,2,0,0,2,6.352884139703416,1.0,6.123233995736766e-17
219.7348637111499,2,0,0,2,3.0762880919560986,1.2246467991473532e-16,-1.0
276.999116183393,2,0,0,2,3.8779876265675024,-0.2588190451025208,-0.9659258262890683
233.10778907979403,0,1,1,1,3.2635090471171164,-0.8660254037844386,0.5000000000000001
394.4909630387856,2,0,1,2,5.522873482542998,-0.8660254037844385,-0.5000000000000004
129.7991690281078,0,0,1,1,1.8171883663935091,-0.7071067811865471,-0.7071067811865479
145.36032709575784,0,0,0,1,2.03504457934061,-0.4999999999999997,-0.8660254037844388
334.75639468756856,2,0,1,2,4.68658952562596,-0.8660254037844385,-0.5000000000000004
427.81019583543883,2,1,0,2,5.989342741696144,0.25881904510252074,0.9659258262890683
330.34736405653643,0,0,1,1,4.62486309679151,0.258819045102521,-0.9659258262890682
134.7585108157575,1,1,1,0,1.8866191514206048,0.49999999999999994,0.8660254037844387
45.69782232650758,2,0,1,2,0.6397695125711061,0.8660254037844387,-0.4999999999999998
339.00955572045785,2,1,1,2,4.74613378008641,0.9659258262890683,0.25881904510252074
275.4662115282413,2,1,0,2,3.8565269613953777,0.9659258262890683,0.25881904510252074
227.35732702150065,0,0,0,1,3.183002578301009,1.0,6.123233995736766e-17
578.0434017388824,2,0,0,2,8.092607624344353,0.9659258262890683,-0.25881904510252063
79.5759830473603,2,1,0,2,1.114063762663044,0.49999999999999994,0.8660254037844387
569.5066638029439,0,1,0,1,7.973093293241214,-0.25881904510252157,0.9659258262890681
255.72110287671518,0,0,0,1,3.580095440274013,-0.4999999999999997,-0.8660254037844388
80.40268583675743,2,1,0,2,1.125637601714604,-0.7071067811865477,0.7071067811865474
217.74352222255465,2,1,0,2,3.048409311115765,0.9659258262890683,0.25881904510252074
422.70929378789936,0,0,1,1,5.917930113030591,0.49999999999999994,-0.8660254037844387
184.29009409510527,2,1,0,2,2.5800613173314737,0.49999999999999994,0.8660254037844387
15.460137422911089,2,0,1,2,0.21644192392075523,-0.7071067811865471,-0.7071067811865479
220.3873842766894,0,1,0,1,3.0854233798736517,0.9659258262890683,0.25881904510252074
95.70897269949296,2,0,0,2,1.3399256177929015,0.49999999999999994,-0.8660254037844387
338.52659219583325,0,0,0,1,4.739372290741665,0.9659258262890683,-0.25881904510252063
389.21196689217004,1,1,0,0,5.448967536490381,-0.5000000000000004,0.8660254037844384
59.87132660534087,2,0,1,2,0.8381985724747721,0.7071067811865476,-0.7071067811865475
122.95527007918308,2,0,0,2,1.7213737811085632,0.7071067811865476,-0.7071067811865475
386.1956437192488,0,1,0,1,5.406739012069482,-0.5000000000000004,0.8660254037844384
95.40802990618735,0,1,1,1,1.335712418686623,0.49999999999999994,0.8660254037844387
55.21153555096089,1,0,0,0,0.7729614977134525,-0.2588190451025208,-0.9659258262890683
37.83559627667415,0,0,0,1,0.5296983478734382,-1.0,-1.8369701987210297e-16
313.36695033246167,2,1,1,2,4.3871373046544635,-0.8660254037844386,0.5000000000000001
305.64838951314357,0,1,1,1,4.2790774531840094,-0.8660254037844386,0.5000000000000001
126.8717145317725,2,0,0,2,1.776204003444815,0.8660254037844387,-0.4999999999999998
250.91537130308214,2,0,0,2,3.51281519824315,1.2246467991473532e-16,-1.0
524.8838291479235,2,0,1,2,7.348373608070929,0.8660254037844387,-0.4999999999999998
74.66917175472011,2,1,0,2,1.0453684045660816,-0.8660254037844386,0.5000000000000001
101.31366962188093,0,0,0,1,1.418391374706333,0.258819045102521,-0.9659258262890682
331.9136036296667,2,0,0,2,4.646790450815334,-0.2588190451025208,-0.9659258262890683
230.12779049771407,2,1,0,2,3.2217890669679967,0.8660254037844386,0.5000000000000001
122.19548437328176,2,1,1,2,1.7107367812259446,0.9659258262890683,0.25881904510252074
367.3744427238834,0,0,0,1,5.1432421981343674,1.2246467991473532e-16,-1.0
401.06052604038223,0,0,1,1,5.614847364565351,1.2246467991473532e-16,-1.0
147.4900435784167,2,1,0,2,2.064860610097834,-0.25881904510252157,0.9659258262890681
132.5323763203321,2,1,0,2,1.8554532684846494,0.9659258262890683,0.25881904510252074
667.1529216154339,2,0,0,2,9.340140902616074,-0.2588190451025208,-0.9659258262890683
355.0128848436743,1,0,0,0,4.970180387811441,0.49999999999999994,-0.8660254037844387
371.69865489348695,0,0,0,1,5.203781168508817,1.2246467991473532e-16,-1.0
461.1209701536661,2,0,1,2,6.4556935821513255,0.258819045102521,-0.9659258262890682
253.0723885359507,0,0,0,1,3.5430134395033095,-0.7071067811865471,-0.7071067811865479
393.4031488164916,2,1,1,2,5.507644083430883,0.9659258262890683,0.25881904510252074
379.2511678906965,0,0,0,1,5.3095163504697505,0.8660254037844387,-0.4999999999999998
347.0274694154966,2,0,0,2,4.858384571816952,-0.8660254037844385,-0.5000000000000004
192.03784528886717,2,0,0,2,2.6885298340441404,-0.9659258262890684,0.2588190451025203
280.9706060259266,2,0,0,2,3.9335884843629723,-0.7071067811865471,-0.7071067811865479
144.0949184247799,2,0,1,2,2.0173288579469184,0.258819045102521,-0.9659258262890682
252.3065748219691,1,0,1,0,3.532292047507567,-0.9659258262890683,-0.25881904510252063
39.67163942213196,2,0,0,2,0.5554029519098473,0.8660254037844387,-0.4999999999999998
107.68768157086856,0,1,0,1,1.5076275419921599,0.49999999999999994,0.8660254037844387
199.18383245351268,0,0,1,1,2.7885736543491775,0.7071067811865476,-0.7071067811865475
80.13302234258629,2,0,1,2,1.121862312796208,0.49999999999999994,-0.8660254037844387
159.09689126586824,2,1,1,2,2.2273564777221555,0.25881904510252074,0.9659258262890683
220.49332418400712,2,0,0,2,3.0869065385760996,0.9659258262890683,-0.25881904510252063
322.40722203958796,0,0,0,1,4.513701108554232,-0.9659258262890684,0.2588190451025203
420.86631433352363,2,0,0,2,5.892128400669331,0.49999999999999994,-0.8660254037844387
166.51881315194055,2,0,0,2,2.3312633841271677,-0.9659258262890683,-0.25881904510252063
490.3188311083523,2,0,0,2,6.864463635516932,-0.9659258262890684,0.2588190451025203
418.94999415258883,0,0,1,1,5.865299918136244,1.0,6.123233995736766e-17
340.73688974990955,2,0,0,2,4.770316456498734,-0.2588190451025208,-0.9659258262890683
277.6568432733914,2,0,0,2,3.88719580582748,1.0,6.123233995736766e-17
307.44175153633745,2,1,1,2,4.304184521508724,0.0,1.0
463.66920711994874,2,0,0,2,6.491368899679283,0.258819045102521,-0.9659258262890682
470.24433875666926,0,1,0,1,6.58342074259337,0.0,1.0
490.29041110905575,2,1,0,2,6.864065755526781,0.49999999999999994,0.8660254037844387
257.43882973786054,0,1,0,1,3.6041436163300475,0.25881904510252074,0.9659258262890683
349.89408969975034,0,1,0,1,4.898517255796505,0.49999999999999994,0.8660254037844387
491.83837119196926,0,1,0,1,6.88573719668757,0.7071067811865476,0.7071067811865476
137.73111371504933,0,0,0,1,1.9282355920106906,-0.2588190451025208,-0.9659258262890683
192.68496633070532,2,1,0,2,2.6975895286298748,-0.5000000000000004,0.8660254037844384
252.8865993424261,2,0,1,2,3.5404123907939655,-0.9659258262890683,-0.25881904510252063
411.9277728362932,0,1,0,1,5.7669888197081045,-0.5000000000000004,0.8660254037844384
414.7309871293521,2,1,1,2,5.80623381981093,0.8660254037844386,0.5000000000000001
208.44445998437163,0,0,0,1,2.9182224397812027,-0.4999999999999997,-0.8660254037844388
21.549701788347818,2,0,0,2,0.3016958250368694,-0.7071067811865471,-0.7071067811865479
294.3131099732741,1,0,1,0,4.120383539625838,0.9659258262890683,-0.25881904510252063
84.70309528088777,0,1,0,1,1.1858433339324288,-0.25881904510252157,0.9659258262890681
18.188516835240023,2,1,0,2,0.25463923569336033,-0.8660254037844386,0.5000000000000001
22.50311906793101,2,0,0,2,0.31504366695103414,0.9659258262890683,-0.25881904510252063
308.7485814122009,0,0,0,1,4.322480139770812,1.0,6.123233995736766e-17
494.9867249679053,0,1,0,1,6.9298141495506735,0.9659258262890683,0.25881904510252074
257.0010129225239,2,0,0,2,3.5980141809153348,1.0,6.123233995736766e-17
288.0485178362736,0,1,1,1,4.03267924970783,-0.5000000000000004,0.8660254037844384
462.92108899802656,2,0,1,2,6.480895245972372,-1.0,-1.8369701987210297e-16
28.001883635039746,2,1,1,2,0.3920263708905565,-0.7071067811865477,0.7071067811865474
343.6317558880489,0,1,1,1,4.810844582432685,-0.7071067811865477,0.7071067811865474
247.91383882261218,0,1,1,1,3.4707937435165706,0.0,1.0
351.8903425897721,0,0,0,1,4.92646479625681,1.2246467991473532e-16,-1.0
162.9728964873131,0,0,0,1,2.2816205508223835,1.0,6.123233995736766e-17
102.7712877232332,2,1,0,2,1.4387980281252648,0.0,1.0
275.291602771409,0,0,0,1,3.8540824387997255,0.7071067811865476,-0.7071067811865475
546.854438200203,2,0,0,2,7.655962134802843,1.2246467991473532e-16,-1.0
404.96381881746333,2,1,0,2,5.669493463444487,0.7071067811865476,0.7071067811865476
158.61530136758353,2,0,0,2,2.2206142191461695,1.0,6.123233995736766e-17
8.625033523369638,2,1,0,2,0.12075046932717493,0.9659258262890683,0.25881904510252074
52.77211106560139,2,1,0,2,0.7388095549184195,0.9659258262890683,0.25881904510252074
486.8979013330867,2,1,1,2,6.816570618663214,-0.8660254037844386,0.5000000000000001
78.08518813555105,2,0,0,2,1.0931926338977145,0.49999999999999994,-0.8660254037844387
191.40758566091142,2,1,0,2,2.6797061992527595,-0.5000000000000004,0.8660254037844384
487.81800269396376,0,0,0,1,6.829452037715493,0.8660254037844387,-0.4999999999999998
40.502261986218514,2,1,0,2,0.5670316678070592,-0.7071067811865477,0.7071067811865474
518.6076117055106,2,0,0,2,7.260506563877149,1.0,6.123233995736766e-17
204.34471829934967,0,0,0,1,2.8608260561908954,0.8660254037844387,-0.4999999999999998
43.25500325702703,0,1,0,1,0.6055700455983783,-0.5000000000000004,0.8660254037844384
205.47683311319562,0,1,0,1,2.876675663584739,0.9659258262890683,0.25881904510252074
119.93257934773402,2,0,0,2,1.6790561108682764,-1.0,-1.8369701987210297e-16
329.34756380302883,0,0,0,1,4.610865893242404,-0.2588190451025208,-0.9659258262890683
133.3361619002,2,1,1,2,1.8667062666028,0.0,1.0
94.09559796542771,2,0,0,2,1.317338371515988,-0.7071067811865471,-0.7071067811865479
210.2987438063819,2,0,1,2,2.944182413289347,0.8660254037844387,-0.4999999999999998
5.821890588422974,0,1,0,1,0.08150646823792164,-0.5000000000000004,0.8660254037844384
286.7775791178976,2,0,0,2,4.0148861076505655,-0.4999999999999997,-0.8660254037844388
36.31654018900164,2,0,0,2,0.508431562646023,-1.0,-1.8369701987210297e-16
162.15769542902456,2,0,0,2,2.270207736006344,0.7071067811865476,-0.7071067811865475
282.8658047585805,0,0,0,1,3.9601212666201273,-0.7071067811865471,-0.7071067811865479
211.7574294938315,0,1,0,1,2.964604012913641,0.49999999999999994,0.8660254037844387
295.0774509401881,2,0,0,2,4.131084313162633,-1.0,-1.8369701987210297e-16
372.4516898291962,0,0,0,1,5.214323657608746,1.2246467991473532e-16,-1.0
41.57193404836491,2,0,0,2,0.5820070766771087,-0.2588190451025208,-0.9659258262890683
238.40844268755257,0,0,0,1,3.337718197625736,1.0,6.123233995736766e-17
349.3106835514633,2,1,0,2,4.890349569720486,0.25881904510252074,0.9659258262890683
294.5199943028543,0,0,0,1,4.12327992023996,-0.2588190451025208,-0.9659258262890683
195.85345653252838,2,1,0,2,2.7419483914553977,-0.5000000000000004,0.8660254037844384
72.97904257396516,0,1,0,1,1.0217065960355123,-0.5000000000000004,0.8660254037844384
306.82949601337435,2,0,0,2,4.295612944187241,-0.8660254037844385,-0.5000000000000004
461.08556389331216,2,0,0,2,6.45519789450637,1.2246467991473532e-16,-1.0
164.31680543219022,2,1,1,2,2.300435276050663,0.25881904510252074,0.9659258262890683
79.93339175649038,2,1,1,2,1.1190674845908652,0.8660254037844386,0.5000000000000001
279.7045472389681,2,1,0,2,3.915863661345553,0.7071067811865476,0.7071067811865476
9.59080000365509,0,1,0,1,0.13427120005117127,0.49999999999999994,0.8660254037844387
131.13135330360296,2,0,0,2,1.8358389462504414,-0.2588190451025208,-0.9659258262890683
470.0323890970904,0,0,0,1,6.5804534473592655,0.49999999999999994,-0.8660254037844387
261.19226136621177,0,0,0,1,3.6566916591269645,0.9659258262890683,-0.25881904510252063
88.30405351030993,0,1,0,1,1.236256749144339,-0.5000000000000004,0.8660254037844384
73.45849651029215,0,0,0,1,1.02841895114409,0.8660254037844387,-0.4999999999999998
279.1754246764196,0,0,0,1,3.9084559454698744,-0.7071067811865471,-0.7071067811865479
405.2303036651838,2,1,0,2,5.673224251312573,0.49999999999999994,0.8660254037844387
41.17186255270701,0,0,0,1,0.5764060757378981,0.7071067811865476,-0.7071067811865475
330.9482693493715,2,1,1,2,4.633275770891201,0.0,1.0
489.46183134814936,0,0,1,1,6.852465638874091,0.8660254037844387,-0.4999999999999998
589.814617832555,0,0,0,1,8.25740464965577,-0.7071067811865471,-0.7071067811865479
309.6200967747777,2,0,0,2,4.334681354846888,0.8660254037844387,-0.4999999999999998
341.22446701944534,2,0,0,2,4.777142538272234,0.258819045102521,-0.9659258262890682
133.9731969730659,2,1,0,2,1.8756247576229228,0.0,1.0
627.955458639278,0,0,1,1,8.791376420949893,-0.7071067811865471,-0.7071067811865479
146.41176164269814,1,0,0,0,2.049764662997774,0.9659258262890683,-0.25881904510252063
81.97519148349255,2,0,0,2,1.1476526807688956,-0.2588190451025208,-0.9659258262890683
204.06289580086758,0,0,0,1,2.856880541212146,-0.2588190451025208,-0.9659258262890683
522.1012145533775,1,0,1,0,7.309417003747285,0.7071067811865476,-0.7071067811865475
647.4482885578386,2,1,0,2,9.06427603980974,0.0,1.0
272.573562305652,2,1,0,2,3.8160298722791275,0.9659258262890683,0.25881904510252074
429.6551510686579,0,0,0,1,6.015172114961211,0.8660254037844387,-0.4999999999999998
257.7767287633907,0,0,0,1,3.6088742026874696,-1.0,-1.8369701987210297e-16
63.19681485672689,0,1,1,1,0.8847554079941765,-0.7071067811865477,0.7071067811865474
515.8138607418923,2,0,0,2,7.221394050386492,-0.7071067811865471,-0.7071067811865479
138.01705353584998,2,0,0,2,1.9322387495018998,-1.0,-1.8369701987210297e-16
526.3955392069388,2,0,0,2,7.369537548897143,0.49999999999999994,-0.8660254037844387
483.73743935843504,2,1,0,2,6.772324151018091,-0.8660254037844386,0.5000000000000001
360.52652751229743,2,0,0,2,5.047371385172164,0.49999999999999994,-0.8660254037844387
579.2154561257835,0,0,0,1,8.109016385760969,-0.2588190451025208,-0.9659258262890683
651.8222859734328,2,0,0,2,9.12551200362806,1.0,6.123233995736766e-17
218.45619466642393,0,0,0,1,3.058386725329935,0.258819045102521,-0.9659258262890682
104.41705868504238,2,0,0,2,1.4618388215905933,-0.9659258262890684,0.2588190451025203
85.56857070616502,0,0,0,1,1.1979599898863103,-0.9659258262890684,0.2588190451025203
654.042805977446,2,1,0,2,9.156599283684246,-0.5000000000000004,0.8660254037844384
170.85723839467906,2,1,1,2,2.3920013375255067,0.8660254037844386,0.5000000000000001
454.30663427831314,2,1,0,2,6.360292879896384,0.0,1.0
116.57403384829303,1,0,0,0,1.6320364738761022,0.49999999999999994,-0.8660254037844387
526.8878153641663,0,0,0,1,7.376429415098328,-0.4999999999999997,-0.8660254037844388
123.9788334732256,2,0,0,2,1.7357036686251586,0.7071067811865476,-0.7071067811865475
35.49055594887824,2,0,0,2,0.4968677832842953,-0.4999999999999997,-0.8660254037844388
212.46884242832493,1,0,0,0,2.9745637939965492,1.2246467991473532e-16,-1.0
154.2803738269053,2,0,0,2,2.1599252335766743,-0.4999999999999997,-0.8660254037844388
357.3339613830182,2,1,0,2,5.002675459362256,0.25881904510252074,0.9659258262890683
240.74891310534574,0,1,1,1,3.3704847834748404,-0.7071067811865477,0.7071067811865474
362.98643101934584,1,0,0,0,5.081810034270842,1.2246467991473532e-16,-1.0
197.6161348446471,2,0,1,2,2.766625887825059,0.258819045102521,-0.9659258262890682
130.28067321661507,2,1,0,2,1.823929425032611,-0.5000000000000004,0.8660254037844384
144.95910137870678,1,1,0,0,2.0294274193018946,0.7071067811865476,0.7071067811865476
618.0889836455847,2,0,1,2,8.653245771038186,0.258819045102521,-0.9659258262890682
290.5307678008484,2,0,1,2,4.067430749211878,-0.4999999999999997,-0.8660254037844388
107.07719770154802,0,0,1,1,1.4990807678216722,1.2246467991473532e-16,-1.0
156.3623775782654,0,1,1,1,2.189073286095716,0.25881904510252074,0.9659258262890683
267.4358858456576,2,0,0,2,3.744102401839206,-0.9659258262890684,0.2588190451025203
582.1719426250681,1,0,0,0,8.150407196750953,-0.7071067811865471,-0.7071067811865479
435.1657688601819,0,0,1,1,6.092320764042547,-0.2588190451025208,-0.9659258262890683
84.09078943325528,2,1,1,2,1.177271052065574,-0.8660254037844386,0.5000000000000001
685.3040356430413,1,1,0,0,9.59425649900258,0.25881904510252074,0.9659258262890683
244.39113433573402,2,0,1,2,3.4214758807002763,-0.8660254037844385,-0.5000000000000004
474.33936599349,2,0,0,2,6.64075112390886,-0.7071067811865471,-0.7071067811865479
42.098470468017524,0,1,1,1,0.5893785865522453,0.7071067811865476,0.7071067811865476
181.6693571451616,2,0,0,2,2.5433710000322627,0.49999999999999994,-0.8660254037844387
5.0,2,0,0,2,0.07,1.2246467991473532e-16,-1.0
335.0600257152271,2,1,1,2,4.690840360013179,0.9659258262890683,0.25881904510252074
630.1760789055236,2,0,1,2,8.822465104677331,-0.8660254037844385,-0.5000000000000004
288.6159253995549,0,1,0,1,4.0406229555937685,0.0,1.0
83.56407667935434,0,0,0,1,1.1698970735109608,0.8660254037844387,-0.4999999999999998
331.47232539642175,1,1,0,0,4.640612555549905,-0.8660254037844386,0.5000000000000001
284.08012651242984,2,0,1,2,3.977121771174018,-0.9659258262890683,-0.25881904510252063
361.76801121051847,2,0,0,2,5.064752156947258,0.49999999999999994,-0.8660254037844387
467.71565220452834,2,0,0,2,6.548019130863397,-0.2588190451025208,-0.9659258262890683
197.81419245549725,2,1,0,2,2.7693986943769615,0.25881904510252074,0.9659258262890683
91.62892490182236,2,0,1,2,1.282804948625513,-0.9659258262890684,0.2588190451025203
398.99953858694516,0,0,0,1,5.585993540217232,0.49999999999999994,-0.8660254037844387
394.41990001920385,1,1,0,0,5.521878600268854,0.25881904510252074,0.9659258262890683
268.1324454618421,1,1,0,0,3.7538542364657896,0.7071067811865476,0.7071067811865476
641.959753962539,2,0,0,2,8.987436555475545,1.2246467991473532e-16,-1.0
171.1920178849026,0,1,1,1,2.396688250388636,0.9659258262890683,0.25881904510252074
88.02556510565171,2,0,1,2,1.2323579114791239,1.0,6.123233995736766e-17
325.2564569511883,2,1,1,2,4.553590397316636,-0.7071067811865477,0.7071067811865474
128.5111857555703,0,0,1,1,1.7991566005779842,-0.9659258262890684,0.2588190451025203
339.1929743460812,0,1,1,1,4.748701640845137,0.49999999999999994,0.8660254037844387
100.05851394890081,2,1,1,2,1.4008191952846114,0.7071067811865476,0.7071067811865476
177.9563890722606,2,1,1,2,2.4913894470116484,-0.8660254037844386,0.5000000000000001
590.3512756070497,2,0,1,2,8.264917858498697,-0.9659258262890684,0.2588190451025203
176.9942757854178,0,1,0,1,2.4779198609958493,0.49999999999999994,0.8660254037844387
106.20672207688668,2,1,1,2,1.4868941090764136,0.0,1.0
460.72218196717006,1,0,1,0,6.4501105475403815,-1.0,-1.8369701987210297e-16
60.812448948395144,2,1,0,2,0.851374285277532,-0.8660254037844386,0.5000000000000001
125.27021857352776,2,0,1,2,1.7537830600293887,1.2246467991473532e-16,-1.0
353.78100169161905,2,0,1,2,4.952934023682666,-0.2588190451025208,-0.9659258262890683
418.91405629719253,2,1,1,2,5.864796788160696,-0.7071067811865477,0.7071067811865474
469.6857503945934,2,0,0,2,6.575600505524307,-0.7071067811865471,-0.7071067811865479
115.50007020031273,0,1,0,1,1.6170009828043783,0.7071067811865476,0.7071067811865476
357.28156113750157,0,0,1,1,5.001941855925022,-0.8660254037844385,-0.5000000000000004
166.10052408204768,1,0,0,0,2.3254073371486674,0.7071067811865476,-0.7071067811865475
140.98198596808618,0,0,0,1,1.9737478035532066,1.0,6.123233995736766e-17
466.57830081261136,0,0,0,1,6.532096211376559,1.2246467991473532e-16,-1.0
151.0802087452745,0,0,0,1,2.115122922433843,1.2246467991473532e-16,-1.0
300.07682728377637,0,1,0,1,4.201075581972869,-0.7071067811865477,0.7071067811865474
278.004304461515,2,0,1,2,3.8920602624612104,-0.2588190451025208,-0.9659258262890683
57.26421225906955,2,1,0,2,0.8016989716269737,0.9659258262890683,0.25881904510252074
423.8967139641377,2,0,0,2,5.934553995497928,-0.7071067811865471,-0.7071067811865479
350.85056086221164,2,0,0,2,4.9119078520709625,0.8660254037844387,-0.4999999999999998
107.53231013667573,2,0,0,2,1.5054523419134602,-0.9659258262890684,0.2588190451025203
299.93580002272176,1,0,1,0,4.199101200318105,-0.7071067811865471,-0.7071067811865479
110.86478185000823,2,1,1,2,1.552106945900115,-0.8660254037844386,0.5000000000000001
447.47355515427296,2,1,0,2,6.264629772159821,-0.8660254037844386,0.5000000000000001
10.171970620536456,2,0,0,2,0.14240758868751038,0.258819045102521,-0.9659258262890682
185.83414564668206,2,0,0,2,2.6016780390535486,-0.7071067811865471,-0.7071067811865479
315.16441917792383,2,1,0,2,4.412301868490934,0.8660254037844386,0.5000000000000001
259.7812529455375,2,1,1,2,3.636937541237525,-0.25881904510252157,0.9659258262890681
387.33248620851487,2,0,0,2,5.422654806919208,0.49999999999999994,-0.8660254037844387
23.315957481672058,2,1,0,2,0.3264234047434088,0.0,1.0
547.3445806361281,0,0,0,1,7.662824128905793,0.7071067811865476,-0.7071067811865475
344.5260385818889,0,0,0,1,4.823364540146445,0.49999999999999994,-0.8660254037844387
494.74927834016125,2,0,0,2,6.9264898967622575,-0.4999999999999997,-0.8660254037844388
407.3632304619835,2,1,1,2,5.703085226467769,0.49999999999999994,0.8660254037844387
247.91017939809217,2,1,1,2,3.4707425115732904,-0.25881904510252157,0.9659258262890681
18.84432203599107,0,0,1,1,0.26382050850387495,-0.4999999999999997,-0.8660254037844388
148.56042737523384,2,0,0,2,2.079845983253274,0.49999999999999994,-0.8660254037844387
536.121399915264,2,0,0,2,7.505699598813695,0.8660254037844387,-0.4999999999999998
499.3788006981488,0,1,1,1,6.991303209774084,0.25881904510252074,0.9659258262890683
138.4720035813358,2,0,0,2,1.938608050138701,0.258819045102521,-0.9659258262890682
257.2947715163922,2,0,1,2,3.6021268012294905,-0.9659258262890684,0.2588190451025203
211.71584782507864,2,0,1,2,2.964021869551101,-0.7071067811865471,-0.7071067811865479
198.21348013675902,1,1,0,0,2.7749887219146263,-0.25881904510252157,0.9659258262890681
205.040929832731,0,0,0,1,2.870573017658234,-0.7071067811865471,-0.7071067811865479
345.1370563296523,0,1,0,1,4.831918788615132,-0.8660254037844386,0.5000000000000001
407.7182642778994,2,1,0,2,5.708055699890592,0.0,1.0
428.25391847791434,2,0,0,2,5.9955548586908005,-0.7071067811865471,-0.7071067811865479
330.22764522436603,1,1,0,0,4.623187033141124,0.9659258262890683,0.25881904510252074
74.13872634607446,1,0,0,0,1.0379421688450425,-0.2588190451025208,-0.9659258262890683
188.5840481152068,2,0,0,2,2.640176673612895,0.49999999999999994,-0.8660254037844387
664.7361610388541,0,1,0,1,9.306306254543957,0.0,1.0
317.3590122644461,2,0,0,2,4.443026171702246,-0.9659258262890684,0.2588190451025203
316.2075223198957,2,0,0,2,4.42690531247854,-0.8660254037844385,-0.5000000000000004
314.7074691592944,0,1,1,1,4.405904568230122,-0.5000000000000004,0.8660254037844384
324.7683320510782,2,0,1,2,4.546756648715094,-1.0,-1.8369701987210297e-16
178.9601925954662,1,1,0,0,2.5054426963365266,0.25881904510252074,0.9659258262890683
206.88562295600767,2,0,0,2,2.8963987213841076,-0.2588190451025208,-0.9659258262890683
243.1792902769559,2,0,0,2,3.4045100638773826,0.9659258262890683,-0.25881904510252063
480.6691718656142,1,1,0,0,6.729368406118598,-0.5000000000000004,0.8660254037844384
258.58112103201324,1,1,0,0,3.6201356944481855,-0.7071067811865477,0.7071067811865474
46.3720495883494,2,1,0,2,0.6492086942368915,0.9659258262890683,0.25881904510252074
327.4160481109154,2,0,0,2,4.583824673552815,0.8660254037844387,-0.4999999999999998
105.31156331630586,0,1,1,1,1.4743618864282821,0.8660254037844386,0.5000000000000001
30.97858460534482,2,1,0,2,0.4337001844748275,0.8660254037844386,0.5000000000000001
99.85137159101546,1,0,0,0,1.3979192022742166,-0.9659258262890683,-0.25881904510252063
347.6507613396128,1,1,0,0,4.867110658754579,-0.7071067811865477,0.7071067811865474
476.5770231568123,2,0,1,2,6.672078324195372,-0.2588190451025208,-0.9659258262890683
336.9273901319656,2,0,1,2,4.7169834618475175,0.258819045102521,-0.9659258262890682
363.76418025106386,2,0,0,2,5.092698523514894,0.258819045102521,-0.9659258262890682
335.1481491108402,1,1,1,0,4.692074087551763,-0.7071067811865477,0.7071067811865474
268.23889183488427,2,1,0,2,3.7553444856883798,0.9659258262890683,0.25881904510252074
375.44751429329636,2,1,0,2,5.2562652001061485,0.7071067811865476,0.7071067811865476
185.37958407249573,2,0,1,2,2.5953141770149406,-0.4999999999999997,-0.8660254037844388
269.99590323486996,0,1,0,1,3.7799426452881795,-0.5000000000000004,0.8660254037844384
61.91349376799471,2,0,0,2,0.8667889127519258,-0.4999999999999997,-0.8660254037844388
459.3224630579451,2,0,0,2,6.430514482811231,-0.8660254037844385,-0.5000000000000004
223.5120450609651,1,1,0,0,3.129168630853511,0.49999999999999994,0.8660254037844387
255.57065588820944,1,0,0,0,3.5779891824349326,0.7071067811865476,-0.7071067811865475
20.912937365684627,0,1,0,1,0.29278112311958476,-0.8660254037844386,0.5000000000000001
433.02956002231326,2,1,0,2,6.062413840312385,-0.7071067811865477,0.7071067811865474
362.9190616492857,2,0,0,2,5.08086686309,0.9659258262890683,-0.25881904510252063
350.2506188212906,0,0,1,1,4.903508663498068,0.8660254037844387,-0.4999999999999998
103.655886609612,2,1,0,2,1.4511824125345678,-0.25881904510252157,0.9659258262890681
110.74482791113658,1,1,0,0,1.5504275907559122,0.49999999999999994,0.8660254037844387
290.247901800263,0,1,0,1,4.063470625203681,0.0,1.0
124.99028615535079,2,0,0,2,1.7498640061749111,0.49999999999999994,-0.8660254037844387
328.2807332819209,1,0,0,0,4.595930265946892,1.2246467991473532e-16,-1.0
138.96426849800997,1,0,1,0,1.9454997589721397,0.258819045102521,-0.9659258262890682
162.2419798468133,2,1,0,2,2.271387717855386,-0.8660254037844386,0.5000000000000001
573.4156237767684,2,0,1,2,8.027818732874756,1.0,6.123233995736766e-17
329.1074490392377,2,1,0,2,4.607504286549328,0.25881904510252074,0.9659258262890683
280.0228596155787,2,1,0,2,3.9203200346181015,0.0,1.0
607.3407764208442,2,0,0,2,8.502770869891819,-0.9659258262890684,0.2588190451025203
170.47165138425845,0,1,0,1,2.386603119379618,0.49999999999999994,0.8660254037844387
103.24399933814067,1,1,0,0,1.4454159907339694,0.7071067811865476,0.7071067811865476
177.78882908546996,2,0,0,2,2.48904360719658,-0.8660254037844385,-0.5000000000000004
404.5032219409702,2,0,0,2,5.663045107173582,-0.9659258262890683,-0.25881904510252063
407.6181453810825,0,0,0,1,5.706654035335156,-0.8660254037844385,-0.5000000000000004
94.1187923831273,2,0,0,2,1.317663093363782,-1.0,-1.8369701987210297e-16
429.6317779856589,0,1,0,1,6.014844891799225,0.7071067811865476,0.7071067811865476
177.40334188209266,2,0,0,2,2.483646786349297,-0.8660254037844385,-0.5000000000000004
468.09513261685004,2,1,1,2,6.5533318566359,-0.7071067811865477,0.7071067811865474
64.12431433802959,2,1,1,2,0.8977404007324142,0.25881904510252074,0.9659258262890683
227.8039121680911,0,0,0,1,3.1892547703532754,0.7071067811865476,-0.7071067811865475
161.76988323221914,2,0,0,2,2.264778365251068,0.258819045102521,-0.9659258262890682
440.08546688182844,0,0,0,1,6.1611965363455985,1.2246467991473532e-16,-1.0
155.89938101808923,2,0,0,2,2.1825913342532495,0.49999999999999994,-0.8660254037844387
242.3592647778839,2,1,0,2,3.3930297068903745,-0.8660254037844386,0.5000000000000001
341.22605157934885,2,0,1,2,4.777164722110884,0.9659258262890683,-0.25881904510252063
348.1465269447015,1,0,0,0,4.874051377225821,-0.9659258262890684,0.2588190451025203
409.6514693451709,1,1,0,0,5.735120570832392,0.8660254037844386,0.5000000000000001
288.00245983204,2,1,1,2,4.03203443764856,0.25881904510252074,0.9659258262890683
174.71519524963037,2,0,0,2,2.446012733494825,0.258819045102521,-0.9659258262890682
187.05422583542492,2,1,0,2,2.618759161695949,0.25881904510252074,0.9659258262890683
254.62101673737016,2,1,0,2,3.564694234323182,0.9659258262890683,0.25881904510252074
294.926645693389,2,1,0,2,4.128973039707446,-0.7071067811865477,0.7071067811865474
223.50910338728144,1,0,0,0,3.1291274474219404,-1.0,-1.8369701987210297e-16
253.4566157737985,1,0,0,0,3.5483926208331784,0.258819045102521,-0.9659258262890682
23.10569490297894,2,0,0,2,0.32347972864170516,1.2246467991473532e-16,-1.0
370.1239512018421,2,0,0,2,5.181735316825789,-0.8660254037844385,-0.5000000000000004
282.6002120000974,0,0,1,1,3.9564029680013633,0.258819045102521,-0.9659258262890682
430.3366744373959,0,1,0,1,6.024713442123542,0.49999999999999994,0.8660254037844387
250.02889133327528,2,1,0,2,3.500404478665854,-0.25881904510252157,0.9659258262890681
62.9115641339215,2,0,0,2,0.880761897874901,0.9659258262890683,-0.25881904510252063
185.4796859247985,2,0,0,2,2.596715602947179,-0.7071067811865471,-0.7071067811865479
214.01261383868498,2,1,0,2,2.99617659374159,0.7071067811865476,0.7071067811865476
383.7225949780478,2,1,1,2,5.37211632969267,-0.25881904510252157,0.9659258262890681
122.6492380124111,2,0,0,2,1.7170893321737553,1.2246467991473532e-16,-1.0
257.4123130508083,0,0,0,1,3.6037723827113157,0.9659258262890683,-0.25881904510252063
342.4615388427951,2,1,0,2,4.794461543799131,0.0,1.0
130.93218064932645,2,1,0,2,1.8330505290905703,0.49999999999999994,0.8660254037844387
263.43304176703253,2,1,0,2,3.6880625847384554,0.0,1.0
137.13342835302797,0,0,1,1,1.9198679969423915,-0.4999999999999997,-0.8660254037844388
118.67687202032971,0,0,1,1,1.661476208284616,-0.9659258262890683,-0.25881904510252063
176.48442697636293,2,0,0,2,2.470781977669081,-0.9659258262890684,0.2588190451025203
122.07544135593807,2,1,1,2,1.709056178983133,0.49999999999999994,0.8660254037844387
373.05129614853985,1,0,0,0,5.222718146079559,-0.4999999999999997,-0.8660254037844388
117.70866216963199,2,1,0,2,1.6479212703748478,-0.7071067811865477,0.7071067811865474
87.47619873137307,2,1,0,2,1.224666782239223,0.8660254037844386,0.5000000000000001
568.227160031116,2,1,0,2,7.955180240435624,-0.8660254037844386,0.5000000000000001
422.93320212832634,2,0,0,2,5.921064829796569,0.7071067811865476,-0.7071067811865475
85.07240491865605,2,0,1,2,1.1910136688611848,1.0,6.123233995736766e-17
112.34170782654397,1,1,0,0,1.5727839095716156,-0.5000000000000004,0.8660254037844384
293.64333491008796,0,0,0,1,4.111006688741231,0.9659258262890683,-0.25881904510252063
308.27591210166884,2,1,0,2,4.315862769423363,0.49999999999999994,0.8660254037844387
18.288715832640833,1,0,1,0,0.25604202165697165,-0.9659258262890683,-0.25881904510252063
458.541788708018,2,0,0,2,6.419585041912252,-0.8660254037844385,-0.5000000000000004
398.5403954526927,2,0,0,2,5.5795655363376975,-0.7071067811865471,-0.7071067811865479
336.74229376726095,0,1,1,1,4.7143921127416535,-0.7071067811865477,0.7071067811865474
494.21112832818176,0,0,0,1,6.9189557965945445,1.2246467991473532e-16,-1.0
331.41219866276526,2,1,0,2,4.639770781278714,0.7071067811865476,0.7071067811865476
330.7445582653325,2,1,0,2,4.6304238157146544,0.49999999999999994,0.8660254037844387
530.3822689280037,0,0,0,1,7.425351764992051,0.49999999999999994,-0.8660254037844387
448.21952453098754,0,1,0,1,6.275073343433825,0.25881904510252074,0.9659258262890683
98.52865739592437,0,0,0,1,1.3794012035429413,-0.9659258262890683,-0.25881904510252063
363.9751321609448,2,1,0,2,5.095651850253227,0.7071067811865476,0.7071067811865476
130.43178430745525,2,0,0,2,1.8260449803043735,-0.8660254037844385,-0.5000000000000004
340.74781917105,2,1,1,2,4.7704694683947,0.9659258262890683,0.25881904510252074
335.7904312635666,2,0,1,2,4.701066037689932,0.7071067811865476,-0.7071067811865475
5.0,1,0,1,0,0.07,0.49999999999999994,-0.8660254037844387
228.06778996401366,2,1,1,2,3.192949059496191,0.8660254037844386,0.5000000000000001
297.7462642444724,2,0,0,2,4.168447699422614,-0.9659258262890683,-0.25881904510252063
171.46776562105174,0,0,1,1,2.4005487186947243,0.7071067811865476,-0.7071067811865475
306.6477896303368,2,0,0,2,4.293069054824715,0.8660254037844387,-0.4999999999999998
395.06159986019236,2,0,0,2,5.530862398042693,-0.7071067811865471,-0.7071067811865479
244.49324843846398,0,0,0,1,3.4229054781384955,0.7071067811865476,-0.7071067811865475
290.4279058074867,0,0,0,1,4.065990681304814,0.7071067811865476,-0.7071067811865475
499.0163341400755,0,1,0,1,6.986228677961057,0.7071067811865476,0.7071067811865476
335.1753849805407,2,1,0,2,4.692455389727569,-0.8660254037844386,0.5000000000000001
286.1483721414053,0,1,0,1,4.006077209979674,-0.25881904510252157,0.9659258262890681
77.54571166455509,0,0,0,1,1.0856399633037712,-0.2588190451025208,-0.9659258262890683
370.7846820499928,2,0,0,2,5.190985548699899,0.9659258262890683,-0.25881904510252063
309.42699089054895,2,1,0,2,4.331977872467685,0.0,1.0
481.07309806625346,0,0,0,1,6.735023372927548,-0.7071067811865471,-0.7071067811865479
258.43813779459606,2,0,0,2,3.618133929124345,-0.8660254037844385,-0.5000000000000004
76.92797002411925,0,0,1,1,1.0769915803376693,0.7071067811865476,-0.7071067811865475
56.02175638908716,2,1,0,2,0.7843045894472203,0.9659258262890683,0.25881904510252074
382.42253747675204,2,0,0,2,5.3539155246745285,1.0,6.123233995736766e-17
147.3651524143324,2,0,0,2,2.063112133800654,-0.9659258262890683,-0.25881904510252063
328.6181951998895,0,1,0,1,4.600654732798453,0.25881904510252074,0.9659258262890683
270.5618760104241,2,1,0,2,3.7878662641459373,-0.8660254037844386,0.5000000000000001
219.96885981509428,2,0,0,2,3.07956403741132,0.8660254037844387,-0.4999999999999998
232.6549685941198,0,1,1,1,3.2571695603176773,0.8660254037844386,0.5000000000000001
94.22988909185918,0,0,0,1,1.3192184472860284,0.9659258262890683,-0.25881904510252063
247.16001599805927,1,1,1,0,3.46024022397283,-0.25881904510252157,0.9659258262890681
144.79118209700823,2,1,1,2,2.027076549358115,0.8660254037844386,0.5000000000000001
182.99382637737313,2,1,0,2,2.561913569283224,-0.25881904510252157,0.9659258262890681
191.74317195235102,1,0,1,0,2.6844044073329143,-0.4999999999999997,-0.8660254037844388
209.19521141823054,0,0,0,1,2.928732959855228,0.9659258262890683,-0.25881904510252063
415.9912221712755,2,1,0,2,5.823877110397857,0.8660254037844386,0.5000000000000001
226.63765074315518,2,1,0,2,3.1729271104041725,0.8660254037844386,0.5000000000000001
434.26642058621775,0,0,0,1,6.079729888207048,-0.9659258262890684,0.2588190451025203
526.8138912387667,2,0,1,2,7.375394477342734,-0.8660254037844385,-0.5000000000000004
403.8900371901069,0,0,0,1,5.654460520661497,0.8660254037844387,-0.4999999999999998
346.204336312332,2,1,0,2,4.846860708372647,0.25881904510252074,0.9659258262890683
308.82979770703366,2,1,0,2,4.323617167898471,0.0,1.0
405.7645676290126,0,1,1,1,5.680703946806177,-0.7071067811865477,0.7071067811865474
266.0849329473231,2,1,0,2,3.725189061262524,-0.8660254037844386,0.5000000000000001
427.22257227229574,2,0,1,2,5.981116011812141,0.49999999999999994,-0.8660254037844387
360.5390449521432,2,0,0,2,5.047546629330004,-0.4999999999999997,-0.8660254037844388
185.2287170595302,2,1,0,2,2.5932020388334225,0.0,1.0
411.25315841850505,0,0,0,1,5.7575442178590714,1.0,6.123233995736766e-17
266.4664010759623,0,1,0,1,3.730529615063473,-0.5000000000000004,0.8660254037844384
230.8962386297831,0,0,1,1,3.232547340816964,-1.0,-1.8369701987210297e-16
164.28415112818232,2,1,0,2,2.2999781157945525,-0.25881904510252157,0.9659258262890681
279.883392617423,2,0,0,2,3.918367496643922,-0.4999999999999997,-0.8660254037844388
429.363270774337,2,1,1,2,6.011085790840718,0.9659258262890683,0.25881904510252074
410.0092010067467,1,0,0,0,5.740128814094454,-0.9659258262890684,0.2588190451025203
313.6108835426122,0,0,0,1,4.390552369596572,0.7071067811865476,-0.7071067811865475
357.93585533050634,0,0,0,1,5.011101974627088,0.258819045102521,-0.9659258262890682
478.9054224740604,2,0,0,2,6.704675914636846,1.2246467991473532e-16,-1.0
223.00606758924502,2,0,0,2,3.1220849462494304,-0.4999999999999997,-0.8660254037844388
49.224399364562885,2,0,0,2,0.6891415911038804,-1.0,-1.8369701987210297e-16
484.2033733921431,2,0,1,2,6.778847227490004,-0.8660254037844385,-0.5000000000000004
154.6399146344707,2,0,1,2,2.16495880488259,1.2246467991473532e-16,-1.0
125.73913779809716,1,1,0,0,1.7603479291733601,0.25881904510252074,0.9659258262890683
73.31559596021924,2,0,1,2,1.0264183434430694,-0.9659258262890683,-0.25881904510252063
352.83094956957336,2,0,0,2,4.939633293974027,0.49999999999999994,-0.8660254037844387
41.86147241939983,2,1,0,2,0.5860606138715977,0.8660254037844386,0.5000000000000001
114.95341461548736,1,1,0,0,1.609347804616823,0.7071067811865476,0.7071067811865476
355.88262301271055,0,1,0,1,4.982356722177948,0.25881904510252074,0.9659258262890683
379.94582543350697,0,0,0,1,5.319241556069098,-0.7071067811865471,-0.7071067811865479
132.69325332071793,1,0,1,0,1.857705546490051,1.0,6.123233995736766e-17
225.85240114136704,2,0,0,2,3.1619336159791387,0.9659258262890683,-0.25881904510252063
92.93298524689246,0,0,0,1,1.3010617934564943,0.9659258262890683,-0.25881904510252063
151.28857819398712,2,1,1,2,2.1180400947158198,0.25881904510252074,0.9659258262890683
297.91874682752325,2,0,0,2,4.1708624555853255,-0.4999999999999997,-0.8660254037844388
159.70359781663763,0,1,1,1,2.2358503694329266,0.8660254037844386,0.5000000000000001
206.04129276837955,0,0,0,1,2.8845780987573133,-1.0,-1.8369701987210297e-16
13.647202691162022,2,0,0,2,0.1910608376762683,0.7071067811865476,-0.7071067811865475
453.93210966510475,2,0,0,2,6.355049535311466,0.8660254037844387,-0.4999999999999998
341.8119867707918,2,1,1,2,4.785367814791085,-0.7071067811865477,0.7071067811865474
392.7229669306963,2,0,1,2,5.498121537029749,-0.9659258262890684,0.2588190451025203
482.2765584310352,2,0,0,2,6.751871818034493,0.9659258262890683,-0.25881904510252063
101.46168240177104,2,1,0,2,1.4204635536247947,0.8660254037844386,0.5000000000000001
185.48899305495576,2,0,0,2,2.5968459027693807,-1.0,-1.8369701987210297e-16
91.07018616479797,0,0,0,1,1.2749826063071716,1.2246467991473532e-16,-1.0
815.2761238184027,2,0,0,2,11.413865733457637,-0.2588190451025208,-0.9659258262890683
223.0746432428723,2,0,0,2,3.123045005400212,0.9659258262890683,-0.25881904510252063
436.97102198468417,2,0,0,2,6.117594307785578,-0.7071067811865471,-0.7071067811865479
27.130994019617418,0,1,1,1,0.37983391627464386,-0.7071067811865477,0.7071067811865474
429.3499166157417,2,1,1,2,6.010898832620383,0.8660254037844386,0.5000000000000001
584.3663577969398,2,1,1,2,8.181129009157157,0.0,1.0
239.14946517496332,2,0,0,2,3.3480925124494867,-1.0,-1.8369701987210297e-16
68.04133061387176,0,1,1,1,0.9525786285942047,-0.5000000000000004,0.8660254037844384
225.0166478298035,0,0,1,1,3.150233069617249,-1.0,-1.8369701987210297e-16
150.81707449230072,0,0,0,1,2.11143904289221,-0.8660254037844385,-0.5000000000000004
243.18039381606846,1,1,0,0,3.404525513424958,-0.25881904510252157,0.9659258262890681
397.77408507633925,0,1,0,1,5.5688371910687495,-0.5000000000000004,0.8660254037844384
243.56362401276743,0,1,0,1,3.409890736178744,-0.8660254037844386,0.5000000000000001
198.85488015598588,2,0,0,2,2.783968322183802,0.7071067811865476,-0.7071067811865475
344.9622609001659,2,1,0,2,4.829471652602323,0.8660254037844386,0.5000000000000001
358.72447245091945,1,1,0,0,5.022142614312872,-0.7071067811865477,0.7071067811865474
48.7830012509329,2,0,0,2,0.6829620175130606,1.0,6.123233995736766e-17
265.9881332101819,2,0,1,2,3.723833864942547,-0.7071067811865471,-0.7071067811865479
688.4773223612638,0,1,0,1,9.638682513057693,0.49999999999999994,0.8660254037844387
9.6970757833557,2,0,0,2,0.13575906096697982,0.258819045102521,-0.9659258262890682
234.62461009004804,0,0,0,1,3.2847445412606726,-0.2588190451025208,-0.9659258262890683
599.5143019693064,0,0,0,1,8.39320022757029,-0.9659258262890684,0.2588190451025203
448.7515281778616,2,1,1,2,6.282521394490063,0.0,1.0
157.58859746030893,0,0,0,1,2.206240364444325,1.0,6.123233995736766e-17
287.1043683320687,2,0,1,2,4.019461156648962,-0.9659258262890683,-0.25881904510252063
249.61989760273178,2,1,0,2,3.494678566438245,-0.5000000000000004,0.8660254037844384
115.34707522209987,2,1,0,2,1.6148590531093983,-0.7071067811865477,0.7071067811865474
236.63462065124517,0,1,0,1,3.3128846891174324,0.7071067811865476,0.7071067811865476
199.60609609482475,0,0,0,1,2.7944853453275464,-0.7071067811865471,-0.7071067811865479
270.29480885381497,2,0,1,2,3.7841273239534092,0.49999999999999994,-0.8660254037844387
115.29102747561399,0,0,0,1,1.6140743846585959,-0.9659258262890683,-0.25881904510252063
20.208723955961005,2,1,0,2,0.28292213538345407,-0.5000000000000004,0.8660254037844384
242.56946078937327,1,0,0,0,3.3959724510512257,-0.7071067811865471,-0.7071067811865479
558.7212792721805,2,0,0,2,7.822097909810527,1.0,6.123233995736766e-17
264.7965267273034,0,1,1,1,3.7071513741822475,-0.8660254037844386,0.5000000000000001
190.31311979232183,2,1,0,2,2.6643836770925056,0.49999999999999994,0.8660254037844387
385.73544490692973,2,1,0,2,5.400296228697016,0.8660254037844386,0.5000000000000001
221.50246973283186,2,0,0,2,3.101034576259646,-0.9659258262890683,-0.25881904510252063
586.2459264926398,0,0,1,1,8.207442970896956,-0.8660254037844385,-0.5000000000000004
249.29574832688587,2,1,0,2,3.490140476576402,0.0,1.0
376.0894713684694,1,0,0,0,5.265252599158572,-0.7071067811865471,-0.7071067811865479
114.17121116921089,2,0,1,2,1.5983969563689524,-0.4999999999999997,-0.8660254037844388
340.55606560059925,2,0,1,2,4.76778491840839,1.2246467991473532e-16,-1.0
299.5168258498758,2,0,1,2,4.193235561898261,1.0,6.123233995736766e-17
239.82889756134256,0,1,0,1,3.357604565858796,0.49999999999999994,0.8660254037844387
159.68360298945035,2,1,0,2,2.235570441852305,-0.25881904510252157,0.9659258262890681
135.1545701825726,0,1,1,1,1.8921639825560164,-0.5000000000000004,0.8660254037844384
300.82347951633744,1,0,0,0,4.211528713228724,1.2246467991473532e-16,-1.0
363.20903974536526,1,0,1,0,5.084926556435113,-0.7071067811865471,-0.7071067811865479
227.11069666705635,2,1,0,2,3.179549753338789,-0.5000000000000004,0.8660254037844384
301.70822724174263,0,1,0,1,4.223915181384396,0.0,1.0
243.17535793610148,0,1,0,1,3.4044550111054206,0.0,1.0
267.73468448296984,2,0,0,2,3.7482855827615777,-0.7071067811865471,-0.7071067811865479
213.9199031180995,0,1,1,1,2.994878643653393,0.25881904510252074,0.9659258262890683
253.23506428629548,2,0,1,2,3.545290900008137,-0.9659258262890683,-0.25881904510252063
735.6472822271367,2,1,0,2,10.299061951179912,-0.8660254037844386,0.5000000000000001
306.09417378533647,2,1,1,2,4.2853184329947105,-0.5000000000000004,0.8660254037844384
366.15345251758777,2,0,0,2,5.12614833524623,-0.9659258262890683,-0.25881904510252063
328.84424895905744,2,1,0,2,4.603819485426804,0.8660254037844386,0.5000000000000001
202.6929718065293,2,1,0,2,2.83770160529141,0.8660254037844386,0.5000000000000001
482.91805839250026,0,0,1,1,6.760852817495003,0.9659258262890683,-0.25881904510252063
197.59052132325857,2,0,0,2,2.76626729852562,0.8660254037844387,-0.4999999999999998
439.9098188096592,2,1,0,2,6.158737463335229,-0.25881904510252157,0.9659258262890681
189.84274034803923,2,0,0,2,2.6577983648725496,-0.2588190451025208,-0.9659258262890683
77.20494655407265,0,0,0,1,1.080869251757017,1.2246467991473532e-16,-1.0
315.77131748251475,0,0,0,1,4.4207984447552064,-0.9659258262890683,-0.25881904510252063
51.15969590162081,0,1,0,1,0.7162357426226913,0.7071067811865476,0.7071067811865476
346.41524050298966,0,0,0,1,4.849813367041856,-0.9659258262890683,-0.25881904510252063
35.05144190356299,2,1,0,2,0.4907201866498818,-0.7071067811865477,0.7071067811865474
192.5785545148864,0,0,0,1,2.6960997632084096,-0.9659258262890684,0.2588190451025203
7.711345374453458,2,0,1,2,0.10795883524234841,-0.4999999999999997,-0.8660254037844388
758.3500616924913,2,0,1,2,10.616900863694879,1.0,6.123233995736766e-17
47.71272073093661,0,0,1,1,0.6679780902331125,1.2246467991473532e-16,-1.0
251.76647327135277,2,1,1,2,3.5247306257989384,0.25881904510252074,0.9659258262890683
455.79476937940245,0,0,0,1,6.381126771311634,0.8660254037844387,-0.4999999999999998
436.54946354566454,0,1,0,1,6.111692489639304,0.8660254037844386,0.5000000000000001
403.2415819911647,2,1,0,2,5.6453821478763055,0.0,1.0
192.8988901201344,2,0,0,2,2.7005844616818817,-1.0,-1.8369701987210297e-16
493.19601034066034,2,0,0,2,6.904744144769245,-0.9659258262890684,0.2588190451025203
414.4103963443929,1,0,0,0,5.8017455488215,-1.0,-1.8369701987210297e-16
288.2139311788858,0,1,0,1,4.034995036504401,-0.7071067811865477,0.7071067811865474
293.30453639078655,2,0,0,2,4.106263509471011,1.2246467991473532e-16,-1.0
195.29392342923293,2,1,0,2,2.734114928009261,0.9659258262890683,0.25881904510252074
86.2626353500531,0,0,0,1,1.2076768949007435,0.7071067811865476,-0.7071067811865475
472.68717558616896,0,0,0,1,6.617620458206366,0.49999999999999994,-0.8660254037844387
486.19743884827574,2,1,0,2,6.80676414387586,-0.5000000000000004,0.8660254037844384
90.86035461461415,2,0,0,2,1.2720449646045981,-0.7071067811865471,-0.7071067811865479
222.31867027368548,0,1,0,1,3.112461383831597,-0.5000000000000004,0.8660254037844384
224.18382103739276,2,1,0,2,3.1385734945234987,0.0,1.0
244.12193732674422,2,0,1,2,3.417707122574419,-1.0,-1.8369701987210297e-16
261.5730781457647,1,1,1,0,3.6620230940407064,0.8660254037844386,0.5000000000000001
420.4350630963124,0,1,1,1,5.886090883348373,0.9659258262890683,0.25881904510252074
115.50088447238616,2,1,1,2,1.6170123826134064,0.9659258262890683,0.25881904510252074
97.65754152772121,2,1,0,2,1.367205581388097,0.8660254037844386,0.5000000000000001
472.59155358573554,2,1,1,2,6.616281750200297,0.9659258262890683,0.25881904510252074
166.72394646136632,2,0,0,2,2.334135250459129,1.2246467991473532e-16,-1.0
22.65363635612809,0,1,1,1,0.31715090898579323,0.0,1.0
162.67661042202337,2,1,0,2,2.2774725459083274,0.0,1.0
190.59050765607986,0,0,1,1,2.6682671071851183,-0.2588190451025208,-0.9659258262890683
529.8932909906378,1,0,0,0,7.418506073868928,0.9659258262890683,-0.25881904510252063
416.4687182278127,2,0,0,2,5.830562055189378,0.8660254037844387,-0.4999999999999998
456.55371099380363,2,1,0,2,6.391751953913251,-0.5000000000000004,0.8660254037844384
397.5952556224215,2,0,0,2,5.566333578713901,0.7071067811865476,-0.7071067811865475
420.3238608907566,1,1,1,0,5.884534052470592,0.9659258262890683,0.25881904510252074
126.14521721554274,0,0,0,1,1.7660330410175984,0.8660254037844387,-0.4999999999999998
214.25161203637282,2,0,0,2,2.9995225685092195,-0.9659258262890683,-0.25881904510252063
71.81524365576121,0,0,0,1,1.005413411180657,-0.4999999999999997,-0.8660254037844388
212.112154503334,0,1,1,1,2.969570163046676,0.7071067811865476,0.7071067811865476
373.13889836825336,1,1,1,0,5.223944577155548,0.25881904510252074,0.9659258262890683
274.2249912662044,2,1,0,2,3.8391498777268622,0.9659258262890683,0.25881904510252074
486.0665474128531,2,0,0,2,6.804931663779943,-0.8660254037844385,-0.5000000000000004
44.54515739910053,0,0,1,1,0.6236322035874075,1.0,6.123233995736766e-17
340.04290312568315,2,1,0,2,4.760600643759564,-0.5000000000000004,0.8660254037844384
25.30549566352275,2,1,1,2,0.35427693928931847,-0.5000000000000004,0.8660254037844384
266.9517644512556,2,0,1,2,3.737324702317578,-0.9659258262890684,0.2588190451025203
383.2600160601662,2,0,0,2,5.365640224842327,-0.4999999999999997,-0.8660254037844388
211.38953797164055,2,1,0,2,2.9594535316029678,-0.25881904510252157,0.9659258262890681
349.20278873565206,1,1,0,0,4.888839042299129,-0.8660254037844386,0.5000000000000001
77.24817973007185,2,1,0,2,1.081474516221006,0.25881904510252074,0.9659258262890683
49.46419607534892,2,1,0,2,0.692498745054885,-0.8660254037844386,0.5000000000000001
350.2653320478046,0,0,0,1,4.903714648669264,0.258819045102521,-0.9659258262890682
563.9218421336318,2,0,1,2,7.894905789870845,0.7071067811865476,-0.7071067811865475
70.71191076941943,2,0,0,2,0.989966750771872,-0.8660254037844385,-0.5000000000000004
469.9949524192232,0,0,0,1,6.579929333869124,-0.9659258262890683,-0.25881904510252063
257.816213586954,0,0,1,1,3.609426990217356,-0.7071067811865471,-0.7071067811865479
9.575526095246317,0,0,0,1,0.13405736533344845,0.7071067811865476,-0.7071067811865475
46.32904575661075,0,0,0,1,0.6486066405925506,0.9659258262890683,-0.25881904510252063
252.841259204917,2,1,0,2,3.5397776288688383,-0.8660254037844386,0.5000000000000001
177.19678817366133,1,1,0,0,2.4807550344312586,-0.7071067811865477,0.7071067811865474
13.675664183516972,2,0,1,2,0.1914592985692376,1.2246467991473532e-16,-1.0
54.92707062057292,0,0,1,1,0.7689789886880208,-0.7071067811865471,-0.7071067811865479
97.5905209732289,2,0,0,2,1.3662672936252047,0.9659258262890683,-0.25881904510252063
284.88562149960126,1,0,1,0,3.9883987009944177,0.258819045102521,-0.9659258262890682
248.84786453143516,0,0,1,1,3.4838701034400925,-0.8660254037844385,-0.5000000000000004
159.77716764998593,0,0,1,1,2.236880347099803,-0.7071067811865471,-0.7071067811865479
286.3396949724669,2,0,0,2,4.008755729614536,0.8660254037844387,-0.4999999999999998
437.2048095752838,2,0,1,2,6.1208673340539725,-1.0,-1.8369701987210297e-16
320.94277187814663,0,0,1,1,4.493198806294052,-0.8660254037844385,-0.5000000000000004
228.16443914987548,0,1,1,1,3.1943021480982567,-0.25881904510252157,0.9659258262890681
417.052961198924,2,0,0,2,5.838741456784936,0.9659258262890683,-0.25881904510252063
77.22694560106692,1,0,0,0,1.0811772384149367,0.258819045102521,-0.9659258262890682
209.51448288003672,0,0,1,1,2.933202760320514,0.8660254037844387,-0.4999999999999998
213.80417159193374,2,1,0,2,2.9932584022870725,0.9659258262890683,0.25881904510252074
27.34841348028783,0,0,0,1,0.38287778872402967,0.7071067811865476,-0.7071067811865475
174.4226507888156,2,0,0,2,2.441917111043418,0.8660254037844387,-0.4999999999999998
123.49274256115456,2,1,1,2,1.728898395856164,0.7071067811865476,0.7071067811865476
594.1920485793316,2,0,0,2,8.318688680110643,0.49999999999999994,-0.8660254037844387
81.26551808146365,0,1,0,1,1.1377172531404913,-0.8660254037844386,0.5000000000000001
535.500543655836,0,1,1,1,7.497007611181705,-0.7071067811865477,0.7071067811865474
256.85521102950867,2,1,1,2,3.5959729544131216,0.9659258262890683,0.25881904510252074
351.6755437880726,0,0,1,1,4.923457613033017,-0.9659258262890683,-0.25881904510252063
162.0160362968323,0,1,0,1,2.2682245081556527,0.7071067811865476,0.7071067811865476
287.42734455310136,0,0,0,1,4.0239828237434185,0.258819045102521,-0.9659258262890682
367.08813519791846,2,0,1,2,5.139233892770859,0.8660254037844387,-0.4999999999999998
369.6194345909528,0,0,1,1,5.17467208427334,-0.4999999999999997,-0.8660254037844388
389.45921021338427,2,1,0,2,5.45242894298738,-0.5000000000000004,0.8660254037844384
183.70011219294827,2,0,0,2,2.5718015707012754,0.8660254037844387,-0.4999999999999998
163.5352589515561,2,1,0,2,2.2894936253217857,0.9659258262890683,0.25881904510252074
36.951738548168635,2,0,0,2,0.5173243396743609,0.49999999999999994,-0.8660254037844387
344.1794220118486,0,0,0,1,4.81851190816588,1.0,6.123233995736766e-17
444.8281680382197,2,0,1,2,6.227594352535076,-0.2588190451025208,-0.9659258262890683
540.8767023852273,0,0,0,1,7.572273833393182,-0.7071067811865471,-0.7071067811865479
304.9310742244914,2,0,0,2,4.269035039142879,-0.4999999999999997,-0.8660254037844388
112.03364087645753,2,0,0,2,1.5684709722704053,-0.9659258262890684,0.2588190451025203
55.47730579210196,1,0,0,0,0.7766822810894274,0.8660254037844387,-0.4999999999999998
437.50001195500306,0,0,0,1,6.125000167370042,-1.0,-1.8369701987210297e-16
73.32978201995638,2,0,1,2,1.0266169482793894,0.258819045102521,-0.9659258262890682
188.691266006122,2,0,1,2,2.641677724085708,0.49999999999999994,-0.8660254037844387
209.62477097014374,2,0,0,2,2.934746793582012,0.9659258262890683,-0.25881904510252063
237.49807518681652,2,1,0,2,3.324973052615431,0.49999999999999994,0.8660254037844387
256.44446800645125,0,0,0,1,3.5902225520903177,-1.0,-1.8369701987210297e-16
274.8665601461635,0,1,0,1,3.8481318420462896,0.49999999999999994,0.8660254037844387
184.76538717413536,2,1,1,2,2.586715420437895,0.49999999999999994,0.8660254037844387
252.6380637766228,1,1,0,0,3.536932892872719,0.9659258262890683,0.25881904510252074
151.32360334013788,0,0,0,1,2.1185304467619304,0.49999999999999994,-0.8660254037844387
381.7992531563791,2,0,0,2,5.345189544189307,-0.9659258262890684,0.2588190451025203
150.07747195534984,2,0,0,2,2.1010846073748977,-0.2588190451025208,-0.9659258262890683
138.2666105402031,0,1,1,1,1.935732547562843,0.25881904510252074,0.9659258262890683
103.44315807063236,0,0,1,1,1.4482042129888533,0.258819045102521,-0.9659258262890682
147.38643894676233,2,0,0,2,2.0634101452546725,-0.7071067811865471,-0.7071067811865479
464.32593115990085,2,1,0,2,6.500563036238612,0.49999999999999994,0.8660254037844387
285.3947935150441,2,1,0,2,3.9955271092106175,-0.8660254037844386,0.5000000000000001
312.00008998310443,0,0,0,1,4.368001259763462,-0.7071067811865471,-0.7071067811865479
462.61989415970817,2,0,0,2,6.476678518235914,0.7071067811865476,-0.7071067811865475
232.6940281735919,2,0,0,2,3.2577163944302865,-0.9659258262890684,0.2588190451025203
385.75383298583256,0,1,0,1,5.400553661801656,0.8660254037844386,0.5000000000000001
373.0950005077585,1,0,1,0,5.223330007108619,1.2246467991473532e-16,-1.0
18.435491157505794,1,0,0,0,0.2580968762050811,0.258819045102521,-0.9659258262890682
515.1370439733694,2,1,0,2,7.211918615627171,0.0,1.0
5.6543204127250135,2,0,0,2,0.07916048577815019,-0.9659258262890684,0.2588190451025203
415.1259969060127,2,0,0,2,5.811763956684177,0.49999999999999994,-0.8660254037844387
23.0731466430139,2,0,1,2,0.3230240530021946,-1.0,-1.8369701987210297e-16
358.2226218673012,1,0,1,0,5.015116706142217,-0.4999999999999997,-0.8660254037844388
585.144678067031,2,0,0,2,8.192025492938434,-0.9659258262890683,-0.25881904510252063
211.66384182096198,2,0,1,2,2.963293785493468,-0.7071067811865471,-0.7071067811865479
203.85598428643365,2,0,0,2,2.853983780010071,1.0,6.123233995736766e-17
359.8791998770329,2,0,0,2,5.03830879827846,0.7071067811865476,-0.7071067811865475
190.70863792674226,0,0,0,1,2.6699209309743916,-0.7071067811865471,-0.7071067811865479
577.2901666737079,2,0,1,2,8.08206233343191,-0.8660254037844385,-0.5000000000000004
284.5946049025652,2,0,0,2,3.984324468635913,1.0,6.123233995736766e-17
192.36948852026936,2,0,0,2,2.693172839283771,0.49999999999999994,-0.8660254037844387
152.74860497877702,2,0,0,2,2.1384804697028783,-0.8660254037844385,-0.5000000000000004
82.0692753688563,2,1,1,2,1.1489698551639882,0.8660254037844386,0.5000000000000001
137.00410238365185,0,1,0,1,1.918057433371126,0.0,1.0
186.87878914145264,0,1,1,1,2.616303047980337,0.49999999999999994,0.8660254037844387
162.2249667702556,0,0,0,1,2.2711495347835786,-0.7071067811865471,-0.7071067811865479
131.5284506553213,1,1,0,0,1.8413983091744983,-0.25881904510252157,0.9659258262890681
627.7914214634391,1,0,0,0,8.789079900488147,-0.4999999999999997,-0.8660254037844388
64.58288623189182,1,1,0,0,0.9041604072464854,0.7071067811865476,0.7071067811865476
276.3938657763115,2,0,1,2,3.8695141208683608,0.258819045102521,-0.9659258262890682
356.65378175695696,2,1,0,2,4.993152944597397,0.0,1.0
363.41943920507185,2,0,0,2,5.087872148871006,-0.8660254037844385,-0.5000000000000004
239.45072635915503,0,1,1,1,3.3523101690281707,-0.25881904510252157,0.9659258262890681
206.6735370674843,1,0,0,0,2.8934295189447803,-0.4999999999999997,-0.8660254037844388
331.27854842311115,0,1,1,1,4.6378996779235555,-0.25881904510252157,0.9659258262890681
297.9738969960761,2,0,1,2,4.171634557945065,-0.9659258262890684,0.2588190451025203
203.3874097418476,1,0,0,0,2.8474237363858665,-0.9659258262890684,0.2588190451025203
31.138142910397562,2,0,1,2,0.4359340007455659,0.7071067811865476,-0.7071067811865475
165.77372998001545,2,0,0,2,2.320832219720216,0.49999999999999994,-0.8660254037844387
43.620970532657594,2,0,0,2,0.6106935874572064,-0.9659258262890683,-0.25881904510252063
129.9112809880612,2,1,0,2,1.818757933832857,0.25881904510252074,0.9659258262890683
255.9801829330527,2,1,0,2,3.583722561062738,0.9659258262890683,0.25881904510252074
314.5725059193909,2,0,1,2,4.404015082871473,-0.7071067811865471,-0.7071067811865479
570.481495232633,2,1,0,2,7.986740933256862,-0.25881904510252157,0.9659258262890681
153.2668517973135,0,0,0,1,2.1457359251623895,1.0,6.123233995736766e-17
389.4326143495271,0,1,0,1,5.452056600893379,-0.5000000000000004,0.8660254037844384
305.0728043988106,0,0,0,1,4.271019261583349,-1.0,-1.8369701987210297e-16
483.2795807151622,2,0,0,2,6.76591413001227,0.258819045102521,-0.9659258262890682
353.7211695272127,0,0,0,1,4.952096373380978,-0.9659258262890683,-0.25881904510252063
68.47334308846308,1,0,0,0,0.9586268032384831,0.7071067811865476,-0.7071067811865475
60.14828527242162,2,0,0,2,0.8420759938139026,1.0,6.123233995736766e-17
306.0271059401509,2,1,0,2,4.2843794831621125,0.7071067811865476,0.7071067811865476
154.87882037792969,2,0,0,2,2.1683034852910157,-0.8660254037844385,-0.5000000000000004
73.54352572889249,2,0,1,2,1.029609360204495,-0.8660254037844385,-0.5000000000000004
21.83601318404604,0,1,1,1,0.30570418457664456,0.7071067811865476,0.7071067811865476
278.975589565688,0,1,0,1,3.9056582539196314,-0.8660254037844386,0.5000000000000001
521.3873858764057,2,1,0,2,7.29942340226968,0.8660254037844386,0.5000000000000001
176.4389777729125,0,1,0,1,2.470145688820775,0.0,1.0
356.24865599355803,0,0,0,1,4.9874811839098125,-1.0,-1.8369701987210297e-16
231.59205696083336,1,1,1,0,3.242288797451667,-0.7071067811865477,0.7071067811865474
17.911223961389283,2,1,0,2,0.25075713545944994,-0.5000000000000004,0.8660254037844384
382.2660418318751,1,0,0,0,5.351724585646251,0.49999999999999994,-0.8660254037844387
52.95543207507316,2,1,0,2,0.7413760490510242,0.0,1.0
253.89279350684166,0,0,0,1,3.5544991090957834,0.9659258262890683,-0.25881904510252063
188.52632529904508,2,1,0,2,2.639368554186631,0.7071067811865476,0.7071067811865476
410.7539382218245,2,1,0,2,5.750555135105543,-0.7071067811865477,0.7071067811865474
59.53282135527641,0,0,1,1,0.8334594989738698,-0.4999999999999997,-0.8660254037844388
320.35658340435276,2,0,0,2,4.4849921676609386,-0.8660254037844385,-0.5000000000000004
98.83646667723383,2,0,1,2,1.3837105334812736,-0.9659258262890683,-0.25881904510252063
158.00106178081867,2,1,0,2,2.2120148649314615,0.49999999999999994,0.8660254037844387
404.3360409572184,0,0,0,1,5.660704573401058,-0.9659258262890683,-0.25881904510252063
626.5777428912236,2,0,1,2,8.77208840047713,1.0,6.123233995736766e-17
349.1002479087217,0,0,0,1,4.887403470722104,-0.8660254037844385,-0.5000000000000004
111.87745253113039,2,0,0,2,1.5662843354358253,-0.9659258262890683,-0.25881904510252063
47.56197610006109,2,0,0,2,0.6658676654008552,-0.9659258262890684,0.2588190451025203
160.78322448171872,2,0,1,2,2.2509651427440622,0.9659258262890683,-0.25881904510252063
379.0383162675013,2,0,1,2,5.306536427745018,0.49999999999999994,-0.8660254037844387
90.57528660528658,2,1,0,2,1.268054012474012,0.49999999999999994,0.8660254037844387
224.51480452701912,2,0,0,2,3.143207263378268,1.0,6.123233995736766e-17
568.7155370432812,1,0,0,0,7.962017518605937,-0.4999999999999997,-0.8660254037844388
45.88965952579525,0,0,0,1,0.6424552333611335,0.7071067811865476,-0.7071067811865475
264.4693069774579,2,0,1,2,3.7025702976844106,0.258819045102521,-0.9659258262890682
646.5957667463964,2,0,1,2,9.05234073444955,0.258819045102521,-0.9659258262890682
363.7872933443391,0,0,0,1,5.093022106820747,-1.0,-1.8369701987210297e-16
272.6662876873819,2,0,1,2,3.817328027623346,-1.0,-1.8369701987210297e-16
341.1945618836205,2,0,0,2,4.776723866370687,-0.4999999999999997,-0.8660254037844388
177.84423969825357,0,1,0,1,2.4898193557755497,-0.8660254037844386,0.5000000000000001
483.9336313546192,0,1,0,1,6.775070838964669,-0.8660254037844386,0.5000000000000001
178.12059587796188,0,1,0,1,2.493688342291466,0.8660254037844386,0.5000000000000001
102.65268957247588,2,0,0,2,1.4371376540146623,1.2246467991473532e-16,-1.0
179.56544129071722,2,0,0,2,2.513916178070041,0.8660254037844387,-0.4999999999999998
75.98778462219337,0,1,0,1,1.0638289847107072,-0.7071067811865477,0.7071067811865474
199.38507780446272,2,1,0,2,2.7913910892624783,-0.5000000000000004,0.8660254037844384
203.36486936548644,2,0,1,2,2.8471081711168105,0.7071067811865476,-0.7071067811865475
465.53617596488334,2,0,0,2,6.517506463508367,0.9659258262890683,-0.25881904510252063
375.15269079958944,2,0,1,2,5.2521376711942525,0.8660254037844387,-0.4999999999999998
297.3877877635714,1,1,0,0,4.1634290286899995,0.9659258262890683,0.25881904510252074
249.46982596013288,0,1,1,1,3.4925775634418605,-0.25881904510252157,0.9659258262890681
59.40555840556101,0,0,0,1,0.8316778176778541,-0.9659258262890683,-0.25881904510252063
142.61154277982195,2,0,0,2,1.9965615989175072,0.7071067811865476,-0.7071067811865475
270.368802050701,2,1,0,2,3.7851632287098136,-0.25881904510252157,0.9659258262890681
393.0354166432586,2,0,0,2,5.502495833005621,-0.4999999999999997,-0.8660254037844388
230.49990101597393,2,0,0,2,3.2269986142236347,1.2246467991473532e-16,-1.0
153.72622189839393,1,0,1,0,2.1521671065775148,0.49999999999999994,-0.8660254037844387
333.61038973855824,2,1,0,2,4.670545456339815,0.25881904510252074,0.9659258262890683
235.00020388761754,2,0,0,2,3.2900028544266458,0.9659258262890683,-0.25881904510252063
553.433954555313,2,0,0,2,7.748075363774382,-0.9659258262890683,-0.25881904510252063
471.8911015722912,0,1,1,1,6.6064754220120765,0.49999999999999994,0.8660254037844387
422.71145026419936,2,1,1,2,5.917960303698791,-0.5000000000000004,0.8660254037844384
386.3921405577827,2,1,0,2,5.409489967808958,0.49999999999999994,0.8660254037844387
17.76986539873775,2,1,0,2,0.24877811558232849,-0.8660254037844386,0.5000000000000001
369.33886636946795,0,0,0,1,5.170744129172552,1.0,6.123233995736766e-17
317.73867237638353,2,0,1,2,4.44834141326937,-0.9659258262890683,-0.25881904510252063
359.1564511104094,1,1,0,0,5.028190315545732,-0.8660254037844386,0.5000000000000001
338.66970762634946,0,1,0,1,4.7413759067688925,-0.8660254037844386,0.5000000000000001
331.4972658126518,2,0,1,2,4.640961721377125,0.8660254037844387,-0.4999999999999998
736.155964518927,0,0,0,1,10.306183503264977,-0.9659258262890683,-0.25881904510252063
236.28657940865457,2,1,1,2,3.3080121117211636,0.0,1.0
418.54072854927944,1,1,0,0,5.859570199689912,0.7071067811865476,0.7071067811865476
165.2218341524794,2,1,0,2,2.3131056781347117,0.7071067811865476,0.7071067811865476
392.315485099781,2,0,1,2,5.492416791396934,-0.8660254037844385,-0.5000000000000004
419.077580241842,2,1,0,2,5.867086123385787,-0.5000000000000004,0.8660254037844384
315.5966938843626,2,1,0,2,4.418353714381077,0.25881904510252074,0.9659258262890683
550.4644496277699,1,0,1,0,7.70650229478878,-0.4999999999999997,-0.8660254037844388
90.83031345512484,2,0,0,2,1.2716243883717477,1.2246467991473532e-16,-1.0
162.30023049972002,0,0,0,1,2.27220322699608,0.8660254037844387,-0.4999999999999998
288.22841548422815,2,0,0,2,4.035197816779194,1.0,6.123233995736766e-17
408.54523362716,1,0,0,0,5.719633270780239,0.258819045102521,-0.9659258262890682
282.29731383308797,2,0,0,2,3.9521623936632313,0.258819045102521,-0.9659258262890682
481.4366265719019,2,0,0,2,6.740112772006627,-0.2588190451025208,-0.9659258262890683
130.89582322606253,2,1,1,2,1.8325415251648756,-0.5000000000000004,0.8660254037844384
44.69587189206021,0,0,1,1,0.6257422064888429,-0.4999999999999997,-0.8660254037844388
305.4631005765708,2,1,0,2,4.276483408071991,0.0,1.0
236.10755029953467,2,0,0,2,3.305505704193485,0.8660254037844387,-0.4999999999999998
347.7154696644796,2,0,1,2,4.868016575302714,-0.7071067811865471,-0.7071067811865479
245.0675876440293,0,0,1,1,3.4309462270164097,0.8660254037844387,-0.4999999999999998
188.79643768777774,2,0,0,2,2.6431501276288882,-0.7071067811865471,-0.7071067811865479
236.51123708972978,0,1,0,1,3.3111573192562167,0.25881904510252074,0.9659258262890683
255.1928010627733,2,0,1,2,3.5726992148788264,0.7071067811865476,-0.7071067811865475
195.10336602730052,0,0,1,1,2.7314471243822074,-0.9659258262890683,-0.25881904510252063
213.43623166178293,1,0,0,0,2.988107243264961,1.2246467991473532e-16,-1.0
177.35319934235616,2,1,0,2,2.482944790792986,0.25881904510252074,0.9659258262890683
404.1997215764932,2,0,0,2,5.658796102070904,1.2246467991473532e-16,-1.0
284.92378081104386,2,1,0,2,3.988932931354614,-0.25881904510252157,0.9659258262890681
656.2154449903779,2,1,0,2,9.187016229865291,0.49999999999999994,0.8660254037844387
278.9268192301231,2,0,1,2,3.9049754692217236,-0.4999999999999997,-0.8660254037844388
150.8456553408409,0,1,0,1,2.1118391747717724,0.49999999999999994,0.8660254037844387
730.7215674753517,2,1,1,2,10.230101944654923,-0.5000000000000004,0.8660254037844384
324.45274798858037,1,0,0,0,4.542338471840125,0.7071067811865476,-0.7071067811865475
428.222461640707,2,1,0,2,5.995114462969898,0.9659258262890683,0.25881904510252074
356.5785369764485,0,1,1,1,4.992099517670279,-0.5000000000000004,0.8660254037844384
362.14198527359474,2,1,0,2,5.069987793830326,-0.7071067811865477,0.7071067811865474
346.41772924344536,2,0,1,2,4.849848209408235,-0.2588190451025208,-0.9659258262890683
51.62477834030824,2,0,0,2,0.7227468967643154,0.8660254037844387,-0.4999999999999998
316.1552285610542,2,0,1,2,4.426173199854758,-0.9659258262890683,-0.25881904510252063
11.524965306956972,2,0,1,2,0.1613495142973976,0.9659258262890683,-0.25881904510252063
218.61468944574383,0,1,0,1,3.060605652240414,0.9659258262890683,0.25881904510252074
119.3888578186083,1,0,0,0,1.671444009460516,-0.4999999999999997,-0.8660254037844388
314.3446334527703,2,0,0,2,4.400824868338785,-0.2588190451025208,-0.9659258262890683
310.1427245208822,2,0,1,2,4.341998143292351,-0.4999999999999997,-0.8660254037844388
336.6062603377336,2,0,0,2,4.71248764472827,-0.9659258262890684,0.2588190451025203
301.7133830948357,2,1,0,2,4.2239873633277005,0.9659258262890683,0.25881904510252074
140.7714384784482,2,1,0,2,1.9708001386982748,-0.7071067811865477,0.7071067811865474
203.01937191669768,0,0,0,1,2.842271206833767,0.258819045102521,-0.9659258262890682
415.6713090258073,1,0,0,0,5.819398326361303,0.7071067811865476,-0.7071067811865475
442.21420191299194,1,0,0,0,6.190998826781887,-1.0,-1.8369701987210297e-16
43.57904224722114,2,0,0,2,0.6101065914610959,0.9659258262890683,-0.25881904510252063
25.566973852276362,0,1,0,1,0.35793763393186906,0.8660254037844386,0.5000000000000001
119.15991102315184,0,0,0,1,1.6682387543241257,0.7071067811865476,-0.7071067811865475
438.1373647658051,2,0,0,2,6.133923106721271,0.49999999999999994,-0.8660254037844387
468.6791254329462,2,0,1,2,6.561507756061246,-0.9659258262890684,0.2588190451025203
83.55186152778913,0,0,0,1,1.1697260613890479,-0.2588190451025208,-0.9659258262890683
305.3156836725409,2,0,0,2,4.274419571415572,-0.2588190451025208,-0.9659258262890683
580.1976399652158,2,1,0,2,8.12276695951302,0.25881904510252074,0.9659258262890683
324.7560659032601,2,0,0,2,4.546584922645641,-0.8660254037844385,-0.5000000000000004
505.8705913419568,0,0,0,1,7.082188278787395,-0.4999999999999997,-0.8660254037844388
429.77078261495774,2,1,0,2,6.016790956609409,-0.5000000000000004,0.8660254037844384
86.16423287897607,1,1,0,0,1.206299260305665,0.49999999999999994,0.8660254037844387
215.80334377052594,0,1,0,1,3.0212468127873633,0.49999999999999994,0.8660254037844387
256.2558060925326,0,1,0,1,3.5875812852954567,0.49999999999999994,0.8660254037844387
268.7440098438412,2,1,1,2,3.7624161378137764,0.49999999999999994,0.8660254037844387
414.93921161894286,0,0,0,1,5.8091489626652,-0.9659258262890683,-0.25881904510252063
323.5632572095735,2,1,0,2,4.529885600934029,0.9659258262890683,0.25881904510252074
278.5161698800607,2,0,1,2,3.89922637832085,-0.2588190451025208,-0.9659258262890683
13.688750843309322,2,1,1,2,0.1916425118063305,0.49999999999999994,0.8660254037844387
143.72856469568774,2,1,0,2,2.0121999057396285,0.0,1.0
281.56574331796014,0,0,0,1,3.941920406451442,0.7071067811865476,-0.7071067811865475
293.287776904197,2,0,0,2,4.106028876658758,1.2246467991473532e-16,-1.0
300.9804925499293,2,0,1,2,4.21372689569901,0.8660254037844387,-0.4999999999999998
77.39291181136906,2,1,1,2,1.083500765359167,-0.7071067811865477,0.7071067811865474
371.34592092159806,1,1,1,0,5.198842892902373,-0.7071067811865477,0.7071067811865474
378.92724936433524,0,1,0,1,5.304981491100693,0.25881904510252074,0.9659258262890683
24.073167903071607,0,0,0,1,0.3370243506430025,0.7071067811865476,-0.7071067811865475
13.88687626079701,2,0,0,2,0.19441626765115813,0.258819045102521,-0.9659258262890682
249.9762964791512,2,0,0,2,3.4996681507081164,-1.0,-1.8369701987210297e-16
572.5208092504047,1,1,0,0,8.015291329505667,0.49999999999999994,0.8660254037844387
555.9536935957556,2,0,1,2,7.783351710340577,-1.0,-1.8369701987210297e-16
351.41278488064944,2,1,1,2,4.919778988329092,0.0,1.0
118.60059911558625,0,0,1,1,1.6604083876182076,-0.4999999999999997,-0.8660254037844388
409.6316787079453,2,1,0,2,5.734843501911234,-0.5000000000000004,0.8660254037844384
168.56363233437253,0,0,1,1,2.3598908526812155,1.2246467991473532e-16,-1.0
111.8487333987141,2,0,0,2,1.5658822675819974,1.0,6.123233995736766e-17
135.91402969195894,2,1,1,2,1.9027964156874253,0.25881904510252074,0.9659258262890683
268.42879570257753,2,1,1,2,3.7580031398360854,-0.7071067811865477,0.7071067811865474
136.62387715527245,2,0,0,2,1.9127342801738143,-0.9659258262890684,0.2588190451025203
267.3574683151308,0,0,0,1,3.7430045564118313,0.49999999999999994,-0.8660254037844387
163.88438532267105,0,1,0,1,2.2943813945173948,-0.5000000000000004,0.8660254037844384
280.5688010650637,2,0,0,2,3.927963214910892,-0.7071067811865471,-0.7071067811865479
187.60180951489303,2,0,1,2,2.626425333208503,-0.2588190451025208,-0.9659258262890683
445.8292455883394,0,1,0,1,6.241609438236752,-0.5000000000000004,0.8660254037844384
343.9404221443152,0,0,0,1,4.815165910020413,-0.4999999999999997,-0.8660254037844388
199.8403411435742,2,0,0,2,2.7977647760100384,-0.9659258262890684,0.2588190451025203
351.28957481477426,2,0,1,2,4.918054047406839,-1.0,-1.8369701987210297e-16
73.94663272056059,2,0,0,2,1.0352528580878482,1.0,6.123233995736766e-17
263.02759281068063,0,0,1,1,3.6823862993495284,0.8660254037844387,-0.4999999999999998
393.0593269228604,1,1,1,0,5.502830576920046,0.7071067811865476,0.7071067811865476
306.97206483645016,2,1,1,2,4.297608907710303,0.9659258262890683,0.25881904510252074
169.4996152580457,0,1,0,1,2.37299461361264,-0.5000000000000004,0.8660254037844384
245.92405657545262,2,0,0,2,3.442936792056337,0.7071067811865476,-0.7071067811865475
214.66714880576203,2,1,0,2,3.0053400832806685,0.49999999999999994,0.8660254037844387
512.2783287209329,2,1,0,2,7.17189660209306,-0.8660254037844386,0.5000000000000001
47.6977975138808,0,1,0,1,0.6677691651943312,0.0,1.0
138.19133617985878,2,1,0,2,1.9346787065180229,0.9659258262890683,0.25881904510252074
94.8564247355207,2,1,1,2,1.32798994629729,0.8660254037844386,0.5000000000000001
521.8515972291661,2,1,0,2,7.305922361208326,-0.5000000000000004,0.8660254037844384
205.667774330416,2,0,0,2,2.879348840625824,-0.4999999999999997,-0.8660254037844388
171.08640015339273,2,0,0,2,2.395209602147498,0.49999999999999994,-0.8660254037844387
240.55311718407148,0,0,0,1,3.3677436405770007,-0.9659258262890684,0.2588190451025203
364.52244911745834,2,0,0,2,5.103314287644416,1.2246467991473532e-16,-1.0
312.52541263290243,0,1,1,1,4.375355776860634,0.9659258262890683,0.25881904510252074
726.6191584402757,2,1,0,2,10.172668218163858,0.8660254037844386,0.5000000000000001
331.7084599126794,2,1,1,2,4.643918438777512,0.25881904510252074,0.9659258262890683
166.25582274956543,2,0,1,2,2.327581518493916,-0.8660254037844385,-0.5000000000000004
148.95578724568952,2,1,0,2,2.0853810214396535,-0.25881904510252157,0.9659258262890681
179.30338856497434,2,0,0,2,2.510247439909641,0.258819045102521,-0.9659258262890682
20.330646433370816,2,0,1,2,0.2846290500671914,0.258819045102521,-0.9659258262890682
257.1755573484855,0,1,0,1,3.600457802878797,-0.7071067811865477,0.7071067811865474
391.0242591176051,0,0,0,1,5.474339627646471,-0.2588190451025208,-0.9659258262890683
139.59455188781754,2,0,1,2,1.9543237264294457,1.0,6.123233995736766e-17
104.67158986885991,2,1,0,2,1.465402258164039,-0.7071067811865477,0.7071067811865474
522.8701263329621,2,0,1,2,7.3201817686614685,-0.2588190451025208,-0.9659258262890683
6.766968191809724,2,0,0,2,0.09473755468533614,1.0,6.123233995736766e-17
122.20730776591421,2,0,0,2,1.7109023087227988,0.8660254037844387,-0.4999999999999998
42.477650143471124,0,0,0,1,0.5946871020085958,-0.2588190451025208,-0.9659258262890683
27.27788908237335,2,1,0,2,0.3818904471532269,-0.8660254037844386,0.5000000000000001
319.52069153882474,2,0,0,2,4.473289681543546,-0.8660254037844385,-0.5000000000000004
185.07318991907675,2,0,0,2,2.5910246588670742,-0.8660254037844385,-0.5000000000000004
210.45633189570881,2,1,1,2,2.946388646539923,-0.8660254037844386,0.5000000000000001
457.5281518554592,0,0,1,1,6.405394125976429,1.2246467991473532e-16,-1.0
125.55972499070025,2,0,0,2,1.7578361498698034,-0.9659258262890683,-0.25881904510252063
389.5160941142153,2,0,0,2,5.453225317599014,-1.0,-1.8369701987210297e-16
522.0381038565765,0,0,0,1,7.308533453992071,-0.8660254037844385,-0.5000000000000004
167.98075035754107,2,1,0,2,2.3517305050055746,0.9659258262890683,0.25881904510252074
382.66411400013646,0,0,0,1,5.35729759600191,0.258819045102521,-0.9659258262890682
206.47277574478358,0,1,0,1,2.89061886042697,0.9659258262890683,0.25881904510252074
416.337663191342,2,1,0,2,5.828727284678788,0.49999999999999994,0.8660254037844387
32.868053763729165,0,0,1,1,0.4601527526922083,-0.4999999999999997,-0.8660254037844388
46.192204122562316,2,1,0,2,0.6466908577158724,0.49999999999999994,0.8660254037844387
179.57181131664265,2,1,0,2,2.514005358432997,-0.5000000000000004,0.8660254037844384
89.99353436924127,2,0,0,2,1.2599094811693778,-0.4999999999999997,-0.8660254037844388
156.99236030262063,2,1,0,2,2.1978930442366886,0.0,1.0
210.48521515951484,0,1,0,1,2.9467930122332078,-0.8660254037844386,0.5000000000000001
379.6024357305253,0,1,1,1,5.314434100227354,0.49999999999999994,0.8660254037844387
176.6210958581317,1,1,0,0,2.4726953420138438,0.8660254037844386,0.5000000000000001
101.70496408784442,0,0,0,1,1.4238694972298218,-0.2588190451025208,-0.9659258262890683
186.7275921833982,2,1,0,2,2.614186290567575,0.7071067811865476,0.7071067811865476
111.55384963480881,2,1,1,2,1.5617538948873235,-0.7071067811865477,0.7071067811865474
81.8790096287114,2,0,0,2,1.1463061348019596,0.8660254037844387,-0.4999999999999998
40.343026443854455,2,0,1,2,0.5648023702139624,-0.9659258262890683,-0.25881904510252063
262.50606091979415,2,0,1,2,3.675084852877118,0.7071067811865476,-0.7071067811865475
147.6329728125304,1,0,1,0,2.0668616193754255,0.9659258262890683,-0.25881904510252063
423.9301730622409,2,0,1,2,5.935022422871373,1.2246467991473532e-16,-1.0
10.5312965706093,2,1,0,2,0.1474381519885302,0.25881904510252074,0.9659258262890683
152.42496009138182,2,0,1,2,2.1339494412793454,-0.9659258262890684,0.2588190451025203
576.3232997185748,0,0,1,1,8.068526196060047,-0.9659258262890684,0.2588190451025203
80.8702869223871,0,0,0,1,1.1321840169134194,1.0,6.123233995736766e-17
207.42401462269768,0,0,0,1,2.9039362047177675,0.49999999999999994,-0.8660254037844387
31.148083091433676,2,1,0,2,0.43607316328007145,0.8660254037844386,0.5000000000000001
7.283047699423406,0,0,0,1,0.10196266779192768,-0.9659258262890683,-0.25881904510252063
528.5159769557821,2,0,0,2,7.399223677380949,0.9659258262890683,-0.25881904510252063
280.7871086746865,0,0,0,1,3.931019521445611,0.7071067811865476,-0.7071067811865475
274.0621908827722,2,1,0,2,3.8368706723588106,0.25881904510252074,0.9659258262890683
55.336922320919996,2,1,1,2,0.77471691249288,0.49999999999999994,0.8660254037844387
314.57344985949453,2,1,0,2,4.404028298032923,-0.5000000000000004,0.8660254037844384
458.3359502788886,0,1,1,1,6.416703303904441,0.8660254037844386,0.5000000000000001
456.9058709491353,2,0,0,2,6.3966821932878934,-0.7071067811865471,-0.7071067811865479
370.29998132910896,0,0,0,1,5.184199738607526,0.7071067811865476,-0.7071067811865475
46.69259603282728,2,0,1,2,0.6536963444595819,0.49999999999999994,-0.8660254037844387
306.3622150947385,2,0,0,2,4.289071011326339,-1.0,-1.8369701987210297e-16
370.16529288578937,2,0,0,2,5.182314100401051,-0.7071067811865471,-0.7071067811865479
72.99984531600222,2,0,0,2,1.021997834424031,0.258819045102521,-0.9659258262890682
48.16967353327874,2,1,0,2,0.6743754294659023,0.25881904510252074,0.9659258262890683
409.8683179138195,2,0,1,2,5.738156450793473,0.49999999999999994,-0.8660254037844387
407.68823980094714,0,1,0,1,5.7076353572132605,-0.7071067811865477,0.7071067811865474
28.744946051850604,2,1,0,2,0.40242924472590846,0.0,1.0
393.10386266845103,1,1,0,0,5.503454077358314,-0.25881904510252157,0.9659258262890681
267.1546118476512,0,1,0,1,3.7401645658671168,0.8660254037844386,0.5000000000000001
390.5816118292872,0,1,0,1,5.468142565610021,-0.8660254037844386,0.5000000000000001
135.78616178189054,2,0,0,2,1.9010062649464676,-0.2588190451025208,-0.9659258262890683
366.13302936656237,2,0,0,2,5.125862411131873,-0.9659258262890683,-0.25881904510252063
401.8891794074124,2,0,0,2,5.6264485117037735,1.0,6.123233995736766e-17
186.7597116179719,0,1,1,1,2.6146359626516067,0.8660254037844386,0.5000000000000001
253.1954583111915,0,0,0,1,3.544736416356681,0.9659258262890683,-0.25881904510252063
133.26610668916237,2,1,0,2,1.8657254936482732,-0.8660254037844386,0.5000000000000001
547.2950107634583,2,0,0,2,7.662130150688417,-0.4999999999999997,-0.8660254037844388
228.35105092136212,0,1,0,1,3.19691471289907,0.8660254037844386,0.5000000000000001
84.03562146810725,2,0,1,2,1.1764987005535015,1.2246467991473532e-16,-1.0
121.15133550254498,0,0,0,1,1.69611869703563,-1.0,-1.8369701987210297e-16
272.8187082055804,2,1,0,2,3.8194619148781253,0.25881904510252074,0.9659258262890683
385.59961092007813,0,1,0,1,5.3983945528810935,0.8660254037844386,0.5000000000000001
9.551167872906092,2,1,1,2,0.1337163502206853,0.8660254037844386,0.5000000000000001
582.5788005296408,2,1,0,2,8.156103207414972,0.9659258262890683,0.25881904510252074
305.561552930011,0,0,0,1,4.277861741020153,-0.7071067811865471,-0.7071067811865479
333.9620751344942,1,1,1,0,4.675469051882919,0.25881904510252074,0.9659258262890683
232.50588211178143,2,1,0,2,3.2550823495649404,0.8660254037844386,0.5000000000000001
253.4666141232026,2,0,1,2,3.548532597724836,-0.4999999999999997,-0.8660254037844388
223.30903517306746,0,1,0,1,3.1263264924229444,0.0,1.0
433.20327442647283,1,0,0,0,6.0648458419706195,-1.0,-1.8369701987210297e-16
248.57285425839333,0,1,0,1,3.4800199596175068,0.49999999999999994,0.8660254037844387
388.0690393286878,1,0,0,0,5.432966550601629,-1.0,-1.8369701987210297e-16
171.907445796537,2,0,0,2,2.406704241151518,-0.4999999999999997,-0.8660254037844388
285.21529509621683,2,1,0,2,3.993014131347036,0.49999999999999994,0.8660254037844387
105.29433803690418,0,0,0,1,1.4741207325166585,0.9659258262890683,-0.25881904510252063
468.97508185891667,0,0,0,1,6.565651146024833,-0.4999999999999997,-0.8660254037844388
99.92549667055917,2,1,0,2,1.3989569533878283,0.0,1.0
191.50370003296126,2,1,0,2,2.6810518004614576,0.9659258262890683,0.25881904510252074
193.30712575814593,0,1,0,1,2.706299760614043,-0.7071067811865477,0.7071067811865474
186.2887502187217,2,0,0,2,2.6080425030621037,-0.8660254037844385,-0.5000000000000004
380.04923849972863,2,0,0,2,5.320689338996201,-0.7071067811865471,-0.7071067811865479
193.00160234740414,2,0,0,2,2.702022432863658,1.2246467991473532e-16,-1.0
500.90641549739314,0,1,0,1,7.012689816963504,0.0,1.0
102.67448449656973,0,1,0,1,1.4374427829519765,0.49999999999999994,0.8660254037844387
280.48794458968723,2,1,1,2,3.926831224255621,-0.25881904510252157,0.9659258262890681
110.35852192373201,0,1,0,1,1.5450193069322482,0.9659258262890683,0.25881904510252074
325.775100855664,0,0,0,1,4.560851411979296,-0.9659258262890684,0.2588190451025203
247.1290491441814,2,1,1,2,3.45980668801854,-0.8660254037844386,0.5000000000000001
222.08883195427387,0,1,0,1,3.109243647359834,0.49999999999999994,0.8660254037844387
463.9254939706343,2,0,1,2,6.49495691558888,-0.4999999999999997,-0.8660254037844388
132.21846321008138,2,0,0,2,1.8510584849411393,-0.4999999999999997,-0.8660254037844388
355.57272837124003,2,0,1,2,4.97801819719736,0.49999999999999994,-0.8660254037844387
111.58721571853738,2,1,0,2,1.5622210200595232,-0.7071067811865477,0.7071067811865474
270.28333602886727,2,1,0,2,3.7839667044041416,0.9659258262890683,0.25881904510252074
34.796440919779826,0,1,0,1,0.4871501728769176,0.9659258262890683,0.25881904510252074
130.74691366478675,0,0,1,1,1.8304567913070147,0.8660254037844387,-0.4999999999999998
235.2142517968843,0,0,0,1,3.29299952515638,-0.2588190451025208,-0.9659258262890683
576.636850118154,2,0,0,2,8.072915901654156,0.49999999999999994,-0.8660254037844387
268.14469668275933,2,1,0,2,3.7540257535586306,-0.25881904510252157,0.9659258262890681
547.8402968560072,2,1,1,2,7.6697641559841,0.9659258262890683,0.25881904510252074
289.6581925043653,2,0,0,2,4.055214695061114,-0.9659258262890683,-0.25881904510252063
180.32483599451098,2,0,0,2,2.5245477039231536,-0.9659258262890684,0.2588190451025203
527.0841740681249,0,0,1,1,7.379178436953748,-0.4999999999999997,-0.8660254037844388
328.6631719732154,1,1,1,0,4.601284407625016,-0.7071067811865477,0.7071067811865474
134.31011310111154,2,0,0,2,1.8803415834155617,0.8660254037844387,-0.4999999999999998
334.70286269205354,2,0,0,2,4.685840077688749,0.49999999999999994,-0.8660254037844387
197.33294501663016,0,1,0,1,2.762661230232822,0.25881904510252074,0.9659258262890683
108.02615531083325,2,1,0,2,1.5123661743516654,0.9659258262890683,0.25881904510252074
418.47516866781115,0,1,0,1,5.858652361349356,-0.5000000000000004,0.8660254037844384
447.0881300155472,0,0,0,1,6.259233820217662,-0.2588190451025208,-0.9659258262890683
580.8295653986095,1,0,1,0,8.131613915580532,-0.2588190451025208,-0.9659258262890683
325.9858645951473,2,1,1,2,4.563802104332062,-0.25881904510252157,0.9659258262890681
205.22978366514414,0,0,1,1,2.8732169713120177,1.2246467991473532e-16,-1.0
400.29809692814547,2,1,1,2,5.604173356994037,0.8660254037844386,0.5000000000000001
402.96766575740315,0,0,0,1,5.641547320603644,0.8660254037844387,-0.4999999999999998
544.8906129645559,2,0,1,2,7.628468581503783,0.49999999999999994,-0.8660254037844387
241.9670278480404,2,0,0,2,3.387538389872566,1.0,6.123233995736766e-17
220.195784937833,2,1,0,2,3.082740989129662,0.25881904510252074,0.9659258262890683
121.20200444346506,2,1,0,2,1.6968280622085108,-0.25881904510252157,0.9659258262890681
346.7431756105363,0,0,0,1,4.854404458547508,0.258819045102521,-0.9659258262890682
28.68710028155033,0,1,1,1,0.4016194039417046,0.8660254037844386,0.5000000000000001
389.69572711526166,0,1,0,1,5.455740179613664,-0.25881904510252157,0.9659258262890681
355.8103219358421,2,1,1,2,4.98134450710179,0.25881904510252074,0.9659258262890683
355.31263644250697,0,0,0,1,4.974376910195097,-0.2588190451025208,-0.9659258262890683
274.8805425703313,2,0,0,2,3.848327595984638,1.0,6.123233995736766e-17
525.9360845555952,0,1,0,1,7.363105183778333,0.8660254037844386,0.5000000000000001
406.9588237768354,1,1,0,0,5.697423532875696,0.7071067811865476,0.7071067811865476
140.72610555237407,2,0,0,2,1.970165477733237,0.7071067811865476,-0.7071067811865475
143.94777105442358,0,0,0,1,2.0152687947619303,-0.7071067811865471,-0.7071067811865479
91.65871358536538,2,1,1,2,1.2832219901951152,0.9659258262890683,0.25881904510252074
349.23099989960576,2,1,1,2,4.889233998594481,-0.8660254037844386,0.5000000000000001
69.9749941768078,2,1,0,2,0.9796499184753091,0.9659258262890683,0.25881904510252074
445.0105858450034,2,0,0,2,6.230148201830048,0.8660254037844387,-0.4999999999999998
488.1351955021978,0,1,0,1,6.833892737030769,0.0,1.0
91.7770715889188,2,0,1,2,1.284879002244863,-0.7071067811865471,-0.7071067811865479
216.60126377328635,2,0,0,2,3.032417692826009,-0.8660254037844385,-0.5000000000000004
252.99177664523447,0,0,1,1,3.5418848730332826,1.2246467991473532e-16,-1.0
409.11696888454014,0,1,0,1,5.727637564383562,0.9659258262890683,0.25881904510252074
539.6818076097779,1,1,1,0,7.555545306536891,0.25881904510252074,0.9659258262890683
53.388630716343926,0,0,1,1,0.747440830028815,0.9659258262890683,-0.25881904510252063
192.72747084519708,0,1,0,1,2.698184591832759,-0.5000000000000004,0.8660254037844384
202.11699479913756,2,1,0,2,2.829637927187926,-0.7071067811865477,0.7071067811865474
5.0,2,1,1,2,0.07,0.7071067811865476,0.7071067811865476
162.6801965252689,2,0,0,2,2.277522751353765,0.8660254037844387,-0.4999999999999998
326.99840998311004,2,1,1,2,4.577977739763541,-0.5000000000000004,0.8660254037844384
199.83779748887972,0,0,0,1,2.797729164844316,1.0,6.123233995736766e-17
28.031810349334478,2,1,0,2,0.39244534489068267,-0.8660254037844386,0.5000000000000001
767.3348856417845,0,1,0,1,10.742688398984983,0.0,1.0
297.91201573675244,2,0,0,2,4.170768220314534,-0.2588190451025208,-0.9659258262890683
270.1049434192015,2,1,1,2,3.7814692078688212,0.25881904510252074,0.9659258262890683
52.373254647931645,2,0,1,2,0.7332255650710431,0.9659258262890683,-0.25881904510252063
296.92710915482957,0,0,0,1,4.156979528167614,0.49999999999999994,-0.8660254037844387
220.44151887253102,0,1,0,1,3.0861812642154343,0.8660254037844386,0.5000000000000001
89.93421428877315,0,0,0,1,1.2590790000428242,-0.9659258262890683,-0.25881904510252063
57.3540207974051,2,0,1,2,0.8029562911636714,0.258819045102521,-0.9659258262890682
393.0866831813101,1,1,0,0,5.503213564538341,-0.8660254037844386,0.5000000000000001
599.9231770000795,2,1,0,2,8.398924478001112,-0.25881904510252157,0.9659258262890681
316.08977290774806,2,0,1,2,4.425256820708473,-0.9659258262890684,0.2588190451025203
448.5549900928061,1,0,0,0,6.279769861299285,-1.0,-1.8369701987210297e-16
221.9640444550222,2,1,0,2,3.10749662237031,0.8660254037844386,0.5000000000000001
234.4216910774915,0,0,0,1,3.2819036750848807,1.0,6.123233995736766e-17
446.3762249715037,2,1,0,2,6.249267149601051,0.25881904510252074,0.9659258262890683
549.2999120523045,0,0,0,1,7.690198768732263,-0.8660254037844385,-0.5000000000000004
484.1974048238119,1,0,1,0,6.778763667533367,1.2246467991473532e-16,-1.0
58.05464643073259,2,0,0,2,0.8127650500302562,0.49999999999999994,-0.8660254037844387
237.94739974325577,0,1,0,1,3.331263596405581,0.8660254037844386,0.5000000000000001
299.9544432057331,2,0,0,2,4.199362204880264,1.2246467991473532e-16,-1.0
203.25796656864475,0,1,1,1,2.8456115319610262,-0.5000000000000004,0.8660254037844384
319.81435781480724,2,0,0,2,4.477401009407301,1.2246467991473532e-16,-1.0
397.70382610041054,2,0,0,2,5.5678535654057475,0.9659258262890683,-0.25881904510252063
430.50575535192525,2,0,0,2,6.027080574926953,0.49999999999999994,-0.8660254037844387
553.4566273998742,2,0,0,2,7.748392783598238,0.9659258262890683,-0.25881904510252063
190.70060114952975,1,0,1,0,2.6698084160934163,0.7071067811865476,-0.7071067811865475
5.0,2,0,0,2,0.07,0.49999999999999994,-0.8660254037844387
314.4822269226015,2,1,0,2,4.402751176916421,0.0,1.0
589.0859856132644,2,0,1,2,8.2472037985857,1.0,6.123233995736766e-17
164.14434520826936,2,0,1,2,2.2980208329157708,0.9659258262890683,-0.25881904510252063
373.6324558714695,0,1,0,1,5.230854382200573,0.9659258262890683,0.25881904510252074
375.2342426450757,1,0,0,0,5.25327939703106,-0.2588190451025208,-0.9659258262890683
284.4595685220296,2,0,0,2,3.9824339593084144,-0.9659258262890684,0.2588190451025203
251.24644978786858,0,0,0,1,3.51745029703016,1.0,6.123233995736766e-17
83.78274297014934,0,1,1,1,1.1729584015820909,0.49999999999999994,0.8660254037844387
160.69917303570395,2,1,0,2,2.2497884224998552,0.25881904510252074,0.9659258262890683
49.866872800474795,0,1,0,1,0.6981362192066471,-0.7071067811865477,0.7071067811865474
179.74525315989413,2,0,0,2,2.5164335442385175,-0.9659258262890683,-0.25881904510252063
447.5360837360872,0,1,0,1,6.265505172305221,-0.7071067811865477,0.7071067811865474
231.4369487767524,0,1,1,1,3.2401172828745333,0.49999999999999994,0.8660254037844387
156.57537059473327,2,0,0,2,2.192055188326266,-0.2588190451025208,-0.9659258262890683
89.62262044838252,1,0,1,0,1.254716686277355,-0.9659258262890683,-0.25881904510252063
368.22504913170644,0,0,1,1,5.15515068784389,1.2246467991473532e-16,-1.0
494.50428995750895,2,0,0,2,6.923060059405125,0.9659258262890683,-0.25881904510252063
441.41842993614273,0,1,1,1,6.179858019105998,0.7071067811865476,0.7071067811865476
359.10694595652444,2,0,0,2,5.027497243391343,-0.4999999999999997,-0.8660254037844388
15.610294348929187,1,0,1,0,0.21854412088500863,0.258819045102521,-0.9659258262890682
186.69863628812115,0,0,0,1,2.613780908033696,-0.2588190451025208,-0.9659258262890683
600.5147612001415,2,0,1,2,8.40720665680198,-0.9659258262890684,0.2588190451025203
451.95108854474046,2,0,0,2,6.327315239626366,1.0,6.123233995736766e-17
26.7505792822505,0,1,1,1,0.37450810995150696,-0.25881904510252157,0.9659258262890681
239.99370582413115,2,0,0,2,3.359911881537836,0.258819045102521,-0.9659258262890682
315.357717878987,2,0,0,2,4.4150080503058176,0.8660254037844387,-0.4999999999999998
112.81147665528042,2,0,0,2,1.5793606731739258,0.7071067811865476,-0.7071067811865475
165.65672385359278,2,0,0,2,2.3191941339502993,0.9659258262890683,-0.25881904510252063
267.78832810295773,2,0,1,2,3.7490365934414087,-0.9659258262890684,0.2588190451025203
108.20351362832093,2,1,1,2,1.5148491907964932,0.25881904510252074,0.9659258262890683
108.90848696475686,2,0,1,2,1.524718817506596,-0.7071067811865471,-0.7071067811865479
186.15753521246353,0,1,0,1,2.6062054929744893,-0.8660254037844386,0.5000000000000001
225.9383353621339,2,1,0,2,3.1631366950698747,-0.5000000000000004,0.8660254037844384
248.36509706277644,2,0,1,2,3.4771113588788705,-0.9659258262890683,-0.25881904510252063
90.88181819403974,2,0,0,2,1.2723454547165562,-0.9659258262890684,0.2588190451025203
210.36228466586607,0,1,0,1,2.9450719853221248,-0.7071067811865477,0.7071067811865474
66.3362066724959,2,1,1,2,0.9287068934149427,-0.25881904510252157,0.9659258262890681
305.98703176625406,2,0,0,2,4.283818444727557,0.7071067811865476,-0.7071067811865475
264.1295744014084,2,1,0,2,3.6978140416197176,0.9659258262890683,0.25881904510252074
197.89178552194846,0,1,0,1,2.7704849973072787,0.9659258262890683,0.25881904510252074
415.45350766185163,0,1,0,1,5.816349107265923,-0.7071067811865477,0.7071067811865474
59.318676290531215,0,0,1,1,0.8304614680674369,-0.9659258262890684,0.2588190451025203
378.95743665833197,0,0,0,1,5.305404113216648,1.2246467991473532e-16,-1.0
458.03188818176056,0,0,0,1,6.4124464345446475,-1.0,-1.8369701987210297e-16
345.42199144952997,2,0,0,2,4.83590788029342,-0.8660254037844385,-0.5000000000000004
222.7546773563664,0,1,0,1,3.1185654829891294,0.25881904510252074,0.9659258262890683
267.63921697308956,2,0,0,2,3.7469490376232537,-0.9659258262890683,-0.25881904510252063
228.7224797972297,0,0,1,1,3.202114717161216,1.0,6.123233995736766e-17
248.70918202336117,0,0,0,1,3.4819285483270566,-0.2588190451025208,-0.9659258262890683
196.8579174639509,2,1,0,2,2.756010844495313,-0.7071067811865477,0.7071067811865474
596.4709051743757,2,0,1,2,8.35059267244126,-0.4999999999999997,-0.8660254037844388
301.4828453742325,2,0,0,2,4.220759835239255,0.9659258262890683,-0.25881904510252063
97.17578222523363,0,0,1,1,1.3604609511532708,0.8660254037844387,-0.4999999999999998
513.7682969497333,0,1,0,1,7.192756157296267,-0.8660254037844386,0.5000000000000001
73.21037971561702,0,0,0,1,1.0249453160186384,0.49999999999999994,-0.8660254037844387
28.749213966702882,2,1,1,2,0.4024889955338404,0.49999999999999994,0.8660254037844387
163.90199426058177,0,0,1,1,2.2946279196481445,-0.9659258262890684,0.2588190451025203
574.1881353770801,0,0,0,1,8.038633895279123,-0.2588190451025208,-0.9659258262890683
309.82234686496065,0,0,0,1,4.3375128561094485,0.9659258262890683,-0.25881904510252063
368.69232217272906,2,1,1,2,5.161692510418207,0.49999999999999994,0.8660254037844387
304.18022210532564,2,0,0,2,4.258523109474559,-0.9659258262890683,-0.25881904510252063
353.2781970060252,0,1,0,1,4.9458947580843535,-0.5000000000000004,0.8660254037844384
264.0539885012781,0,0,1,1,3.696755839017894,-0.2588190451025208,-0.9659258262890683
298.76584168733945,1,0,0,0,4.1827217836227515,-0.9659258262890684,0.2588190451025203
269.3686185201311,2,0,1,2,3.771160659281836,0.9659258262890683,-0.25881904510252063
140.45347499752987,2,0,1,2,1.9663486499654181,-0.8660254037844385,-0.5000000000000004
241.60754226135955,1,0,0,0,3.3825055916590334,0.9659258262890683,-0.25881904510252063
299.24702318710195,2,1,1,2,4.189458324619427,0.8660254037844386,0.5000000000000001
269.89884151938355,0,0,0,1,3.7785837812713696,0.258819045102521,-0.9659258262890682
15.998979395597075,2,1,0,2,0.22398571153835906,0.25881904510252074,0.9659258262890683
7.9023996504863305,2,0,0,2,0.11063359510680863,-0.8660254037844385,-0.5000000000000004
444.9114581049504,0,0,1,1,6.228760413469305,1.2246467991473532e-16,-1.0
194.74107174098768,0,1,1,1,2.7263750043738275,-0.7071067811865477,0.7071067811865474
355.2505624664693,2,0,1,2,4.973507874530571,-0.2588190451025208,-0.9659258262890683
53.41841624996866,2,0,0,2,0.7478578274995612,0.8660254037844387,-0.4999999999999998
15.166257796375419,0,0,0,1,0.21232760914925586,0.8660254037844387,-0.4999999999999998
98.15260974429165,2,0,1,2,1.374136536420083,0.8660254037844387,-0.4999999999999998
209.9382872611456,0,0,0,1,2.9391360216560383,-0.9659258262890684,0.2588190451025203
130.2747461288058,2,1,1,2,1.823846445803281,0.9659258262890683,0.25881904510252074
482.9080341590285,0,0,1,1,6.760712478226399,0.258819045102521,-0.9659258262890682
282.3141942767431,1,0,1,0,3.952398719874403,0.7071067811865476,-0.7071067811865475
582.8089513411346,0,1,0,1,8.159325318775885,-0.7071067811865477,0.7071067811865474
322.7934677328551,2,1,1,2,4.519108548259972,0.8660254037844386,0.5000000000000001
184.25914722556598,0,0,0,1,2.5796280611579236,-0.9659258262890683,-0.25881904510252063
440.0874891625398,2,0,1,2,6.161224848275557,1.0,6.123233995736766e-17
21.71929204459184,2,0,0,2,0.30407008862428575,1.2246467991473532e-16,-1.0
291.496060098041,1,1,0,0,4.080944841372575,0.0,1.0
110.55686962050794,0,1,1,1,1.547796174687111,0.9659258262890683,0.25881904510252074
635.6879862035536,0,1,0,1,8.899631806849749,-0.8660254037844386,0.5000000000000001
509.12762693742434,2,1,0,2,7.127786777123941,-0.8660254037844386,0.5000000000000001
116.47228449368353,2,0,1,2,1.6306119829115693,0.9659258262890683,-0.25881904510252063
227.0756197381999,2,0,0,2,3.1790586763347983,0.8660254037844387,-0.4999999999999998
294.02765253685914,0,0,0,1,4.116387135516028,1.0,6.123233995736766e-17
405.4145328810899,0,0,0,1,5.675803460335258,0.7071067811865476,-0.7071067811865475
255.2473442185023,2,0,0,2,3.573462819059032,0.9659258262890683,-0.25881904510252063
65.51891811144395,0,1,0,1,0.9172648535602154,0.25881904510252074,0.9659258262890683
120.83944494399049,2,0,0,2,1.6917522292158669,-0.9659258262890683,-0.25881904510252063
249.19327665217756,2,0,1,2,3.488705873130486,-0.4999999999999997,-0.8660254037844388
472.20225617764436,2,1,0,2,6.610831586487021,-0.25881904510252157,0.9659258262890681
327.0108148964879,2,1,0,2,4.578151408550831,0.9659258262890683,0.25881904510252074
110.78531320929713,2,1,0,2,1.55099438493016,-0.25881904510252157,0.9659258262890681
366.7070999877622,1,0,1,0,5.13389939982867,-0.2588190451025208,-0.9659258262890683
180.34272900193122,2,1,0,2,2.524798206027037,-0.7071067811865477,0.7071067811865474
410.27344093363143,1,1,0,0,5.74382817307084,-0.25881904510252157,0.9659258262890681
704.861875299149,2,0,0,2,9.868066254188086,-0.9659258262890683,-0.25881904510252063
185.4112532301611,1,1,0,0,2.595757545222255,-0.25881904510252157,0.9659258262890681
394.2889287507468,0,1,0,1,5.520045002510455,0.49999999999999994,0.8660254037844387
115.82920023320864,1,1,0,0,1.621608803264921,0.0,1.0
229.79252190556645,2,1,0,2,3.21709530667793,-0.5000000000000004,0.8660254037844384
255.32121163697823,0,1,1,1,3.5744969629176953,0.0,1.0
215.1369411920115,1,0,0,0,3.011917176688161,-0.2588190451025208,-0.9659258262890683
693.3424639795043,2,1,1,2,9.70679449571306,0.0,1.0
194.81324655789118,2,1,1,2,2.727385451810476,0.0,1.0
355.63327698127625,2,1,1,2,4.978865877737868,0.7071067811865476,0.7071067811865476
97.41563647821783,1,0,0,0,1.3638189106950498,0.258819045102521,-0.9659258262890682
327.7593814065299,2,0,0,2,4.5886313396914185,-0.4999999999999997,-0.8660254037844388
455.5698266234044,2,1,0,2,6.377977572727662,0.7071067811865476,0.7071067811865476
155.03247833577086,2,0,0,2,2.1704546967007916,0.7071067811865476,-0.7071067811865475
201.83998538727434,2,0,0,2,2.825759795421841,0.49999999999999994,-0.8660254037844387
243.0426816110815,0,1,1,1,3.402597542555141,0.9659258262890683,0.25881904510252074
253.09309306939505,2,0,0,2,3.543303302971531,0.7071067811865476,-0.7071067811865475
380.33350913397476,0,0,1,1,5.324669127875646,0.258819045102521,-0.9659258262890682
611.962546374418,1,1,0,0,8.567475649241853,0.49999999999999994,0.8660254037844387
181.59034289194477,2,0,0,2,2.5422648004872266,-0.4999999999999997,-0.8660254037844388
95.86813774114952,0,0,1,1,1.3421539283760933,-0.7071067811865471,-0.7071067811865479
39.95479575314022,2,0,0,2,0.5593671405439631,0.7071067811865476,-0.7071067811865475
285.65415106568787,0,1,1,1,3.99915811491963,-0.7071067811865477,0.7071067811865474
336.2837665873303,2,1,1,2,4.707972732222625,-0.5000000000000004,0.8660254037844384
151.7820290147348,0,0,0,1,2.1249484062062876,0.49999999999999994,-0.8660254037844387
390.1628942306421,2,0,0,2,5.462280519228989,-0.7071067811865471,-0.7071067811865479
333.7691338274516,2,0,1,2,4.672767873584322,-0.8660254037844385,-0.5000000000000004
257.7817041360803,0,0,0,1,3.608943857905124,-0.2588190451025208,-0.9659258262890683
87.56535026605744,2,0,0,2,1.2259149037248043,-0.7071067811865471,-0.7071067811865479
163.26442321274985,0,0,0,1,2.2857019249784982,-0.2588190451025208,-0.9659258262890683
187.3559535828581,2,1,1,2,2.6229833501600135,0.9659258262890683,0.25881904510252074
292.44167155564605,0,0,1,1,4.094183401779045,0.7071067811865476,-0.7071067811865475
254.74143197453833,2,0,1,2,3.5663800476435368,-0.8660254037844385,-0.5000000000000004
283.9262183961076,0,1,0,1,3.974967057545506,-0.5000000000000004,0.8660254037844384
340.77742280162084,2,0,0,2,4.770883919222691,0.7071067811865476,-0.7071067811865475
319.4478675578001,2,1,0,2,4.472270145809201,-0.8660254037844386,0.5000000000000001
230.13102748371364,2,0,1,2,3.2218343847719906,0.7071067811865476,-0.7071067811865475
258.76024776929546,0,0,1,1,3.6226434687701365,-0.2588190451025208,-0.9659258262890683
5.0,2,0,0,2,0.07,-0.9659258262890684,0.2588190451025203
144.93028377590335,0,0,0,1,2.029023972862647,-0.8660254037844385,-0.5000000000000004
259.08478966302306,0,0,0,1,3.627187055282323,0.8660254037844387,-0.4999999999999998
117.5463563357751,2,0,0,2,1.6456489887008516,-0.4999999999999997,-0.8660254037844388
404.8271432570583,0,0,0,1,5.667580005598817,1.0,6.123233995736766e-17
131.44622542809452,2,1,1,2,1.8402471559933233,0.25881904510252074,0.9659258262890683
288.93497402469694,2,1,1,2,4.045089636345757,0.7071067811865476,0.7071067811865476
270.9818182267605,0,0,1,1,3.793745455174647,-0.9659258262890684,0.2588190451025203
384.32996684987376,0,1,0,1,5.380619535898232,-0.25881904510252157,0.9659258262890681
412.1424113250944,0,0,0,1,5.769993758551322,-0.9659258262890683,-0.25881904510252063
374.9258699742291,2,0,0,2,5.248962179639207,0.49999999999999994,-0.8660254037844387
129.08111624896407,2,1,0,2,1.807135627485497,0.8660254037844386,0.5000000000000001
464.9466666423628,2,0,0,2,6.5092533329930795,0.9659258262890683,-0.25881904510252063
524.9154803550276,0,1,0,1,7.348816724970386,-0.7071067811865477,0.7071067811865474
163.2176288221355,2,0,1,2,2.285046803509897,-0.9659258262890684,0.2588190451025203
292.59644428111295,0,1,1,1,4.096350219935582,0.8660254037844386,0.5000000000000001
89.65029757645925,2,1,0,2,1.2551041660704296,0.25881904510252074,0.9659258262890683
100.70813121178725,2,1,0,2,1.4099138369650213,0.8660254037844386,0.5000000000000001
117.03125220237047,2,1,0,2,1.6384375308331864,0.49999999999999994,0.8660254037844387
152.77497289655014,2,0,1,2,2.138849620551702,0.258819045102521,-0.9659258262890682
186.1268683566732,2,0,1,2,2.605776156993425,-1.0,-1.8369701987210297e-16
77.39546379892218,0,0,0,1,1.0835364931849105,1.0,6.123233995736766e-17
117.98346997289698,0,0,0,1,1.651768579620558,-1.0,-1.8369701987210297e-16
248.01886210688662,2,1,1,2,3.4722640694964126,0.7071067811865476,0.7071067811865476
111.35914304017444,2,1,0,2,1.5590280025624421,-0.5000000000000004,0.8660254037844384
347.834379859005,2,0,0,2,4.86968131802607,-0.2588190451025208,-0.9659258262890683
372.6989172515391,0,0,0,1,5.2177848415215475,-1.0,-1.8369701987210297e-16
678.4697943096081,2,0,0,2,9.498577120334513,-0.9659258262890683,-0.25881904510252063
452.6223877822232,1,0,0,0,6.336713428951125,1.0,6.123233995736766e-17
293.7585504991146,2,0,1,2,4.112619706987604,-0.4999999999999997,-0.8660254037844388
138.35242659981782,2,1,0,2,1.9369339723974495,-0.8660254037844386,0.5000000000000001
302.87452330131975,1,1,1,0,4.240243326218477,0.0,1.0
308.7872727849441,2,0,1,2,4.323021818989218,0.258819045102521,-0.9659258262890682
157.60364397898104,0,1,1,1,2.206451015705735,-0.25881904510252157,0.9659258262890681
391.071651415518,2,0,0,2,5.475003119817252,-1.0,-1.8369701987210297e-16
5.0,2,1,0,2,0.07,-0.5000000000000004,0.8660254037844384
206.0080296032481,2,1,0,2,2.8841124144454735,0.9659258262890683,0.25881904510252074
350.0545226771332,0,0,0,1,4.900763317479865,1.2246467991473532e-16,-1.0
198.23485343342253,0,1,0,1,2.7752879480679153,0.9659258262890683,0.25881904510252074
212.78420738273118,2,0,1,2,2.9789789033582363,1.2246467991473532e-16,-1.0
225.1985449853895,1,0,0,0,3.152779629795453,-0.4999999999999997,-0.8660254037844388
99.5917766762058,2,0,0,2,1.3942848734668811,-0.7071067811865471,-0.7071067811865479
461.3021676833575,2,0,0,2,6.458230347567005,0.9659258262890683,-0.25881904510252063
66.7532190538933,2,0,1,2,0.9345450667545062,1.2246467991473532e-16,-1.0
307.2686789337793,2,0,0,2,4.30176150507291,1.2246467991473532e-16,-1.0
324.4566216908272,2,0,1,2,4.542392703671581,-0.9659258262890684,0.2588190451025203
79.24805778238596,1,0,1,0,1.1094728089534032,-0.9659258262890684,0.2588190451025203
263.1587657885338,2,0,0,2,3.684222721039473,0.258819045102521,-0.9659258262890682
86.26620890595359,2,0,1,2,1.2077269246833502,-1.0,-1.8369701987210297e-16
500.3876455100702,2,0,0,2,7.005427037140982,-0.8660254037844385,-0.5000000000000004
45.019071344281656,0,1,0,1,0.6302669988199432,0.49999999999999994,0.8660254037844387
132.2985230382464,0,0,1,1,1.8521793225354495,-0.4999999999999997,-0.8660254037844388
29.639498495995497,2,0,0,2,0.41495297894393696,-0.8660254037844385,-0.5000000000000004
5.614229163840633,2,1,0,2,0.07859920829376887,0.9659258262890683,0.25881904510252074
536.4187523588128,2,1,1,2,7.509862533023379,-0.25881904510252157,0.9659258262890681
347.6994413042612,2,0,0,2,4.8677921782596565,-1.0,-1.8369701987210297e-16
275.2528166260979,2,0,0,2,3.8535394327653707,0.258819045102521,-0.9659258262890682
131.8161465975541,2,1,0,2,1.8454260523657577,0.7071067811865476,0.7071067811865476
413.3701259884183,2,1,0,2,5.787181763837856,-0.8660254037844386,0.5000000000000001
101.63996091385846,2,1,1,2,1.4229594527940186,-0.5000000000000004,0.8660254037844384
392.85507297941854,2,0,0,2,5.499971021711859,0.258819045102521,-0.9659258262890682
92.94797021098549,1,1,0,0,1.3012715829537969,-0.7071067811865477,0.7071067811865474
133.98861366237907,1,1,0,0,1.875840591273307,0.25881904510252074,0.9659258262890683
386.4908295012258,0,0,1,1,5.410871613017162,1.0,6.123233995736766e-17
405.48892194803807,2,0,1,2,5.676844907272533,-0.7071067811865471,-0.7071067811865479
357.545128101417,2,1,1,2,5.0056317934198375,-0.25881904510252157,0.9659258262890681
61.05865916377692,2,0,1,2,0.8548212282928769,0.258819045102521,-0.9659258262890682
169.5891641698908,0,0,0,1,2.3742482983784714,-0.7071067811865471,-0.7071067811865479
278.24177341573244,2,0,1,2,3.895384827820254,-0.2588190451025208,-0.9659258262890683
97.1294268561835,0,1,1,1,1.359811975986569,0.0,1.0
496.77329682327274,1,1,0,0,6.954826155525819,-0.7071067811865477,0.7071067811865474
182.35044991109828,2,0,0,2,2.552906298755376,0.8660254037844387,-0.4999999999999998
109.8268872335525,0,0,0,1,1.537576421269735,1.0,6.123233995736766e-17
158.2780294834303,2,1,1,2,2.215892412768024,0.8660254037844386,0.5000000000000001
261.9098596589182,2,0,0,2,3.6667380352248546,0.7071067811865476,-0.7071067811865475
5.0,2,0,0,2,0.07,0.7071067811865476,-0.7071067811865475
362.55211225757233,2,0,0,2,5.075729571606012,-0.9659258262890683,-0.25881904510252063
255.4510545795335,0,0,0,1,3.576314764113469,1.0,6.123233995736766e-17
533.1644839677225,2,0,0,2,7.4643027755481155,-0.9659258262890683,-0.25881904510252063
528.1407602592674,2,0,1,2,7.393970643629744,1.2246467991473532e-16,-1.0
327.9483481487104,0,0,1,1,4.591276874081945,0.49999999999999994,-0.8660254037844387
306.3828848201281,0,0,0,1,4.289360387481793,0.7071067811865476,-0.7071067811865475
261.8675995442021,2,1,1,2,3.6661463936188294,-0.7071067811865477,0.7071067811865474
227.91476321830822,0,0,0,1,3.190806685056315,0.8660254037844387,-0.4999999999999998
5.0,0,0,0,1,0.07,-0.4999999999999997,-0.8660254037844388
268.12159055780813,2,0,0,2,3.753702267809314,-0.2588190451025208,-0.9659258262890683
360.88462757458086,2,1,0,2,5.052384786044132,0.49999999999999994,0.8660254037844387
302.1405661848653,2,1,0,2,4.229967926588114,-0.25881904510252157,0.9659258262890681
89.35630581118161,0,0,1,1,1.2509882813565425,-0.2588190451025208,-0.9659258262890683
418.7331308445092,0,1,1,1,5.862263831823129,-0.8660254037844386,0.5000000000000001
516.8399251758347,0,0,0,1,7.235758952461685,-0.7071067811865471,-0.7071067811865479
418.83812805244116,2,1,0,2,5.863733792734176,-0.5000000000000004,0.8660254037844384
428.12787932628476,2,1,0,2,5.993790310567987,0.49999999999999994,0.8660254037844387
149.33935636806206,2,0,1,2,2.090750989152869,0.9659258262890683,-0.25881904510252063
443.66814208614386,2,1,1,2,6.211353989206015,0.25881904510252074,0.9659258262890683
276.2365550789783,0,1,1,1,3.8673117711056966,-0.25881904510252157,0.9659258262890681
342.0799951339609,0,1,1,1,4.789119931875453,0.25881904510252074,0.9659258262890683
315.7777317084476,2,1,0,2,4.4208882439182675,-0.5000000000000004,0.8660254037844384
228.132321020726,2,0,1,2,3.193852494290164,-0.9659258262890683,-0.25881904510252063
95.19955447798566,2,0,0,2,1.3327937626917992,1.0,6.123233995736766e-17
235.21540056027166,2,0,0,2,3.293015607843803,-0.8660254037844385,-0.5000000000000004
427.61709114690814,2,1,0,2,5.986639276056714,0.9659258262890683,0.25881904510252074
170.53435504367627,2,0,0,2,2.3874809706114677,0.7071067811865476,-0.7071067811865475
410.8025072694663,2,0,0,2,5.751235101772528,1.0,6.123233995736766e-17
382.67272071118094,2,1,0,2,5.357418089956534,0.7071067811865476,0.7071067811865476
196.19126853643056,2,0,0,2,2.746677759510028,0.49999999999999994,-0.8660254037844387
499.9840186515238,2,0,1,2,6.999776261121333,-0.7071067811865471,-0.7071067811865479
186.00159918567292,0,0,0,1,2.604022388599421,-0.8660254037844385,-0.5000000000000004
521.7184352702736,2,1,0,2,7.304058093783831,0.9659258262890683,0.25881904510252074
328.14285667737505,1,0,0,0,4.5939999934832505,-0.9659258262890684,0.2588190451025203
247.14413467836755,2,0,0,2,3.4600178854971455,-1.0,-1.8369701987210297e-16
90.19575153922233,2,0,0,2,1.2627405215491125,-0.9659258262890684,0.2588190451025203
234.11315857569258,2,1,0,2,3.2775842200596963,-0.7071067811865477,0.7071067811865474
213.32328757100436,2,1,0,2,2.986526025994061,-0.8660254037844386,0.5000000000000001
23.506650654837017,0,0,0,1,0.3290931091677182,-0.9659258262890683,-0.25881904510252063
210.8292239108199,2,0,0,2,2.9516091347514783,-0.4999999999999997,-0.8660254037844388
105.31542758252456,1,1,0,0,1.4744159861553439,0.25881904510252074,0.9659258262890683
355.4785184161807,0,0,1,1,4.97669925782653,-1.0,-1.8369701987210297e-16
485.13048563107657,2,1,0,2,6.791826798835071,0.9659258262890683,0.25881904510252074
29.155178266856666,2,0,0,2,0.40817249573599335,0.258819045102521,-0.9659258262890682
558.2153911060461,0,1,0,1,7.815015475484646,0.0,1.0
226.86081381067663,2,1,0,2,3.176051393349473,-0.5000000000000004,0.8660254037844384
74.49615071106746,0,1,0,1,1.0429461099549444,-0.25881904510252157,0.9659258262890681
386.395860437473,2,1,1,2,5.409542046124622,-0.5000000000000004,0.8660254037844384
169.63819391409135,2,0,1,2,2.374934714797279,0.49999999999999994,-0.8660254037844387
235.28739831433106,2,0,0,2,3.294023576400635,-1.0,-1.8369701987210297e-16
177.2299160418258,2,1,0,2,2.481218824585561,-0.7071067811865477,0.7071067811865474
102.98717226431799,0,1,0,1,1.4418204117004518,0.7071067811865476,0.7071067811865476
380.31946583234264,2,1,1,2,5.324472521652797,-0.8660254037844386,0.5000000000000001
198.46574747904629,0,0,0,1,2.778520464706648,-1.0,-1.8369701987210297e-16
8.597322592264277,2,1,1,2,0.12036251629169988,-0.8660254037844386,0.5000000000000001
349.1908223588679,2,1,1,2,4.88867151302415,0.9659258262890683,0.25881904510252074
32.99517681572405,2,0,1,2,0.4619324754201367,0.9659258262890683,-0.25881904510252063
42.41316891845344,2,1,0,2,0.5937843648583481,-0.7071067811865477,0.7071067811865474
464.6691168959169,2,0,1,2,6.505367636542837,0.8660254037844387,-0.4999999999999998
34.65881814216186,2,0,1,2,0.48522345399026606,0.7071067811865476,-0.7071067811865475
166.9600742469483,0,0,0,1,2.337441039457276,0.7071067811865476,-0.7071067811865475
362.1150672930692,2,0,1,2,5.069610942102969,0.7071067811865476,-0.7071067811865475
195.30458269339653,2,1,0,2,2.7342641577075515,0.7071067811865476,0.7071067811865476
210.82207819513906,0,0,0,1,2.951509094731947,-0.9659258262890683,-0.25881904510252063
193.389929196964,0,0,0,1,2.707459008757496,0.258819045102521,-0.9659258262890682
291.7005890233708,2,0,0,2,4.083808246327191,0.49999999999999994,-0.8660254037844387
114.51053645744778,2,0,0,2,1.603147510404269,-0.7071067811865471,-0.7071067811865479
515.7006774218376,0,0,0,1,7.219809483905726,-1.0,-1.8369701987210297e-16
15.721486455691718,0,0,0,1,0.22010081037968404,0.49999999999999994,-0.8660254037844387
330.07748500188217,2,1,0,2,4.621084790026351,-0.5000000000000004,0.8660254037844384
365.5817806977851,2,1,0,2,5.118144929768992,0.7071067811865476,0.7071067811865476
113.26268304999198,0,0,0,1,1.5856775626998876,0.258819045102521,-0.9659258262890682
65.72779984999269,2,0,0,2,0.9201891978998976,-0.8660254037844385,-0.5000000000000004
433.0913585506281,1,1,0,0,6.063279019708793,-0.25881904510252157,0.9659258262890681
71.64506427699132,2,0,1,2,1.0030308998778785,1.2246467991473532e-16,-1.0
140.80049066489795,0,1,0,1,1.9712068693085711,0.7071067811865476,0.7071067811865476
409.71561324275433,2,1,0,2,5.73601858539856,0.9659258262890683,0.25881904510252074
256.25342203702434,2,0,1,2,3.5875479085183404,1.0,6.123233995736766e-17
73.48586017323885,0,0,0,1,1.028802042425344,0.9659258262890683,-0.25881904510252063
564.4706460196326,2,1,1,2,7.902589044274856,0.25881904510252074,0.9659258262890683
154.59806341960615,2,0,1,2,2.164372887874486,0.8660254037844387,-0.4999999999999998
177.5036878168449,2,0,0,2,2.4850516294358287,0.7071067811865476,-0.7071067811865475
296.0411654187458,2,0,1,2,4.144576315862441,-1.0,-1.8369701987210297e-16
362.5138234607331,2,1,0,2,5.075193528450264,0.0,1.0
602.998772432464,0,0,1,1,8.441982814054496,-0.7071067811865471,-0.7071067811865479
48.81226689302537,2,0,0,2,0.6833717365023552,-0.9659258262890683,-0.25881904510252063
398.6713976066702,2,0,0,2,5.581399566493383,0.9659258262890683,-0.25881904510252063
383.74174492901386,2,0,0,2,5.372384429006194,0.7071067811865476,-0.7071067811865475
225.310316042659,0,1,0,1,3.154344424597226,-0.7071067811865477,0.7071067811865474
391.70926506692,0,0,1,1,5.48392971093688,0.49999999999999994,-0.8660254037844387
418.16932317457844,2,0,0,2,5.854370524444098,-0.8660254037844385,-0.5000000000000004
5.0,2,0,0,2,0.07,1.0,6.123233995736766e-17
564.9579710585494,1,1,0,0,7.909411594819693,0.49999999999999994,0.8660254037844387
30.577205564865494,2,0,0,2,0.42808087790811694,1.0,6.123233995736766e-17
45.64306937702082,0,1,0,1,0.6390029712782915,0.9659258262890683,0.25881904510252074
202.8782187476627,0,1,0,1,2.840295062467278,0.49999999999999994,0.8660254037844387
596.4892923736702,0,0,0,1,8.350850093231383,0.9659258262890683,-0.25881904510252063
194.51380664439043,2,1,0,2,2.723193293021466,0.0,1.0
244.25189979085408,0,1,1,1,3.419526597071957,0.8660254037844386,0.5000000000000001
507.77414870282144,0,1,0,1,7.1088380818395,-0.25881904510252157,0.9659258262890681
195.9427343382149,0,0,1,1,2.7431982807350086,-1.0,-1.8369701987210297e-16
37.88139167247837,2,0,0,2,0.5303394834146973,1.2246467991473532e-16,-1.0
174.89772965710338,2,0,1,2,2.4485682151994475,0.49999999999999994,-0.8660254037844387
496.7425300850399,2,1,0,2,6.954395421190559,-0.7071067811865477,0.7071067811865474
262.7556994699246,2,0,0,2,3.6785797925789443,0.49999999999999994,-0.8660254037844387
597.5184866301267,0,1,1,1,8.365258812821773,0.25881904510252074,0.9659258262890683
382.8282867271879,2,0,0,2,5.359596014180631,0.8660254037844387,-0.4999999999999998
133.934391449173,2,1,0,2,1.875081480288422,0.25881904510252074,0.9659258262890683
259.1937348037141,2,1,0,2,3.6287122872519975,-0.8660254037844386,0.5000000000000001
96.42073873446168,0,0,0,1,1.3498903422824635,-1.0,-1.8369701987210297e-16
129.6820544832214,1,0,1,0,1.8155487627650997,0.258819045102521,-0.9659258262890682
1056.2351651846361,2,0,0,2,14.787292312584905,0.8660254037844387,-0.4999999999999998
433.35241180608597,2,0,0,2,6.066933765285204,0.8660254037844387,-0.4999999999999998
404.99763802120117,2,1,0,2,5.669966932296816,-0.5000000000000004,0.8660254037844384
137.8275432445485,0,0,0,1,1.9295856054236793,0.7071067811865476,-0.7071067811865475
532.5251319305942,0,1,1,1,7.455351847028318,0.8660254037844386,0.5000000000000001
447.89480832272864,1,0,0,0,6.2705273165182005,0.8660254037844387,-0.4999999999999998
588.6918320843988,2,1,1,2,8.241685649181584,-0.5000000000000004,0.8660254037844384
579.9605467117208,1,0,0,0,8.119447653964091,-0.9659258262890683,-0.25881904510252063
16.236071857553952,2,0,0,2,0.22730500600575534,0.7071067811865476,-0.7071067811865475
50.22889193141668,0,0,1,1,0.7032044870398335,-0.8660254037844385,-0.5000000000000004
69.31819321654544,2,0,0,2,0.9704547050316362,0.7071067811865476,-0.7071067811865475
80.09068420016135,0,0,0,1,1.1212695788022589,-0.2588190451025208,-0.9659258262890683
308.22142556687027,2,1,0,2,4.315099957936183,0.7071067811865476,0.7071067811865476
147.97537862275283,0,0,0,1,2.071655300718539,0.7071067811865476,-0.7071067811865475
623.0677373372533,0,1,1,1,8.722948322721546,-0.25881904510252157,0.9659258262890681
592.8423787746948,2,1,1,2,8.299793302845726,-0.7071067811865477,0.7071067811865474
248.83691306577285,2,0,1,2,3.4837167829208195,-0.9659258262890683,-0.25881904510252063
601.9587189069623,0,1,1,1,8.427422064697472,0.8660254037844386,0.5000000000000001
517.8642329032364,2,0,0,2,7.250099260645309,0.8660254037844387,-0.4999999999999998
168.8728193480934,2,1,0,2,2.3642194708733077,0.9659258262890683,0.25881904510252074
111.6587619246011,2,0,1,2,1.5632226669444154,-0.7071067811865471,-0.7071067811865479
210.76569070706873,0,1,0,1,2.9507196698989624,-0.7071067811865477,0.7071067811865474
133.96801640587486,2,1,0,2,1.875552229682248,-0.5000000000000004,0.8660254037844384
287.17101252624946,2,0,0,2,4.0203941753674926,-0.7071067811865471,-0.7071067811865479
266.06109163745487,2,0,1,2,3.724855282924368,0.49999999999999994,-0.8660254037844387
261.34317860186115,2,1,0,2,3.658804500426056,-0.8660254037844386,0.5000000000000001
344.2632534482496,0,0,0,1,4.819685548275494,-0.4999999999999997,-0.8660254037844388
31.74604952493786,1,0,0,0,0.44444469334913006,-1.0,-1.8369701987210297e-16
324.0448499625474,0,1,1,1,4.536627899475664,0.49999999999999994,0.8660254037844387
170.86909245693892,2,0,0,2,2.3921672943971446,-0.7071067811865471,-0.7071067811865479
285.99679597546367,1,1,0,0,4.0039551436564915,-0.8660254037844386,0.5000000000000001
422.33377214179416,2,0,0,2,5.912672809985118,-0.9659258262890684,0.2588190451025203
29.608040820214654,2,1,1,2,0.4145125714830052,0.8660254037844386,0.5000000000000001
199.3671425194775,1,0,0,0,2.791139995272685,0.8660254037844387,-0.4999999999999998
228.66383787480444,0,1,0,1,3.2012937302472624,0.8660254037844386,0.5000000000000001
157.43158511728464,0,1,1,1,2.2040421916419852,0.7071067811865476,0.7071067811865476
411.9693093039323,0,0,0,1,5.767570330255052,1.2246467991473532e-16,-1.0
120.33009541591511,2,0,0,2,1.6846213358228115,-0.9659258262890684,0.2588190451025203
150.02792810037903,2,0,0,2,2.1003909934053064,-0.8660254037844385,-0.5000000000000004
122.21455606862838,0,0,0,1,1.7110037849607975,-0.9659258262890684,0.2588190451025203
446.5699740589843,2,0,1,2,6.25197963682578,0.258819045102521,-0.9659258262890682
161.360059765801,2,0,1,2,2.259040836721214,-0.9659258262890684,0.2588190451025203
332.8081703590401,0,0,1,1,4.659314385026561,-0.9659258262890684,0.2588190451025203
605.6269182214133,0,0,1,1,8.478776855099786,1.0,6.123233995736766e-17
236.53268433689465,2,1,1,2,3.311457580716525,0.0,1.0
450.1709224059683,0,0,0,1,6.302392913683557,-0.7071067811865471,-0.7071067811865479
550.843735136763,0,0,0,1,7.711812291914683,1.0,6.123233995736766e-17
434.8944808072745,0,1,0,1,6.088522731301842,0.25881904510252074,0.9659258262890683
246.97576312400673,2,0,0,2,3.457660683736094,0.258819045102521,-0.9659258262890682
365.5793966197504,2,0,1,2,5.118111552676506,0.49999999999999994,-0.8660254037844387
18.27185323563782,2,0,0,2,0.25580594529892947,0.9659258262890683,-0.25881904510252063
109.59223153300866,2,1,0,2,1.5342912414621213,0.0,1.0
141.15846730625458,2,1,0,2,1.976218542287564,0.49999999999999994,0.8660254037844387
653.3101816313708,2,0,0,2,9.146342542839191,0.9659258262890683,-0.25881904510252063
103.73478743405195,2,0,1,2,1.4522870240767274,0.9659258262890683,-0.25881904510252063
101.05418477287066,1,0,0,0,1.414758586820189,0.49999999999999994,-0.8660254037844387
62.094223555182964,2,1,0,2,0.8693191297725615,-0.8660254037844386,0.5000000000000001
350.766117147537,0,1,0,1,4.910725640065518,0.8660254037844386,0.5000000000000001
275.6718506803989,0,0,1,1,3.859405909525585,0.9659258262890683,-0.25881904510252063
445.6166158647817,2,1,0,2,6.238632622106944,-0.8660254037844386,0.5000000000000001
370.8267398939238,1,0,1,0,5.191574358514933,0.8660254037844387,-0.4999999999999998
5.0,0,0,0,1,0.07,-0.8660254037844385,-0.5000000000000004
104.69000139813326,2,1,1,2,1.4656600195738656,0.8660254037844386,0.5000000000000001
495.75917468964786,0,0,0,1,6.94062844565507,-1.0,-1.8369701987210297e-16
213.4063159761751,2,0,0,2,2.9876884236664516,-1.0,-1.8369701987210297e-16
463.7665272432423,0,1,0,1,6.492731381405393,0.25881904510252074,0.9659258262890683
223.05742937524292,2,0,0,2,3.122804011253401,-1.0,-1.8369701987210297e-16
75.82184290806615,0,1,0,1,1.0615058007129259,-0.5000000000000004,0.8660254037844384
195.41306001999288,2,0,1,2,2.7357828402799003,-0.4999999999999997,-0.8660254037844388
75.75103680105471,0,0,0,1,1.060514515214766,0.9659258262890683,-0.25881904510252063
148.2005027675637,2,1,0,2,2.074807038745892,-0.25881904510252157,0.9659258262890681
286.1666271817443,0,0,0,1,4.00633278054442,0.9659258262890683,-0.25881904510252063
342.08891626642367,0,1,1,1,4.789244827729932,0.0,1.0
36.23443818577368,2,0,1,2,0.5072821346008316,-0.2588190451025208,-0.9659258262890683
246.87375864836233,0,0,0,1,3.4562326210770724,0.49999999999999994,-0.8660254037844387
144.40916759924454,2,0,0,2,2.021728346389424,1.0,6.123233995736766e-17
133.28533438741377,0,0,1,1,1.8659946814237929,-0.9659258262890683,-0.25881904510252063
273.88323144395383,2,0,1,2,3.834365240215354,-0.4999999999999997,-0.8660254037844388
150.91866291594184,0,0,0,1,2.1128612808231857,0.7071067811865476,-0.7071067811865475
498.7848390724013,0,1,1,1,6.982987747013619,0.7071067811865476,0.7071067811865476
463.8511377251908,2,1,0,2,6.4939159281526715,-0.8660254037844386,0.5000000000000001
462.7290929095671,2,1,0,2,6.478207300733939,0.0,1.0
160.91616481174566,2,0,0,2,2.2528263073644395,-0.2588190451025208,-0.9659258262890683
76.75020971452199,0,0,0,1,1.0745029360033076,-0.9659258262890684,0.2588190451025203
264.76538728986077,2,0,1,2,3.7067154220580507,-0.9659258262890684,0.2588190451025203
222.9372940684719,2,0,0,2,3.121122116958607,0.8660254037844387,-0.4999999999999998
140.41183076379434,0,0,0,1,1.9657656306931208,1.2246467991473532e-16,-1.0
38.36779959994692,2,0,0,2,0.5371491943992569,-0.8660254037844385,-0.5000000000000004
242.52676553174712,0,1,0,1,3.3953747174444597,-0.25881904510252157,0.9659258262890681
177.2674989545548,2,0,0,2,2.4817449853637674,-0.9659258262890684,0.2588190451025203
373.90246666684357,2,1,0,2,5.234634533335809,0.7071067811865476,0.7071067811865476
369.7190892738663,0,1,0,1,5.176067249834128,0.8660254037844386,0.5000000000000001
448.1439649760891,2,0,0,2,6.274015509665247,-0.9659258262890683,-0.25881904510252063
23.326800661593126,2,0,0,2,0.32657520926230377,-0.8660254037844385,-0.5000000000000004
322.1904953848539,0,1,1,1,4.510666935387954,-0.8660254037844386,0.5000000000000001
119.05617287793902,2,0,0,2,1.6667864202911462,1.0,6.123233995736766e-17
30.325442054004753,1,0,0,0,0.42455618875606654,0.7071067811865476,-0.7071067811865475
172.85159734923218,1,0,0,0,2.4199223628892503,0.8660254037844387,-0.4999999999999998
442.3668964242312,2,0,0,2,6.193136549939237,1.2246467991473532e-16,-1.0
182.98269635731285,2,0,0,2,2.56175774900238,-0.9659258262890683,-0.25881904510252063
531.7818387926402,0,0,1,1,7.444945743096963,0.258819045102521,-0.9659258262890682
348.79813279366005,2,0,0,2,4.883173859111241,0.9659258262890683,-0.25881904510252063
179.06371378349615,2,1,0,2,2.5068919929689466,-0.5000000000000004,0.8660254037844384
458.80871720315355,0,0,0,1,6.423322040844149,-0.9659258262890683,-0.25881904510252063
330.1714189805714,2,1,0,2,4.622399865727999,0.8660254037844386,0.5000000000000001
82.13931007959303,0,0,0,1,1.1499503411143024,1.0,6.123233995736766e-17
584.5844744044928,2,0,0,2,8.184182641662899,-0.4999999999999997,-0.8660254037844388
296.70618815556577,2,1,0,2,4.153886634177921,0.49999999999999994,0.8660254037844387
253.38331455738853,2,0,0,2,3.5473664038034394,-0.9659258262890683,-0.25881904510252063
96.00411941698914,1,1,0,0,1.3440576718378479,0.9659258262890683,0.25881904510252074
462.3168881693929,0,1,1,1,6.472436434371501,0.9659258262890683,0.25881904510252074
343.1095769250352,0,0,0,1,4.803534076950493,-0.9659258262890684,0.2588190451025203
363.26287245314336,2,1,1,2,5.085680214344007,0.0,1.0
158.64435816536167,2,1,0,2,2.2210210143150633,-0.8660254037844386,0.5000000000000001
400.1381029438123,2,0,0,2,5.601933441213372,-0.8660254037844385,-0.5000000000000004
414.1264468427443,2,0,1,2,5.7977702557984205,0.49999999999999994,-0.8660254037844387
129.61991701939795,0,1,0,1,1.8146788382715713,-0.25881904510252157,0.9659258262890681
5.0582251425783795,0,1,1,1,0.07081515199609731,0.25881904510252074,0.9659258262890683
354.64715068100634,2,0,0,2,4.965060109534089,0.8660254037844387,-0.4999999999999998
33.20245092903315,1,0,0,0,0.46483431300646405,-1.0,-1.8369701987210297e-16
277.36284001080026,2,1,0,2,3.8830797601512037,0.9659258262890683,0.25881904510252074
169.49588113828472,1,0,0,0,2.3729423359359862,1.0,6.123233995736766e-17
469.35973794200584,2,1,0,2,6.571036331188082,0.7071067811865476,0.7071067811865476
179.2880996619027,2,1,1,2,2.510033395266638,0.49999999999999994,0.8660254037844387
449.3091349606848,2,1,0,2,6.290327889449587,0.25881904510252074,0.9659258262890683
157.4423000146553,2,0,0,2,2.204192200205174,0.7071067811865476,-0.7071067811865475
429.99838091073,0,0,0,1,6.019977332750221,0.7071067811865476,-0.7071067811865475
620.8614778906297,2,0,1,2,8.692060690468816,-0.8660254037844385,-0.5000000000000004
57.75151509407672,2,0,1,2,0.8085212113170742,-0.7071067811865471,-0.7071067811865479
302.56642991156343,0,1,1,1,4.235930018761889,0.0,1.0
744.7808348638116,0,0,0,1,10.426931688093362,0.258819045102521,-0.9659258262890682
261.9859888425259,0,0,0,1,3.6678038437953626,-0.9659258262890684,0.2588190451025203
261.1218886413367,2,0,0,2,3.6557064409787134,-0.9659258262890684,0.2588190451025203
391.9298105231835,0,0,0,1,5.487017347324569,0.7071067811865476,-0.7071067811865475
257.39455553705574,0,1,0,1,3.60352377751878,0.0,1.0
57.300679022699455,2,0,0,2,0.8022095063177924,-0.7071067811865471,-0.7071067811865479
453.8117274710089,2,0,0,2,6.353364184594125,0.49999999999999994,-0.8660254037844387
110.53071449573468,2,1,1,2,1.5474300029402857,0.7071067811865476,0.7071067811865476
174.97750279509847,2,1,0,2,2.4496850391313787,0.49999999999999994,0.8660254037844387
467.3366348481967,2,0,0,2,6.542712887874753,1.2246467991473532e-16,-1.0
185.82236284429857,2,1,0,2,2.60151307982018,-0.8660254037844386,0.5000000000000001
125.13463135640725,0,0,0,1,1.7518848389897017,-0.4999999999999997,-0.8660254037844388
408.2675029299809,0,0,0,1,5.715745041019733,0.7071067811865476,-0.7071067811865475
96.79933836981041,1,1,0,0,1.355190737177346,0.9659258262890683,0.25881904510252074
29.999370473448323,0,0,1,1,0.4199911866282765,0.49999999999999994,-0.8660254037844387
299.412517748791,2,1,0,2,4.191775248483075,0.0,1.0
217.07380628573364,0,0,0,1,3.039033288000271,-0.9659258262890684,0.2588190451025203
26.138839446008433,0,1,0,1,0.36594375224411807,0.7071067811865476,0.7071067811865476
364.6514571990766,2,0,0,2,5.105120400787073,0.7071067811865476,-0.7071067811865475
333.6077690039021,0,1,0,1,4.670508766054629,-0.7071067811865477,0.7071067811865474
185.24409701098625,1,0,0,0,2.5934173581538076,-0.4999999999999997,-0.8660254037844388
197.56023889750963,2,1,1,2,2.765843344565135,0.0,1.0
334.6706935616482,1,1,1,0,4.685389709863075,-0.8660254037844386,0.5000000000000001
464.26505555537193,2,0,1,2,6.499710777775207,-0.4999999999999997,-0.8660254037844388
199.09722218032152,2,1,1,2,2.7873611105245013,0.49999999999999994,0.8660254037844387
367.843928741466,2,1,1,2,5.1498150023805245,0.0,1.0
351.73603907522784,0,1,1,1,4.92430454705319,0.9659258262890683,0.25881904510252074
408.2753126876157,0,0,0,1,5.71585437762662,-1.0,-1.8369701987210297e-16
257.07565577382377,1,1,0,0,3.599059180833533,0.7071067811865476,0.7071067811865476
85.78140746805559,2,0,1,2,1.2009397045527783,0.258819045102521,-0.9659258262890682
166.75015242400553,2,1,0,2,2.3345021339360774,0.25881904510252074,0.9659258262890683
311.71362384069664,0,0,0,1,4.363990733769753,-0.8660254037844385,-0.5000000000000004
577.3235881086867,0,1,0,1,8.082530233521615,0.9659258262890683,0.25881904510252074
162.87646782466987,2,0,0,2,2.2802705495453783,0.258819045102521,-0.9659258262890682
394.8617398349318,2,0,0,2,5.528064357689045,-0.4999999999999997,-0.8660254037844388
190.9498388781832,0,0,0,1,2.673297744294565,-0.8660254037844385,-0.5000000000000004
269.8843760595044,0,1,1,1,3.7783812648330617,0.0,1.0
522.7714148674467,2,0,1,2,7.318799808144253,-0.2588190451025208,-0.9659258262890683
387.57266465567795,2,1,0,2,5.426017305179492,-0.5000000000000004,0.8660254037844384
26.566130906627762,1,1,0,0,0.37192583269278867,0.25881904510252074,0.9659258262890683
146.95449571391364,0,1,0,1,2.057362939994791,0.7071067811865476,0.7071067811865476
476.1198419994446,2,0,0,2,6.665677787992225,-0.9659258262890684,0.2588190451025203
275.53804767312914,2,1,1,2,3.857532667423808,0.25881904510252074,0.9659258262890683
43.20877846914456,0,1,0,1,0.6049228985680238,-0.7071067811865477,0.7071067811865474
102.58855990473023,2,0,1,2,1.4362398386662232,-0.2588190451025208,-0.9659258262890683
376.62883408801093,2,0,0,2,5.272803677232153,-0.9659258262890683,-0.25881904510252063
428.99385061917343,2,0,1,2,6.005913908668428,0.9659258262890683,-0.25881904510252063
253.2139542667914,2,0,0,2,3.5449953597350796,-0.9659258262890684,0.2588190451025203
695.5564841684984,0,1,0,1,9.737790778358978,0.0,1.0
398.3474254220149,2,0,1,2,5.576863955908208,-0.7071067811865471,-0.7071067811865479
206.17340746607795,0,0,0,1,2.886427704525091,1.0,6.123233995736766e-17
103.17291134211803,2,1,1,2,1.4444207587896525,0.9659258262890683,0.25881904510252074
74.52082516497254,2,1,1,2,1.0432915523096156,-0.7071067811865477,0.7071067811865474
310.3758376864665,2,0,0,2,4.345261727610531,-1.0,-1.8369701987210297e-16
162.02013191558677,1,0,1,0,2.268281846818215,0.7071067811865476,-0.7071067811865475
551.2738757170164,0,1,0,1,7.717834260038229,-0.5000000000000004,0.8660254037844384
513.9361245252147,2,1,0,2,7.195105743353006,0.9659258262890683,0.25881904510252074
363.9519785495009,0,0,1,1,5.095327699693013,0.7071067811865476,-0.7071067811865475
37.78068886775878,0,0,0,1,0.528929644148623,-1.0,-1.8369701987210297e-16
129.0006029405671,1,1,1,0,1.8060084411679393,0.49999999999999994,0.8660254037844387
476.02195463339814,2,0,1,2,6.6643073648675735,-0.9659258262890684,0.2588190451025203
148.64808403688164,0,1,1,1,2.081073176516343,0.49999999999999994,0.8660254037844387
451.9855121055144,2,0,1,2,6.3277971694772015,-0.9659258262890684,0.2588190451025203
335.428706146257,2,1,0,2,4.696001886047599,0.9659258262890683,0.25881904510252074
259.3092192663737,1,0,0,0,3.630329069729232,-0.8660254037844385,-0.5000000000000004
123.4900936716206,2,0,0,2,1.7288613114026885,-0.9659258262890683,-0.25881904510252063
233.0361081655447,2,0,0,2,3.262505514317626,0.7071067811865476,-0.7071067811865475
284.13663187748165,2,1,0,2,3.977912846284743,0.9659258262890683,0.25881904510252074
435.8570016942019,0,0,1,1,6.101998023718827,1.2246467991473532e-16,-1.0
90.56759188592417,0,1,0,1,1.2679462864029383,0.9659258262890683,0.25881904510252074
202.69296834529928,2,0,0,2,2.83770155683419,0.258819045102521,-0.9659258262890682
258.06816374781124,1,0,1,0,3.6129542924693574,-0.2588190451025208,-0.9659258262890683
369.28210438350965,2,0,0,2,5.169949461369135,-0.8660254037844385,-0.5000000000000004
86.47641924590016,2,1,0,2,1.2106698694426024,-0.7071067811865477,0.7071067811865474
13.017437280301294,1,0,0,0,0.18224412192421813,0.9659258262890683,-0.25881904510252063
371.31372730780896,2,1,1,2,5.198392182309325,0.8660254037844386,0.5000000000000001
23.23084069040658,2,1,1,2,0.3252317696656921,0.7071067811865476,0.7071067811865476
481.29634865719026,2,1,1,2,6.738148881200663,0.9659258262890683,0.25881904510252074
221.93330245307658,0,0,0,1,3.107066234343072,0.49999999999999994,-0.8660254037844387
28.55559480940036,2,1,0,2,0.39977832733160507,0.8660254037844386,0.5000000000000001
163.52436050737106,1,1,0,0,2.289341047103195,-0.7071067811865477,0.7071067811865474
318.2422539524627,0,0,0,1,4.455391555334478,-0.2588190451025208,-0.9659258262890683
154.113804240104,2,0,0,2,2.157593259361456,0.7071067811865476,-0.7071067811865475
253.60535478838256,0,0,1,1,3.550474967037356,0.49999999999999994,-0.8660254037844387
383.2141058269516,2,1,0,2,5.364997481577322,0.49999999999999994,0.8660254037844387
213.60573963022847,2,1,0,2,2.9904803548231986,-0.5000000000000004,0.8660254037844384
81.32961823609597,0,0,0,1,1.1386146553053436,0.9659258262890683,-0.25881904510252063
196.18288047306862,1,1,0,0,2.746560326622961,-0.8660254037844386,0.5000000000000001
504.6712245626668,2,1,0,2,7.065397143877335,0.8660254037844386,0.5000000000000001
553.3115821599731,2,0,1,2,7.746362150239624,-0.9659258262890684,0.2588190451025203
113.58671130960954,2,1,0,2,1.5902139583345336,-0.8660254037844386,0.5000000000000001
446.38502365446584,2,0,0,2,6.249390331162521,0.7071067811865476,-0.7071067811865475
295.02658888636415,2,0,0,2,4.130372244409098,0.9659258262890683,-0.25881904510252063
416.316882241627,2,1,0,2,5.828436351382779,-0.8660254037844386,0.5000000000000001
150.9121131518267,0,0,0,1,2.112769584125574,0.8660254037844387,-0.4999999999999998
68.28743171026747,2,0,1,2,0.9560240439437446,-0.4999999999999997,-0.8660254037844388
355.2079819565431,2,1,0,2,4.972911747391603,0.0,1.0
80.62409296911093,0,1,0,1,1.128737301567553,-0.5000000000000004,0.8660254037844384
5.0,0,1,0,1,0.07,0.8660254037844386,0.5000000000000001
12.687751154776038,2,0,0,2,0.17762851616686454,-0.4999999999999997,-0.8660254037844388
358.1644808347602,2,1,0,2,5.014302731686643,0.7071067811865476,0.7071067811865476
275.1014438852555,0,0,0,1,3.8514202143935767,-1.0,-1.8369701987210297e-16
390.84388393744126,2,0,0,2,5.471814375124178,0.7071067811865476,-0.7071067811865475
370.4335458093457,2,1,1,2,5.18606964133084,-0.5000000000000004,0.8660254037844384
174.23195837492216,0,1,1,1,2.43924741724891,0.25881904510252074,0.9659258262890683
237.31475670205796,2,1,0,2,3.3224065938288114,0.8660254037844386,0.5000000000000001
157.94124481914287,2,0,1,2,2.2111774274680003,-0.9659258262890683,-0.25881904510252063
212.14100088421165,2,1,0,2,2.969974012378963,-0.5000000000000004,0.8660254037844384
75.89414716340812,2,1,1,2,1.0625180602877138,0.9659258262890683,0.25881904510252074
320.2871728973803,2,0,0,2,4.484020420563324,0.7071067811865476,-0.7071067811865475
443.52173481671616,1,0,0,0,6.209304287434026,-0.4999999999999997,-0.8660254037844388
103.00965463222241,2,1,0,2,1.4421351648511136,-0.5000000000000004,0.8660254037844384
480.62853617224164,2,0,0,2,6.728799506411383,0.8660254037844387,-0.4999999999999998
270.4338693660295,2,0,1,2,3.786074171124413,1.2246467991473532e-16,-1.0
293.3942157530464,1,0,0,0,4.10751902054265,-0.9659258262890683,-0.25881904510252063
55.897313529353255,2,0,0,2,0.7825623894109456,1.0,6.123233995736766e-17
75.30721572183211,2,1,0,2,1.0543010201056495,0.25881904510252074,0.9659258262890683
275.9409453003427,0,0,1,1,3.863173234204798,-0.7071067811865471,-0.7071067811865479
392.15178243376135,2,1,0,2,5.490124954072659,0.25881904510252074,0.9659258262890683
129.15152014390856,2,1,1,2,1.8081212820147199,0.7071067811865476,0.7071067811865476
550.6169021049561,2,1,0,2,7.708636629469385,0.25881904510252074,0.9659258262890683
382.2884753657768,2,0,0,2,5.352038655120875,-0.8660254037844385,-0.5000000000000004
86.49857469256267,2,1,0,2,1.2109800456958775,0.9659258262890683,0.25881904510252074
255.5527600696313,0,0,0,1,3.5777386409748377,0.7071067811865476,-0.7071067811865475
695.8472440702142,2,0,1,2,9.741861416982998,-0.2588190451025208,-0.9659258262890683
26.338479496052997,0,0,0,1,0.368738712944742,-0.4999999999999997,-0.8660254037844388
345.088589004719,2,1,0,2,4.831240246066066,-0.8660254037844386,0.5000000000000001
191.90598050979838,2,0,0,2,2.6866837271371775,0.258819045102521,-0.9659258262890682
377.2413323653322,2,0,0,2,5.2813786531146505,-1.0,-1.8369701987210297e-16
478.1092563373087,1,0,0,0,6.693529588722322,0.49999999999999994,-0.8660254037844387
180.47732403195386,2,1,0,2,2.5266825364473537,0.0,1.0
451.40420890729126,0,0,0,1,6.319658924702077,0.9659258262890683,-0.25881904510252063
649.816610968953,2,1,0,2,9.097432553565342,-0.7071067811865477,0.7071067811865474
261.92945272196226,2,1,1,2,3.667012338107472,0.9659258262890683,0.25881904510252074
391.2799637489534,2,0,0,2,5.477919492485348,0.258819045102521,-0.9659258262890682
143.7206613634105,2,0,0,2,2.012089259087747,-0.9659258262890684,0.2588190451025203
253.46667562561822,2,0,0,2,3.548533458758655,-0.7071067811865471,-0.7071067811865479
218.19848331251634,2,0,0,2,3.054778766375229,-0.9659258262890683,-0.25881904510252063
393.44846661854723,0,0,0,1,5.508278532659661,0.258819045102521,-0.9659258262890682
466.84166843624655,2,0,1,2,6.535783358107452,-0.9659258262890684,0.2588190451025203
230.2621271588573,0,1,0,1,3.2236697802240024,0.25881904510252074,0.9659258262890683
526.0521122319262,2,0,0,2,7.364729571246968,1.0,6.123233995736766e-17
525.4085394810932,2,0,1,2,7.355719552735304,0.8660254037844387,-0.4999999999999998
402.4336737723821,0,0,1,1,5.63407143281335,-0.9659258262890683,-0.25881904510252063
157.11522429008892,2,0,0,2,2.1996131400612446,0.8660254037844387,-0.4999999999999998
139.8708129868175,2,0,0,2,1.9581913818154448,0.9659258262890683,-0.25881904510252063
103.77135615579303,0,1,1,1,1.4527989861811024,0.0,1.0
420.84989264286895,0,1,0,1,5.891898497000166,0.8660254037844386,0.5000000000000001
31.88172265191443,2,0,0,2,0.446344117126802,-0.7071067811865471,-0.7071067811865479
371.8307777399813,2,0,1,2,5.205630888359738,-0.2588190451025208,-0.9659258262890683
55.400317391659684,0,0,0,1,0.7756044434832357,1.2246467991473532e-16,-1.0
398.2383015715552,2,0,0,2,5.5753362220017735,0.49999999999999994,-0.8660254037844387
253.0995248915009,0,0,1,1,3.543393348481012,-0.9659258262890684,0.2588190451025203
490.0549411347689,2,1,1,2,6.860769175886765,-0.5000000000000004,0.8660254037844384
455.46182409782875,2,0,0,2,6.376465537369603,1.2246467991473532e-16,-1.0
508.3117741603801,0,0,1,1,7.116364838245321,-0.4999999999999997,-0.8660254037844388
512.9473692920403,2,1,0,2,7.181263170088565,-0.25881904510252157,0.9659258262890681
275.85355011787556,2,0,0,2,3.861949701650258,-0.7071067811865471,-0.7071067811865479
41.41724804357116,2,0,0,2,0.5798414726099963,1.2246467991473532e-16,-1.0
60.54585010047185,0,0,0,1,0.8476419014066059,0.9659258262890683,-0.25881904510252063
125.63273527686874,0,0,0,1,1.7588582938761623,-0.9659258262890683,-0.25881904510252063
54.940149982943154,2,0,1,2,0.7691620997612042,-1.0,-1.8369701987210297e-16
262.3882583868368,2,0,0,2,3.6734356174157154,-0.4999999999999997,-0.8660254037844388
149.2622474514708,0,0,0,1,2.0896714643205914,0.7071067811865476,-0.7071067811865475
217.57559120622676,0,1,0,1,3.0460582768871745,-0.5000000000000004,0.8660254037844384
338.68877550305217,0,1,0,1,4.741642857042731,0.7071067811865476,0.7071067811865476
195.26825354816356,2,1,0,2,2.7337555496742896,0.9659258262890683,0.25881904510252074
48.07081592573482,0,0,0,1,0.6729914229602876,0.9659258262890683,-0.25881904510252063
240.4179398385822,0,1,0,1,3.365851157740151,-0.25881904510252157,0.9659258262890681
88.27171238088792,2,0,0,2,1.2358039733324309,1.0,6.123233995736766e-17
201.25843054376864,2,0,0,2,2.817618027612761,0.258819045102521,-0.9659258262890682
491.69985359614066,2,0,1,2,6.883797950345969,-0.9659258262890683,-0.25881904510252063
201.30904526268856,0,0,0,1,2.8183266336776396,-0.9659258262890683,-0.25881904510252063
568.7723596025942,2,0,0,2,7.962813034436318,-1.0,-1.8369701987210297e-16
507.69447764883455,0,1,1,1,7.107722687083684,0.7071067811865476,0.7071067811865476
145.72504445577223,1,1,0,0,2.040150622380811,0.0,1.0
49.9977220451604,0,1,0,1,0.6999681086322456,0.8660254037844386,0.5000000000000001
240.54025085436518,1,0,1,0,3.3675635119611123,1.0,6.123233995736766e-17
457.59899741144,1,0,0,0,6.40638596376016,0.49999999999999994,-0.8660254037844387
161.76563687883612,2,1,0,2,2.2647189163037056,-0.8660254037844386,0.5000000000000001
413.45625368718504,0,1,0,1,5.788387551620591,-0.5000000000000004,0.8660254037844384
467.51919804449585,2,1,0,2,6.545268772622942,-0.8660254037844386,0.5000000000000001
110.67538293473095,0,0,0,1,1.5494553610862334,0.49999999999999994,-0.8660254037844387
128.31080410805433,2,0,1,2,1.7963512575127607,0.7071067811865476,-0.7071067811865475
378.27916578286124,1,1,0,0,5.2959083209600575,-0.25881904510252157,0.9659258262890681
277.3325589354827,0,0,0,1,3.882655825096758,1.0,6.123233995736766e-17
126.50892522213782,0,0,0,1,1.7711249531099296,-0.7071067811865471,-0.7071067811865479
186.60751933847428,2,1,0,2,2.61250527073864,0.0,1.0
237.30648050906456,2,1,1,2,3.3222907271269038,0.0,1.0
31.6737964919829,0,0,0,1,0.4434331508877606,0.258819045102521,-0.9659258262890682
387.81575916688513,2,0,0,2,5.429420628336392,-0.7071067811865471,-0.7071067811865479
163.8354059909456,0,1,1,1,2.293695683873238,0.8660254037844386,0.5000000000000001
251.0689202836578,2,0,0,2,3.514964883971209,-0.2588190451025208,-0.9659258262890683
245.70322570429852,0,0,1,1,3.4398451598601794,-0.9659258262890683,-0.25881904510252063
116.51717339916863,2,0,1,2,1.6312404275883607,0.8660254037844387,-0.4999999999999998
553.9879946144817,0,1,1,1,7.755831924602744,0.25881904510252074,0.9659258262890683
144.61989623440573,0,0,0,1,2.02467854728168,0.258819045102521,-0.9659258262890682
52.42419455585002,2,0,0,2,0.7339387237819003,0.7071067811865476,-0.7071067811865475
341.42788059316285,2,1,1,2,4.77999032830428,0.25881904510252074,0.9659258262890683
131.11947375863502,2,0,0,2,1.8356726326208905,-0.4999999999999997,-0.8660254037844388
109.69788377459818,0,1,1,1,1.5357703728443746,0.7071067811865476,0.7071067811865476
341.71024890839305,2,0,0,2,4.783943484717502,-1.0,-1.8369701987210297e-16
62.71588457987809,0,1,1,1,0.8780223841182933,-0.7071067811865477,0.7071067811865474
12.309258475901515,2,1,0,2,0.17232961866262123,0.7071067811865476,0.7071067811865476
560.6796403769806,2,0,0,2,7.849514965277729,0.8660254037844387,-0.4999999999999998
354.3097727681161,2,0,0,2,4.960336818753626,1.2246467991473532e-16,-1.0
202.44232870101428,2,0,1,2,2.8341926018142,0.7071067811865476,-0.7071067811865475
249.37410225365153,2,0,0,2,3.4912374315511214,-0.2588190451025208,-0.9659258262890683
341.0555844609081,1,1,0,0,4.774778182452714,0.49999999999999994,0.8660254037844387
425.2007409304157,0,1,0,1,5.9528103730258195,0.49999999999999994,0.8660254037844387
113.92444756329786,2,0,0,2,1.5949422658861698,-0.9659258262890684,0.2588190451025203
315.9063746738228,0,0,0,1,4.422689245433519,-0.7071067811865471,-0.7071067811865479
158.79324828215707,0,0,1,1,2.223105475950199,0.8660254037844387,-0.4999999999999998
215.98337598772764,2,0,0,2,3.023767263828187,-0.2588190451025208,-0.9659258262890683
278.9247161436828,2,1,0,2,3.9049460260115594,-0.7071067811865477,0.7071067811865474
248.797856850519,2,0,0,2,3.4831699959072657,-0.7071067811865471,-0.7071067811865479
382.4020416944629,2,0,1,2,5.353628583722481,0.8660254037844387,-0.4999999999999998
337.6755806408069,1,1,1,0,4.727458128971297,-0.25881904510252157,0.9659258262890681
21.470457686992006,0,1,0,1,0.3005864076178881,-0.5000000000000004,0.8660254037844384
5.591822728220421,2,1,0,2,0.0782855181950859,0.8660254037844386,0.5000000000000001
183.45099674332727,2,0,0,2,2.5683139544065816,1.2246467991473532e-16,-1.0
579.1525472395285,0,0,1,1,8.1081356613534,-0.4999999999999997,-0.8660254037844388
96.71347014971158,0,1,1,1,1.353988582095962,0.7071067811865476,0.7071067811865476
212.5199122697045,0,0,0,1,2.975278771775863,-0.2588190451025208,-0.9659258262890683
153.45771514782606,0,0,0,1,2.1484080120695648,-0.9659258262890684,0.2588190451025203
150.2720108641456,2,1,0,2,2.1038081520980385,-0.25881904510252157,0.9659258262890681
282.08315390291,0,0,0,1,3.94916415464074,-0.9659258262890684,0.2588190451025203
502.13990971521724,0,0,0,1,7.029958736013041,1.0,6.123233995736766e-17
332.07431197850605,2,1,0,2,4.649040367699085,0.7071067811865476,0.7071067811865476
105.36442694312339,0,0,1,1,1.4751019772037275,-0.8660254037844385,-0.5000000000000004
745.5813119445772,2,0,0,2,10.43813836722408,0.8660254037844387,-0.4999999999999998
264.14317977300266,2,1,0,2,3.6980045168220372,0.7071067811865476,0.7071067811865476
146.10022785121959,2,1,0,2,2.045403189917074,0.49999999999999994,0.8660254037844387
504.1773474419661,2,0,1,2,7.058482864187526,-1.0,-1.8369701987210297e-16
165.56728877011267,2,0,0,2,2.317942042781578,0.8660254037844387,-0.4999999999999998
549.3244578977396,2,0,0,2,7.690542410568355,0.9659258262890683,-0.25881904510252063
93.28429762600001,2,0,0,2,1.305980166764,1.0,6.123233995736766e-17
507.40547000584644,2,0,0,2,7.10367658008185,1.0,6.123233995736766e-17
286.188579570705,2,1,0,2,4.00664011398987,0.7071067811865476,0.7071067811865476
482.38940188643807,2,0,0,2,6.753451626410133,-1.0,-1.8369701987210297e-16
592.317827566278,0,0,0,1,8.292449585927892,0.258819045102521,-0.9659258262890682
46.130687706174314,2,0,1,2,0.6458296278864405,-0.9659258262890684,0.2588190451025203
479.63892773649803,2,1,0,2,6.714944988310973,0.9659258262890683,0.25881904510252074
5.0,0,0,0,1,0.07,0.258819045102521,-0.9659258262890682
61.50681605531892,0,0,0,1,0.8610954247744649,-0.9659258262890684,0.2588190451025203
105.38629723736133,0,1,0,1,1.4754081613230587,0.7071067811865476,0.7071067811865476
340.654594512015,2,1,0,2,4.76916432316821,0.25881904510252074,0.9659258262890683
255.94285784827474,2,0,1,2,3.583200009875846,-0.4999999999999997,-0.8660254037844388
219.91550485068953,0,1,0,1,3.0788170679096534,-0.5000000000000004,0.8660254037844384
276.32235022402494,2,1,1,2,3.8685129031363497,0.9659258262890683,0.25881904510252074
356.4321260728251,2,0,1,2,4.990049765019551,-0.9659258262890683,-0.25881904510252063
370.2846623094435,2,1,0,2,5.183985272332209,-0.8660254037844386,0.5000000000000001
446.95003041072357,0,1,0,1,6.25730042575013,-0.7071067811865477,0.7071067811865474
577.6062662981392,2,1,0,2,8.086487728173948,0.8660254037844386,0.5000000000000001
246.15477296053413,1,1,0,0,3.446166821447478,0.7071067811865476,0.7071067811865476
156.20398681643508,0,0,1,1,2.186855815430091,0.49999999999999994,-0.8660254037844387
360.4365032533339,2,0,0,2,5.046111045546675,0.49999999999999994,-0.8660254037844387
44.03413307236835,0,0,1,1,0.6164778630131568,0.8660254037844387,-0.4999999999999998
127.83325621990994,0,1,1,1,1.7896655870787392,0.49999999999999994,0.8660254037844387
429.88857035070214,0,0,1,1,6.01843998490983,0.49999999999999994,-0.8660254037844387
227.65689253281326,2,1,1,2,3.1871964954593857,0.25881904510252074,0.9659258262890683
32.52535749555298,0,0,0,1,0.4553550049377417,0.8660254037844387,-0.4999999999999998
18.164551765731346,2,1,1,2,0.2543037247202388,-0.25881904510252157,0.9659258262890681
258.76900229088534,1,0,0,0,3.622766032072395,0.7071067811865476,-0.7071067811865475
455.5413766542418,2,0,0,2,6.377579273159385,0.49999999999999994,-0.8660254037844387
453.1382399556136,2,1,0,2,6.34393535937859,0.49999999999999994,0.8660254037844387
269.9584905207107,0,0,0,1,3.77941886728995,-0.8660254037844385,-0.5000000000000004
611.603695437303,0,0,0,1,8.562451736122242,0.49999999999999994,-0.8660254037844387
231.1323341307167,0,0,0,1,3.235852677830034,-0.8660254037844385,-0.5000000000000004
225.05782778846606,2,0,0,2,3.150809589038525,-1.0,-1.8369701987210297e-16
212.13846375301995,2,1,0,2,2.9699384925422794,0.7071067811865476,0.7071067811865476
169.47466915098119,1,1,1,0,2.3726453681137363,0.25881904510252074,0.9659258262890683
403.362706283529,0,1,0,1,5.647077887969406,-0.25881904510252157,0.9659258262890681
531.5130406347467,0,0,0,1,7.441182568886455,-0.2588190451025208,-0.9659258262890683
100.55776593988878,2,0,1,2,1.4078087231584429,-0.4999999999999997,-0.8660254037844388
333.2054192727487,2,1,0,2,4.664875869818482,0.49999999999999994,0.8660254037844387
438.43822581819177,0,0,0,1,6.138135161454684,-0.9659258262890684,0.2588190451025203
252.01746757526183,0,1,0,1,3.5282445460536653,-0.7071067811865477,0.7071067811865474
160.99048235490147,2,0,1,2,2.2538667529686207,1.2246467991473532e-16,-1.0
294.5121999233654,0,1,0,1,4.1231707989271165,-0.7071067811865477,0.7071067811865474
387.0575123309608,2,0,0,2,5.4188051726334505,1.2246467991473532e-16,-1.0
79.46387889667739,2,0,0,2,1.1124943045534832,-0.9659258262890683,-0.25881904510252063
204.25218444261034,2,1,0,2,2.8595305821965447,-0.7071067811865477,0.7071067811865474
42.01071241682246,2,0,0,2,0.5881499738355144,-0.9659258262890684,0.2588190451025203
212.62655874446347,2,1,1,2,2.9767718224224886,-0.8660254037844386,0.5000000000000001
434.86079412177816,2,0,0,2,6.088051117704894,1.0,6.123233995736766e-17
249.3252639156667,2,1,0,2,3.490553694819334,-0.5000000000000004,0.8660254037844384
537.5814994068969,0,0,0,1,7.526140991696557,-0.7071067811865471,-0.7071067811865479
404.3179945431119,2,0,1,2,5.660451923603567,-0.7071067811865471,-0.7071067811865479
186.2422429002192,2,1,0,2,2.6073914006030687,-0.7071067811865477,0.7071067811865474
235.02748118120644,2,1,0,2,3.29038473653689,0.9659258262890683,0.25881904510252074
351.91193033863107,2,1,0,2,4.926767024740835,0.9659258262890683,0.25881904510252074
424.0390150160338,0,1,1,1,5.936546210224472,0.7071067811865476,0.7071067811865476
308.08071353356206,2,1,0,2,4.313129989469869,0.49999999999999994,0.8660254037844387
449.00676615210716,0,1,0,1,6.286094726129501,0.0,1.0
196.59962739859512,0,1,0,1,2.7523947835803315,0.49999999999999994,0.8660254037844387
70.51416157857648,2,0,0,2,0.9871982621000707,-1.0,-1.8369701987210297e-16
238.33433435899656,2,0,0,2,3.336680681025952,0.8660254037844387,-0.4999999999999998
286.93328033251305,2,0,0,2,4.017065924655182,-0.2588190451025208,-0.9659258262890683
33.72362894692836,2,0,1,2,0.472130805256997,-1.0,-1.8369701987210297e-16
9.390024853608026,0,1,1,1,0.13146034795051237,-0.25881904510252157,0.9659258262890681
330.52953336521693,0,1,0,1,4.627413467113037,-0.25881904510252157,0.9659258262890681
176.85576675332373,2,0,0,2,2.4759807345465323,-1.0,-1.8369701987210297e-16
220.14863698083963,2,0,0,2,3.0820809177317545,1.2246467991473532e-16,-1.0
185.25532017385177,2,1,0,2,2.593574482433925,-0.7071067811865477,0.7071067811865474
523.7081623173781,0,0,1,1,7.331914272443293,-0.7071067811865471,-0.7071067811865479
477.1170088711,2,0,0,2,6.6796381241953995,0.9659258262890683,-0.25881904510252063
27.276335792949737,2,1,0,2,0.38186870110129634,-0.25881904510252157,0.9659258262890681
154.09722164551954,2,0,0,2,2.1573611030372737,-0.7071067811865471,-0.7071067811865479
403.00076823452673,0,0,0,1,5.6420107552833745,0.8660254037844387,-0.4999999999999998
358.3485226785836,0,0,0,1,5.0168793175001705,0.8660254037844387,-0.4999999999999998
242.5375667806386,2,1,1,2,3.39552593492894,-0.25881904510252157,0.9659258262890681
45.23196310643763,2,1,1,2,0.6332474834901268,-0.5000000000000004,0.8660254037844384
127.14279169236178,1,1,0,0,1.7799990836930648,0.49999999999999994,0.8660254037844387
156.98183784166787,2,0,0,2,2.1977457297833505,1.0,6.123233995736766e-17
299.85897960143814,0,0,0,1,4.198025714420134,-0.9659258262890684,0.2588190451025203
556.6708878455028,2,0,0,2,7.793392429837039,-0.9659258262890683,-0.25881904510252063
126.36155773813697,0,1,1,1,1.7690618083339176,-0.25881904510252157,0.9659258262890681
65.31365544005678,2,1,0,2,0.9143911761607949,0.25881904510252074,0.9659258262890683
230.45443417097022,1,1,0,0,3.226362078393583,0.0,1.0
435.7130164925306,0,0,0,1,6.099982230895428,0.258819045102521,-0.9659258262890682
10.438934016926567,0,0,0,1,0.14614507623697193,-0.7071067811865471,-0.7071067811865479
511.65414715749057,0,0,0,1,7.163158060204868,0.258819045102521,-0.9659258262890682
219.0343548191795,0,1,0,1,3.066480967468513,-0.8660254037844386,0.5000000000000001
117.82239958359273,2,0,1,2,1.649513594170298,0.7071067811865476,-0.7071067811865475
38.034071617188715,0,0,1,1,0.532477002640642,0.8660254037844387,-0.4999999999999998
377.17373921571294,1,1,1,0,5.280432349019981,-0.8660254037844386,0.5000000000000001
219.18918485652372,2,0,0,2,3.068648587991332,-0.9659258262890683,-0.25881904510252063
280.72698689581125,1,1,1,0,3.9301778165413577,0.7071067811865476,0.7071067811865476
87.85388661795452,0,0,0,1,1.2299544126513633,0.9659258262890683,-0.25881904510252063
192.56271383481572,2,1,0,2,2.69587799368742,-0.5000000000000004,0.8660254037844384
162.41537565614718,2,1,0,2,2.27381525918606,-0.8660254037844386,0.5000000000000001
231.89324103192263,2,1,0,2,3.246505374446917,0.7071067811865476,0.7071067811865476
129.4805812523541,2,0,1,2,1.8127281375329576,-0.7071067811865471,-0.7071067811865479
26.152572923699836,2,1,0,2,0.3661360209317977,-0.8660254037844386,0.5000000000000001
741.1299541533892,2,1,0,2,10.37581935814745,-0.5000000000000004,0.8660254037844384
5.0,2,1,1,2,0.07,-0.8660254037844386,0.5000000000000001
282.66262124965704,2,0,1,2,3.9572766974951983,0.9659258262890683,-0.25881904510252063
68.96500911632762,1,0,1,0,0.9655101276285867,1.0,6.123233995736766e-17
109.46853859123547,2,1,0,2,1.5325595402772965,-0.5000000000000004,0.8660254037844384
267.6087685334082,2,1,1,2,3.7465227594677146,-0.25881904510252157,0.9659258262890681
281.3861657982946,2,0,0,2,3.9394063211761243,1.2246467991473532e-16,-1.0
477.06981834442905,2,0,0,2,6.678977456822007,0.9659258262890683,-0.25881904510252063
321.91843138282707,0,1,1,1,4.506858039359578,-0.7071067811865477,0.7071067811865474
223.03407062575764,0,0,0,1,3.122476988760607,1.0,6.123233995736766e-17
79.07195606829924,0,1,1,1,1.1070073849561894,-0.25881904510252157,0.9659258262890681
519.8221722820388,2,1,1,2,7.277510411948542,0.8660254037844386,0.5000000000000001
417.1932242890403,0,0,1,1,5.840705140046564,-0.9659258262890683,-0.25881904510252063
25.660694005283574,2,1,0,2,0.35924971607397005,-0.5000000000000004,0.8660254037844384
256.83347107791434,2,0,0,2,3.595668595090801,-1.0,-1.8369701987210297e-16
275.9294016747694,2,0,1,2,3.8630116234467713,0.7071067811865476,-0.7071067811865475
187.78234181097957,2,0,1,2,2.628952785353714,0.49999999999999994,-0.8660254037844387
388.93308744522307,2,0,0,2,5.445063224233123,0.9659258262890683,-0.25881904510252063
399.71196490267187,2,1,0,2,5.595967508637407,0.9659258262890683,0.25881904510252074
215.71257439508094,1,0,1,0,3.019976041531133,0.49999999999999994,-0.8660254037844387
199.44353575642148,2,0,0,2,2.792209500589901,-0.7071067811865471,-0.7071067811865479
519.8125232801557,2,1,0,2,7.277375325922179,0.7071067811865476,0.7071067811865476
417.9110006252027,2,1,1,2,5.850754008752838,0.25881904510252074,0.9659258262890683
263.0248701835092,0,0,1,1,3.6823481825691293,1.2246467991473532e-16,-1.0
43.257627034409666,2,0,1,2,0.6056067784817353,1.0,6.123233995736766e-17
311.92001913490645,0,0,0,1,4.366880267888691,-0.8660254037844385,-0.5000000000000004
375.65502368518025,1,1,1,0,5.259170331592523,-0.5000000000000004,0.8660254037844384
245.8138931117071,2,0,0,2,3.4413945035638993,1.2246467991473532e-16,-1.0
295.33650069724456,2,0,0,2,4.134711009761424,0.7071067811865476,-0.7071067811865475
174.99544237676764,2,0,0,2,2.449936193274747,1.2246467991473532e-16,-1.0
210.24622957668072,0,0,1,1,2.9434472140735304,0.7071067811865476,-0.7071067811865475
86.67142850260228,2,0,0,2,1.213399999036432,1.0,6.123233995736766e-17
223.32592772734444,2,0,0,2,3.126562988182822,0.7071067811865476,-0.7071067811865475
500.5584837126396,2,0,0,2,7.007818771976954,-0.7071067811865471,-0.7071067811865479
169.64827021320718,0,1,0,1,2.3750757829849007,0.49999999999999994,0.8660254037844387
423.80324058277307,2,1,0,2,5.933245368158823,0.7071067811865476,0.7071067811865476
104.86038060167016,2,1,0,2,1.4680453284233823,0.7071067811865476,0.7071067811865476
386.57611467808704,0,1,0,1,5.412065605493218,0.7071067811865476,0.7071067811865476
250.29805401195122,0,0,1,1,3.504172756167317,-0.7071067811865471,-0.7071067811865479
313.3644691820705,0,0,0,1,4.387102568548987,0.8660254037844387,-0.4999999999999998
251.28758609754775,2,1,0,2,3.5180262053656683,0.9659258262890683,0.25881904510252074
365.4925418394175,0,0,0,1,5.116895585751845,0.7071067811865476,-0.7071067811865475
212.16532122807644,0,1,0,1,2.97031449719307,0.7071067811865476,0.7071067811865476
5.568556422362519,2,1,0,2,0.07795978991307527,-0.5000000000000004,0.8660254037844384
325.07448964155606,0,0,1,1,4.551042854981785,0.258819045102521,-0.9659258262890682
117.83690370132246,2,0,0,2,1.6497166518185145,0.7071067811865476,-0.7071067811865475
154.49553598350232,1,0,1,0,2.1629375037690326,0.258819045102521,-0.9659258262890682
240.21864861340305,2,0,0,2,3.363061080587643,-1.0,-1.8369701987210297e-16
100.93477522967859,0,0,1,1,1.4130868532155003,-1.0,-1.8369701987210297e-16
125.51894751512074,2,1,0,2,1.7572652652116902,-0.7071067811865477,0.7071067811865474
298.88479602764664,1,1,0,0,4.184387144387053,-0.25881904510252157,0.9659258262890681
431.67309204036565,2,1,1,2,6.043423288565119,0.0,1.0
77.47911137413462,1,1,1,0,1.0847075592378848,0.7071067811865476,0.7071067811865476
146.48952468627337,1,0,0,0,2.0508533456078273,1.2246467991473532e-16,-1.0
118.37302480113192,2,0,1,2,1.657222347215847,0.9659258262890683,-0.25881904510252063
185.84835533791016,0,1,0,1,2.601876974730742,-0.7071067811865477,0.7071067811865474
275.50812225715157,1,0,0,0,3.857113711600122,-0.2588190451025208,-0.9659258262890683
418.2491942491286,2,0,0,2,5.8554887194878,-0.7071067811865471,-0.7071067811865479
432.99577731685883,2,1,0,2,6.061940882436024,0.25881904510252074,0.9659258262890683
93.262052240667,2,0,0,2,1.305668731369338,0.9659258262890683,-0.25881904510252063
24.694351266374355,2,0,1,2,0.34572091772924096,1.2246467991473532e-16,-1.0
253.88899856650323,2,1,0,2,3.554445979931045,0.0,1.0
399.2692635819641,2,0,0,2,5.589769690147498,0.258819045102521,-0.9659258262890682
277.87308069586913,2,0,0,2,3.8902231297421674,-0.8660254037844385,-0.5000000000000004
302.074834457277,2,0,1,2,4.229047682401878,1.0,6.123233995736766e-17
455.52956699252206,2,0,0,2,6.377413937895309,-0.7071067811865471,-0.7071067811865479
116.95541933847338,0,0,1,1,1.6373758707386272,-0.2588190451025208,-0.9659258262890683
210.4053843988546,0,0,1,1,2.945675381583965,0.7071067811865476,-0.7071067811865475
544.2289921170163,2,1,0,2,7.619205889638229,0.49999999999999994,0.8660254037844387
214.57399784242716,0,0,1,1,3.0040359697939802,0.258819045102521,-0.9659258262890682
21.879346126017197,0,0,0,1,0.3063108457642408,0.9659258262890683,-0.25881904510252063
129.51590267494694,1,0,0,0,1.8132226374492573,-0.7071067811865471,-0.7071067811865479
81.1276267801764,2,1,1,2,1.1357867749224697,-0.25881904510252157,0.9659258262890681
314.2892654262287,2,1,0,2,4.400049715967202,0.0,1.0
88.7295393540198,1,0,0,0,1.2422135509562773,-0.8660254037844385,-0.5000000000000004
298.78616551502404,1,1,1,0,4.183006317210336,0.9659258262890683,0.25881904510252074
117.50826066268303,0,1,0,1,1.6451156492775625,0.0,1.0
132.20813691168104,0,1,1,1,1.8509139167635345,-0.25881904510252157,0.9659258262890681
305.191561656746,2,0,0,2,4.272681863194444,-0.4999999999999997,-0.8660254037844388
276.72346267844,2,0,0,2,3.87412847749816,1.2246467991473532e-16,-1.0
343.1964068275913,2,1,0,2,4.8047496955862785,0.9659258262890683,0.25881904510252074
128.8623005502538,2,1,0,2,1.804072207703553,-0.8660254037844386,0.5000000000000001
109.68199443531222,0,0,0,1,1.5355479220943713,1.2246467991473532e-16,-1.0
322.2640345266782,2,1,1,2,4.511696483373495,-0.7071067811865477,0.7071067811865474
523.4235230555767,2,1,0,2,7.327929322778073,0.7071067811865476,0.7071067811865476
252.01024171113897,1,1,1,0,3.5281433839559457,0.0,1.0
326.4253172884861,2,1,1,2,4.569954442038806,-0.5000000000000004,0.8660254037844384
192.1142168033727,1,0,0,0,2.689599035247218,0.7071067811865476,-0.7071067811865475
27.853493937263238,1,1,0,0,0.38994891512168534,0.7071067811865476,0.7071067811865476
424.1372954477304,0,0,0,1,5.9379221362682255,1.2246467991473532e-16,-1.0
413.5145630355091,2,1,1,2,5.7892038824971275,0.7071067811865476,0.7071067811865476
377.9393245315349,2,0,0,2,5.291150543441488,-0.7071067811865471,-0.7071067811865479
217.24982109836463,2,0,0,2,3.041497495377105,0.8660254037844387,-0.4999999999999998
357.4700979529373,2,1,0,2,5.004581371341122,0.7071067811865476,0.7071067811865476
410.8771235298095,2,0,0,2,5.752279729417333,-0.9659258262890684,0.2588190451025203
541.6285632922073,1,0,1,0,7.5827998860909025,0.9659258262890683,-0.25881904510252063
427.93469883653955,2,1,0,2,5.991085783711553,0.7071067811865476,0.7071067811865476
261.487820506055,0,0,0,1,3.6608294870847704,0.8660254037844387,-0.4999999999999998
14.514414023613114,2,0,0,2,0.20320179633058358,0.49999999999999994,-0.8660254037844387
278.0184935809134,0,1,1,1,3.892258910132788,-0.25881904510252157,0.9659258262890681
296.18393125287537,1,1,1,0,4.146575037540255,0.8660254037844386,0.5000000000000001
377.6253595572947,2,0,0,2,5.286755033802126,0.8660254037844387,-0.4999999999999998
493.7005346782166,2,0,1,2,6.911807485495033,0.9659258262890683,-0.25881904510252063
232.87290782977973,0,1,1,1,3.2602207096169162,0.7071067811865476,0.7071067811865476
628.17769416636,0,0,0,1,8.794487718329039,-0.9659258262890684,0.2588190451025203
66.67166360730391,0,1,1,1,0.9334032905022548,0.0,1.0
325.48153704309254,2,0,1,2,4.556741518603296,-0.9659258262890684,0.2588190451025203
106.26632940687495,2,0,1,2,1.4877286116962491,1.2246467991473532e-16,-1.0
93.2999599439845,1,1,0,0,1.306199439215783,-0.25881904510252157,0.9659258262890681
213.68061226615146,1,1,1,0,2.9915285717261204,0.8660254037844386,0.5000000000000001
12.29108571577217,2,1,0,2,0.17207520002081036,-0.7071067811865477,0.7071067811865474
220.942978354093,0,0,0,1,3.0932016969573017,-0.9659258262890684,0.2588190451025203
256.2584646570022,2,1,0,2,3.587618505198031,-0.8660254037844386,0.5000000000000001
451.33745368047084,2,0,1,2,6.318724351526591,0.7071067811865476,-0.7071067811865475
21.365324257508746,2,0,0,2,0.29911453960512246,-0.7071067811865471,-0.7071067811865479
413.52012981623903,2,0,0,2,5.789281817427346,0.9659258262890683,-0.25881904510252063
267.6544810503629,2,0,1,2,3.7471627347050807,0.258819045102521,-0.9659258262890682
435.192847649727,2,1,0,2,6.0926998670961785,0.49999999999999994,0.8660254037844387
172.284788494397,2,1,1,2,2.411987038921558,0.7071067811865476,0.7071067811865476
10.195974382579834,0,0,0,1,0.14274364135611767,-0.8660254037844385,-0.5000000000000004
30.850121281144084,0,1,0,1,0.4319016979360172,-0.8660254037844386,0.5000000000000001
17.474658339919102,0,0,0,1,0.24464521675886744,-0.9659258262890684,0.2588190451025203
336.0065475257179,1,1,0,0,4.704091665360051,-0.7071067811865477,0.7071067811865474
515.8459639986459,2,1,0,2,7.221843495981042,-0.7071067811865477,0.7071067811865474
148.30872520206032,0,0,0,1,2.0763221528288445,1.2246467991473532e-16,-1.0
363.24435368640104,0,1,0,1,5.085420951609614,0.9659258262890683,0.25881904510252074
24.21957046441156,2,1,0,2,0.33907398650176185,0.49999999999999994,0.8660254037844387
282.4578248519138,2,0,0,2,3.9544095479267933,-0.2588190451025208,-0.9659258262890683
370.3412709406828,2,0,0,2,5.184777793169559,1.0,6.123233995736766e-17
10.662459549836342,0,1,0,1,0.1492744336977088,0.49999999999999994,0.8660254037844387
213.30097558362618,2,1,0,2,2.9862136581707666,0.9659258262890683,0.25881904510252074
378.8650852874017,0,0,0,1,5.3041111940236245,1.2246467991473532e-16,-1.0
278.07871650130585,0,0,1,1,3.893102031018282,-0.2588190451025208,-0.9659258262890683
490.3815511063137,0,0,0,1,6.865341715488392,-0.4999999999999997,-0.8660254037844388
313.66228766038864,0,0,0,1,4.39127202724544,-0.7071067811865471,-0.7071067811865479
379.0109765891217,0,1,0,1,5.306153672247704,0.0,1.0
175.71052974494242,2,0,1,2,2.459947416429194,-0.4999999999999997,-0.8660254037844388
60.090046681763965,2,1,0,2,0.8412606535446955,-0.25881904510252157,0.9659258262890681
346.1313321370513,0,0,0,1,4.8458386499187185,1.0,6.123233995736766e-17
235.13374142502784,2,0,1,2,3.2918723799503895,0.8660254037844387,-0.4999999999999998
255.7807819778177,2,0,0,2,3.5809309476894478,-0.4999999999999997,-0.8660254037844388
445.76925733581163,2,0,0,2,6.240769602701363,-0.2588190451025208,-0.9659258262890683
387.1714972952676,1,0,0,0,5.420400962133747,-1.0,-1.8369701987210297e-16
595.8227350761304,2,1,0,2,8.341518291065826,-0.25881904510252157,0.9659258262890681
277.69376119722983,0,0,0,1,3.8877126567612175,-0.9659258262890683,-0.25881904510252063
125.58176119759891,2,0,0,2,1.7581446567663848,0.8660254037844387,-0.4999999999999998
216.08496755642926,2,1,0,2,3.0251895457900098,0.0,1.0
324.8194070569491,0,0,0,1,4.547471698797288,0.258819045102521,-0.9659258262890682
432.8541734187359,2,0,1,2,6.059958427862302,0.7071067811865476,-0.7071067811865475
14.066111258969386,0,0,0,1,0.1969255576255714,1.0,6.123233995736766e-17
251.5367707322504,0,0,0,1,3.5215147902515054,-0.2588190451025208,-0.9659258262890683
539.7174982669064,0,1,1,1,7.55604497573669,0.0,1.0
206.76240321954637,2,0,0,2,2.894673645073649,-0.4999999999999997,-0.8660254037844388
417.5821338764388,0,1,0,1,5.846149874270142,-0.7071067811865477,0.7071067811865474
338.76115489888093,0,1,0,1,4.742656168584333,0.0,1.0
422.0549091744964,0,0,1,1,5.90876872844295,1.2246467991473532e-16,-1.0
104.24310251201217,2,0,0,2,1.4594034351681704,-0.9659258262890684,0.2588190451025203
105.02769938819546,2,1,1,2,1.4703877914347363,-0.5000000000000004,0.8660254037844384
253.64894058201185,1,1,0,0,3.5510851681481657,0.25881904510252074,0.9659258262890683
25.799921703256075,0,1,1,1,0.36119890384558506,0.49999999999999994,0.8660254037844387
201.4466908099016,2,1,1,2,2.8202536713386226,0.7071067811865476,0.7071067811865476
295.5177983528201,2,0,0,2,4.137249176939481,-0.7071067811865471,-0.7071067811865479
571.2344092509591,2,1,0,2,7.997281729513427,-0.7071067811865477,0.7071067811865474
322.4892740685679,2,0,0,2,4.514849836959951,0.258819045102521,-0.9659258262890682
362.5411247571584,2,1,1,2,5.075575746600218,0.7071067811865476,0.7071067811865476
459.60565246900103,2,1,0,2,6.434479134566014,-0.7071067811865477,0.7071067811865474
76.3616339988898,0,0,1,1,1.0690628759844572,0.258819045102521,-0.9659258262890682
220.28512077322256,2,0,1,2,3.083991690825116,1.0,6.123233995736766e-17
686.5742665247008,0,0,1,1,9.61203973134581,-0.9659258262890684,0.2588190451025203
235.75799997078843,2,1,1,2,3.300611999591038,-0.7071067811865477,0.7071067811865474
450.9575347807973,2,1,0,2,6.313405486931162,0.49999999999999994,0.8660254037844387
423.4728178911593,2,1,1,2,5.928619450476231,0.8660254037844386,0.5000000000000001
16.06046858978408,2,0,0,2,0.2248465602569771,0.258819045102521,-0.9659258262890682
305.886269861068,0,0,0,1,4.282407778054952,0.258819045102521,-0.9659258262890682
276.4145449969406,0,0,1,1,3.8698036299571688,-0.9659258262890684,0.2588190451025203
309.39258181127826,2,1,0,2,4.331496145357895,-0.5000000000000004,0.8660254037844384
114.25975363760921,2,1,0,2,1.599636550926529,-0.7071067811865477,0.7071067811865474
48.95448785581135,2,0,0,2,0.6853628299813589,1.0,6.123233995736766e-17
164.31819999624676,0,1,0,1,2.3004547999474547,-0.7071067811865477,0.7071067811865474
232.3969005248435,0,0,0,1,3.253556607347809,0.258819045102521,-0.9659258262890682
463.29720056805684,2,1,0,2,6.486160807952796,0.25881904510252074,0.9659258262890683
577.1159475506092,0,0,1,1,8.079623265708529,-0.2588190451025208,-0.9659258262890683
501.387612320172,0,1,1,1,7.019426572482408,-0.5000000000000004,0.8660254037844384
404.83333794073195,2,0,0,2,5.6676667311702476,-0.7071067811865471,-0.7071067811865479
69.21875278607382,2,1,0,2,0.9690625390050335,-0.25881904510252157,0.9659258262890681
176.39868850189083,1,0,0,0,2.4695816390264715,1.0,6.123233995736766e-17
287.7866894343396,0,1,0,1,4.029013652080755,0.7071067811865476,0.7071067811865476
136.1609731462885,2,0,1,2,1.9062536240480392,-0.9659258262890684,0.2588190451025203
353.8970174550312,2,1,1,2,4.954558244370436,0.8660254037844386,0.5000000000000001
379.6874994857718,2,0,1,2,5.315624992800806,-0.2588190451025208,-0.9659258262890683
346.53221126178437,2,0,0,2,4.851450957664982,0.8660254037844387,-0.4999999999999998
434.52422882036467,0,1,1,1,6.083339203485106,0.8660254037844386,0.5000000000000001
87.1735815316467,2,1,0,2,1.2204301414430538,0.25881904510252074,0.9659258262890683
417.9091667365956,0,1,0,1,5.850728334312338,0.8660254037844386,0.5000000000000001
124.78381897836466,0,1,1,1,1.7469734656971052,0.49999999999999994,0.8660254037844387
80.63152852428061,2,0,0,2,1.1288413993399287,0.7071067811865476,-0.7071067811865475
345.7809041535487,2,0,0,2,4.840932658149682,0.9659258262890683,-0.25881904510252063
468.8572411958165,2,0,0,2,6.564001376741431,0.7071067811865476,-0.7071067811865475
337.8424275476818,0,1,0,1,4.729793985667545,0.25881904510252074,0.9659258262890683
253.74472427905795,2,0,1,2,3.5524261399068116,-0.2588190451025208,-0.9659258262890683
305.8276886982713,0,1,0,1,4.281587641775798,0.7071067811865476,0.7071067811865476
274.5568452521104,0,1,0,1,3.843795833529546,-0.8660254037844386,0.5000000000000001
47.32883869562906,2,0,0,2,0.6626037417388068,0.258819045102521,-0.9659258262890682
26.328373909915257,1,0,0,0,0.3685972347388136,-0.9659258262890684,0.2588190451025203
235.81134169477815,1,0,0,0,3.301358783726894,-0.2588190451025208,-0.9659258262890683
264.3742304384747,2,0,0,2,3.7012392261386458,-0.7071067811865471,-0.7071067811865479
252.03982810619215,2,1,1,2,3.52855759348669,0.8660254037844386,0.5000000000000001
371.6982904569844,1,0,0,0,5.203776066397782,-0.7071067811865471,-0.7071067811865479
211.2141910904188,1,1,0,0,2.9569986752658632,0.7071067811865476,0.7071067811865476
351.3362527428741,2,1,0,2,4.918707538400238,0.49999999999999994,0.8660254037844387
223.9743818812394,2,1,0,2,3.1356413463373514,0.0,1.0
578.2046131665638,2,1,0,2,8.094864584331894,0.7071067811865476,0.7071067811865476
264.5284708107604,1,0,0,0,3.7033985913506453,0.8660254037844387,-0.4999999999999998
671.330070074622,2,1,1,2,9.398620981044708,0.0,1.0
313.3620863963556,2,0,1,2,4.3870692095489785,-0.7071067811865471,-0.7071067811865479
211.53810929412117,0,1,0,1,2.9615335301176966,-0.5000000000000004,0.8660254037844384
88.0993642732586,2,1,1,2,1.2333910998256203,0.49999999999999994,0.8660254037844387
9.719943330384865,0,1,0,1,0.1360792066253881,-0.25881904510252157,0.9659258262890681
71.54038880869177,2,1,0,2,1.0015654433216847,0.9659258262890683,0.25881904510252074
91.67086435048182,0,0,1,1,1.2833921009067455,1.2246467991473532e-16,-1.0
321.0676036741918,2,0,0,2,4.494946451438685,-0.8660254037844385,-0.5000000000000004
155.29023320916627,0,0,0,1,2.174063264928328,-0.4999999999999997,-0.8660254037844388
283.6468694598096,0,1,1,1,3.971056172437334,-0.8660254037844386,0.5000000000000001
480.75610522780346,2,0,1,2,6.730585473189248,0.258819045102521,-0.9659258262890682
234.19449670572635,2,0,0,2,3.2787229538801688,0.9659258262890683,-0.25881904510252063
624.2482057240247,2,0,0,2,8.739474880136346,-0.7071067811865471,-0.7071067811865479
38.354023538944375,2,1,0,2,0.5369563295452212,0.49999999999999994,0.8660254037844387
222.894961292513,0,1,0,1,3.1205294580951817,0.7071067811865476,0.7071067811865476
152.92367375002385,0,0,0,1,2.140931432500334,1.0,6.123233995736766e-17
418.57118909026144,2,0,1,2,5.85999664726366,-0.4999999999999997,-0.8660254037844388
153.16249346590178,0,0,0,1,2.144274908522625,0.49999999999999994,-0.8660254037844387
9.760752052006012,0,0,0,1,0.13665052872808417,-0.7071067811865471,-0.7071067811865479
230.6775719588267,0,1,1,1,3.2294860074235734,-0.7071067811865477,0.7071067811865474
529.2479897817088,2,0,1,2,7.409471856943924,-0.2588190451025208,-0.9659258262890683
290.65153012671533,2,1,0,2,4.069121421774015,-0.5000000000000004,0.8660254037844384
6.721458232437897,2,0,0,2,0.09410041525413056,1.2246467991473532e-16,-1.0
34.510013315758556,2,0,0,2,0.4831401864206198,0.8660254037844387,-0.4999999999999998
551.1381465120915,2,0,0,2,7.715934051169281,-0.9659258262890683,-0.25881904510252063
138.19573621667666,2,1,0,2,1.9347403070334732,0.49999999999999994,0.8660254037844387
80.26659295904247,2,0,1,2,1.1237323014265945,-0.9659258262890684,0.2588190451025203
515.9270609135549,0,1,0,1,7.222978852789769,-0.7071067811865477,0.7071067811865474
431.99746100565835,2,1,1,2,6.047964454079217,0.8660254037844386,0.5000000000000001
479.3307357880233,2,1,0,2,6.710630301032326,-0.7071067811865477,0.7071067811865474
78.992461552153,2,1,0,2,1.105894461730142,-0.25881904510252157,0.9659258262890681
24.51901538258494,2,1,0,2,0.3432662153561892,0.25881904510252074,0.9659258262890683
273.969968085287,0,1,0,1,3.8355795531940178,-0.7071067811865477,0.7071067811865474
310.3227039532595,2,1,1,2,4.344517855345633,-0.8660254037844386,0.5000000000000001
315.62832466686973,2,0,0,2,4.418796545336176,-0.8660254037844385,-0.5000000000000004
516.0731084150203,2,0,0,2,7.225023517810285,-0.7071067811865471,-0.7071067811865479
62.07807620148469,2,1,1,2,0.8690930668207857,-0.25881904510252157,0.9659258262890681
404.7451092335979,2,0,1,2,5.666431529270371,-0.9659258262890684,0.2588190451025203
52.607492053482815,0,1,0,1,0.7365048887487594,-0.25881904510252157,0.9659258262890681
404.0323577549514,2,0,0,2,5.656453008569319,1.2246467991473532e-16,-1.0
164.50779318615207,2,0,0,2,2.303109104606129,-0.9659258262890684,0.2588190451025203
103.48507673970792,2,0,0,2,1.448791074355911,0.49999999999999994,-0.8660254037844387
140.2175127491436,2,0,0,2,1.9630451784880103,0.9659258262890683,-0.25881904510252063
10.20983613978126,0,1,0,1,0.14293770595693764,-0.8660254037844386,0.5000000000000001
257.2772091700241,0,1,1,1,3.6018809283803375,0.8660254037844386,0.5000000000000001
110.91878968111772,0,1,0,1,1.552863055535648,0.25881904510252074,0.9659258262890683
391.5336815620501,2,1,1,2,5.481471541868701,0.7071067811865476,0.7071067811865476
365.2100945859251,2,1,1,2,5.112941324202952,0.49999999999999994,0.8660254037844387
553.8682695225023,0,1,0,1,7.7541557733150315,0.25881904510252074,0.9659258262890683
315.93894703739386,1,1,1,0,4.423145258523514,0.49999999999999994,0.8660254037844387
343.72199807441325,2,0,0,2,4.812107973041786,-0.7071067811865471,-0.7071067811865479
502.0179661290065,2,0,0,2,7.02825152580609,-0.9659258262890684,0.2588190451025203
137.02071471519466,2,0,1,2,1.918290006012725,0.8660254037844387,-0.4999999999999998
17.886478308145854,2,1,0,2,0.25041069631404195,0.9659258262890683,0.25881904510252074
286.01693064311087,2,0,0,2,4.004237029003552,-0.4999999999999997,-0.8660254037844388
6.074024458592703,2,1,0,2,0.08503634242029784,0.8660254037844386,0.5000000000000001
691.7089611265702,0,0,0,1,9.683925455771984,0.8660254037844387,-0.4999999999999998
511.98969257420976,2,1,0,2,7.167855696038937,-0.25881904510252157,0.9659258262890681
639.5157399942846,2,1,1,2,8.953220359919984,0.9659258262890683,0.25881904510252074
261.24045579936325,2,1,1,2,3.6573663811910855,0.49999999999999994,0.8660254037844387
349.10324686628763,0,1,0,1,4.887445456128027,-0.5000000000000004,0.8660254037844384
167.29442224852409,2,0,0,2,2.342121911479337,1.2246467991473532e-16,-1.0
408.92646500561534,0,1,0,1,5.724970510078615,-0.7071067811865477,0.7071067811865474
31.202221830809748,2,0,0,2,0.4368311056313365,-0.4999999999999997,-0.8660254037844388
207.75677410546018,0,0,1,1,2.9085948374764423,0.49999999999999994,-0.8660254037844387
107.67208849205801,2,0,1,2,1.507409238888812,-0.7071067811865471,-0.7071067811865479
11.985225611116846,2,0,0,2,0.16779315855563584,-0.4999999999999997,-0.8660254037844388
516.0268125087164,2,1,0,2,7.22437537512203,-0.25881904510252157,0.9659258262890681
576.8219419144568,2,1,1,2,8.075507186802396,0.9659258262890683,0.25881904510252074
5.0,2,0,0,2,0.07,-0.2588190451025208,-0.9659258262890683
482.5088093538231,0,0,0,1,6.7551233309535235,0.49999999999999994,-0.8660254037844387
421.2492970301387,2,0,0,2,5.897490158421942,-0.9659258262890684,0.2588190451025203
32.55980324939776,2,0,0,2,0.4558372454915686,0.7071067811865476,-0.7071067811865475
179.75184443230873,2,0,0,2,2.5165258220523223,-0.7071067811865471,-0.7071067811865479
145.57053001758646,0,0,1,1,2.0379874202462105,0.258819045102521,-0.9659258262890682
384.639171752896,1,0,1,0,5.384948404540545,1.0,6.123233995736766e-17
28.81971683709753,0,0,1,1,0.4034760357193654,1.0,6.123233995736766e-17
232.20292738129316,2,1,1,2,3.2508409833381045,-0.25881904510252157,0.9659258262890681
126.53178928906877,0,0,0,1,1.7714450500469627,-0.9659258262890683,-0.25881904510252063
335.2014130093258,1,0,1,0,4.692819782130561,-0.4999999999999997,-0.8660254037844388
210.97743429617273,0,1,0,1,2.9536840801464184,0.9659258262890683,0.25881904510252074
153.65577329072886,2,0,0,2,2.1511808260702043,-1.0,-1.8369701987210297e-16
211.60661638622597,2,0,0,2,2.9624926294071634,0.9659258262890683,-0.25881904510252063
616.4877099112202,2,0,0,2,8.630827938757085,-0.9659258262890684,0.2588190451025203
174.95806549850994,2,0,0,2,2.449412916979139,-0.4999999999999997,-0.8660254037844388
62.61906070891834,0,1,0,1,0.8766668499248567,0.7071067811865476,0.7071067811865476
355.01804244807374,2,0,0,2,4.970252594273033,-0.9659258262890683,-0.25881904510252063
224.16555950386783,2,0,1,2,3.1383178330541495,1.2246467991473532e-16,-1.0
5.0,0,1,1,1,0.07,-0.7071067811865477,0.7071067811865474
651.6693403364438,0,1,0,1,9.123370764710213,-0.7071067811865477,0.7071067811865474
186.55378979440337,2,1,0,2,2.611753057121647,0.0,1.0
181.98349828695677,0,0,0,1,2.547768976017395,0.9659258262890683,-0.25881904510252063
278.7703633434575,2,0,0,2,3.902785086808405,-1.0,-1.8369701987210297e-16
561.4210184575911,0,0,0,1,7.859894258406275,-0.8660254037844385,-0.5000000000000004
52.354158773419215,0,0,0,1,0.732958222827869,0.7071067811865476,-0.7071067811865475
299.6774528956972,2,1,0,2,4.19548434053976,0.0,1.0
625.7089891228529,0,1,1,1,8.75992584771994,0.0,1.0
273.1711625331367,0,1,0,1,3.824396275463913,-0.8660254037844386,0.5000000000000001
27.639883725373664,2,1,0,2,0.3869583721552313,0.8660254037844386,0.5000000000000001
138.68856646708252,2,1,0,2,1.9416399305391554,0.0,1.0
287.2388553562223,0,1,0,1,4.021343974987112,-0.8660254037844386,0.5000000000000001
489.5447048151751,2,1,0,2,6.853625867412452,-0.5000000000000004,0.8660254037844384
188.91954800510908,2,1,0,2,2.644873672071527,-0.8660254037844386,0.5000000000000001
398.7973235378377,0,0,1,1,5.583162529529728,-0.9659258262890684,0.2588190451025203
8.366388868440026,0,0,0,1,0.11712944415816037,1.2246467991473532e-16,-1.0
9.869306527109813,2,0,0,2,0.1381702913795374,0.8660254037844387,-0.4999999999999998
163.09587603670906,2,0,1,2,2.2833422645139265,-0.7071067811865471,-0.7071067811865479
508.84516993718717,2,0,0,2,7.12383237912062,0.9659258262890683,-0.25881904510252063
262.39743511247843,2,0,0,2,3.673564091574698,-0.2588190451025208,-0.9659258262890683
302.16601520199146,2,0,1,2,4.230324212827881,-0.8660254037844385,-0.5000000000000004
300.0543272032349,0,1,0,1,4.200760580845288,0.7071067811865476,0.7071067811865476
449.65743686561154,2,0,0,2,6.295204116118562,1.0,6.123233995736766e-17
140.1602753431863,2,0,0,2,1.9622438548046082,-0.8660254037844385,-0.5000000000000004
373.8913195278818,2,1,0,2,5.234478473390345,-0.25881904510252157,0.9659258262890681
100.44112050607657,1,0,0,0,1.4061756870850721,-0.7071067811865471,-0.7071067811865479
606.9890780657369,2,0,1,2,8.497847092920315,-0.2588190451025208,-0.9659258262890683
105.92960122659582,2,0,1,2,1.4830144171723414,-0.7071067811865471,-0.7071067811865479
91.16992544584824,2,1,0,2,1.2763789562418753,0.25881904510252074,0.9659258262890683
348.9405664278489,0,1,0,1,4.885167929989885,-0.25881904510252157,0.9659258262890681
264.3619176578183,0,0,1,1,3.7010668472094563,-0.4999999999999997,-0.8660254037844388
308.8334331269682,2,0,1,2,4.323668063777555,0.49999999999999994,-0.8660254037844387
290.91648318861724,2,0,0,2,4.072830764640641,1.2246467991473532e-16,-1.0
53.72940421466103,2,1,1,2,0.7522116590052544,0.7071067811865476,0.7071067811865476
540.4046072343072,2,1,0,2,7.5656645012803,-0.25881904510252157,0.9659258262890681
410.8375970600397,2,1,0,2,5.751726358840556,0.0,1.0
494.6109912280809,2,0,0,2,6.924553877193133,-0.4999999999999997,-0.8660254037844388
154.90043996012363,2,0,0,2,2.168606159441731,0.258819045102521,-0.9659258262890682
324.97423804873085,2,1,1,2,4.549639332682232,-0.8660254037844386,0.5000000000000001
285.5263232022444,2,0,0,2,3.9973685248314212,0.8660254037844387,-0.4999999999999998
453.0404727162714,0,0,1,1,6.342566618027799,1.0,6.123233995736766e-17
458.8446637293314,2,1,0,2,6.42382529221064,0.49999999999999994,0.8660254037844387
284.74914453246066,2,0,0,2,3.9864880234544495,-0.7071067811865471,-0.7071067811865479
23.231203731785286,2,1,0,2,0.325236852244994,0.7071067811865476,0.7071067811865476
570.339139675784,1,1,0,0,7.984747955460977,-0.5000000000000004,0.8660254037844384
350.077738064225,0,0,1,1,4.901088332899151,-0.2588190451025208,-0.9659258262890683
140.4813325495944,2,1,0,2,1.9667386556943218,-0.7071067811865477,0.7071067811865474
323.1775848880051,2,0,0,2,4.52448618843207,1.2246467991473532e-16,-1.0
21.996838721454196,2,0,0,2,0.30795574210035875,-0.9659258262890684,0.2588190451025203
439.96355214478797,2,0,1,2,6.1594897300270315,-1.0,-1.8369701987210297e-16
14.818113970247566,2,1,0,2,0.20745359558346593,0.25881904510252074,0.9659258262890683
210.24979143332513,0,0,0,1,2.943497080066552,0.7071067811865476,-0.7071067811865475
294.00180092899893,2,0,0,2,4.116025213005985,-1.0,-1.8369701987210297e-16
436.99114815677683,0,0,0,1,6.117876074194875,-0.4999999999999997,-0.8660254037844388
269.1780417581873,2,0,0,2,3.7684925846146227,1.0,6.123233995736766e-17
364.29331725025907,0,0,0,1,5.100106441503627,-0.4999999999999997,-0.8660254037844388
244.92995647908046,0,0,1,1,3.4290193907071265,-0.8660254037844385,-0.5000000000000004
244.20652883002913,2,1,0,2,3.4188914036204077,-0.25881904510252157,0.9659258262890681
265.3859050626935,2,0,0,2,3.715402670877709,-0.7071067811865471,-0.7071067811865479
215.96957424657256,2,0,1,2,3.023574039452016,-0.8660254037844385,-0.5000000000000004
53.58264375465842,2,0,0,2,0.7501570125652178,-0.7071067811865471,-0.7071067811865479
111.70177113460693,2,0,0,2,1.563824795884497,-0.9659258262890683,-0.25881904510252063
294.05947140010574,0,0,0,1,4.11683259960148,-0.8660254037844385,-0.5000000000000004
205.1582193720306,2,1,0,2,2.8722150712084287,0.7071067811865476,0.7071067811865476
221.9543652072568,1,1,0,0,3.1073611129015952,0.25881904510252074,0.9659258262890683
191.79633950103124,2,0,0,2,2.6851487530144373,-0.8660254037844385,-0.5000000000000004
94.5522893082728,1,0,0,0,1.3237320503158194,-0.8660254037844385,-0.5000000000000004
161.2420970242671,2,1,0,2,2.2573893583397395,0.25881904510252074,0.9659258262890683
194.77028601005296,0,1,0,1,2.7267840041407414,-0.7071067811865477,0.7071067811865474
250.9257652975329,2,1,0,2,3.5129607141654606,0.25881904510252074,0.9659258262890683
320.80810200454823,2,0,0,2,4.491313428063675,-0.4999999999999997,-0.8660254037844388
217.50094764056695,0,0,0,1,3.0450132669679375,-0.7071067811865471,-0.7071067811865479
64.6620539753645,2,0,0,2,0.9052687556551029,0.49999999999999994,-0.8660254037844387
5.0,0,1,0,1,0.07,0.25881904510252074,0.9659258262890683
717.5386973275404,0,0,0,1,10.045541762585566,0.9659258262890683,-0.25881904510252063
46.63329455237863,2,1,0,2,0.6528661237333008,-0.8660254037844386,0.5000000000000001
156.64749977241107,2,1,0,2,2.1930649968137548,-0.25881904510252157,0.9659258262890681
343.0600544525083,0,0,1,1,4.802840762335117,0.258819045102521,-0.9659258262890682
314.95490972182256,2,0,0,2,4.409368736105517,-0.2588190451025208,-0.9659258262890683
343.75582466108307,0,0,0,1,4.8125815452551635,-0.2588190451025208,-0.9659258262890683
170.31092748420843,0,1,1,1,2.384352984778918,-0.25881904510252157,0.9659258262890681
292.9404527151185,2,0,0,2,4.101166338011659,0.258819045102521,-0.9659258262890682
261.04185956335544,2,1,0,2,3.654586033886976,0.25881904510252074,0.9659258262890683
193.8163538425683,0,0,1,1,2.7134289537959564,-0.2588190451025208,-0.9659258262890683
294.1737535188412,2,1,1,2,4.118432549263776,-0.5000000000000004,0.8660254037844384
439.9657984151272,2,0,1,2,6.159521177811781,0.258819045102521,-0.9659258262890682
246.00395978164156,2,1,1,2,3.444055436942982,-0.25881904510252157,0.9659258262890681
247.20151234415658,2,0,0,2,3.4608211728181923,0.8660254037844387,-0.4999999999999998
442.2689862776772,2,0,0,2,6.191765807887481,0.9659258262890683,-0.25881904510252063
423.04486476738634,2,0,0,2,5.922628106743408,-0.9659258262890684,0.2588190451025203
535.1085593734269,0,0,0,1,7.491519831227977,-0.7071067811865471,-0.7071067811865479
66.12144220632382,2,0,0,2,0.9257001908885335,0.7071067811865476,-0.7071067811865475
412.9214529704901,2,0,0,2,5.780900341586862,1.0,6.123233995736766e-17
358.28440817239226,1,0,0,0,5.015981714413491,-0.4999999999999997,-0.8660254037844388
90.58256840441226,0,0,0,1,1.2681559576617716,0.8660254037844387,-0.4999999999999998
295.2858252397921,0,1,0,1,4.1340015533570895,0.7071067811865476,0.7071067811865476
439.2019145964397,2,1,1,2,6.148826804350156,-0.5000000000000004,0.8660254037844384
100.751393952628,0,1,0,1,1.4105195153367922,0.9659258262890683,0.25881904510252074
329.66123722410526,2,0,1,2,4.615257321137474,0.258819045102521,-0.9659258262890682
406.84366163158313,2,0,0,2,5.695811262842164,-0.4999999999999997,-0.8660254037844388
57.216478744332164,2,0,1,2,0.8010307024206503,-1.0,-1.8369701987210297e-16
224.38857535987336,2,1,0,2,3.141440055038227,-0.7071067811865477,0.7071067811865474
304.17430779563404,0,1,0,1,4.2584403091388765,-0.25881904510252157,0.9659258262890681
106.69632900226816,2,1,0,2,1.4937486060317542,0.25881904510252074,0.9659258262890683
91.75242416316172,0,0,1,1,1.284533938284264,-1.0,-1.8369701987210297e-16
225.69197166470065,0,1,1,1,3.159687603305809,-0.25881904510252157,0.9659258262890681
394.29514904266455,0,0,0,1,5.520132086597304,-0.9659258262890684,0.2588190451025203
365.87212021457975,2,0,1,2,5.122209683004116,-0.9659258262890684,0.2588190451025203
94.94570874645842,0,1,0,1,1.3292399224504179,0.25881904510252074,0.9659258262890683
367.3902193208235,2,0,0,2,5.143463070491529,-0.4999999999999997,-0.8660254037844388
99.53084029002846,2,0,1,2,1.3934317640603986,0.258819045102521,-0.9659258262890682
39.830563638818205,1,1,1,0,0.5576278909434549,0.0,1.0
183.91415721149838,2,1,0,2,2.574798200960977,-0.5000000000000004,0.8660254037844384
452.1344868854324,2,0,0,2,6.329882816396053,-0.2588190451025208,-0.9659258262890683
368.0728993854472,0,1,1,1,5.153020591396261,0.7071067811865476,0.7071067811865476
249.71707467282502,2,1,0,2,3.4960390454195505,-0.7071067811865477,0.7071067811865474
174.99301295360965,0,1,0,1,2.4499021813505353,-0.25881904510252157,0.9659258262890681
179.8428154990424,2,0,0,2,2.5177994169865934,0.49999999999999994,-0.8660254037844387
269.5812830549433,2,0,0,2,3.774137962769206,1.0,6.123233995736766e-17
57.68125254775083,2,0,1,2,0.8075375356685116,1.2246467991473532e-16,-1.0
187.3406778637665,2,0,1,2,2.6227694900927307,-0.2588190451025208,-0.9659258262890683
211.1974969552416,2,0,0,2,2.9567649573733825,1.0,6.123233995736766e-17
6.806597478730453,0,1,0,1,0.09529236470222634,-0.7071067811865477,0.7071067811865474
99.07931483843652,2,0,0,2,1.3871104077381113,0.49999999999999994,-0.8660254037844387
323.8912224675487,1,0,0,0,4.534477114545681,-0.9659258262890684,0.2588190451025203
251.71213118937897,2,0,0,2,3.5239698366513057,-0.9659258262890684,0.2588190451025203
194.42287758519106,2,0,0,2,2.721920286192675,0.49999999999999994,-0.8660254037844387
85.94306124316651,0,1,0,1,1.2032028574043312,-0.8660254037844386,0.5000000000000001
533.832968606059,1,0,0,0,7.473661560484826,0.8660254037844387,-0.4999999999999998
99.16374135772267,2,1,1,2,1.3882923790081174,0.7071067811865476,0.7071067811865476
295.28670530711275,0,1,0,1,4.134013874299579,0.25881904510252074,0.9659258262890683
162.18356414671683,0,1,1,1,2.2705698980540356,0.25881904510252074,0.9659258262890683
256.53027267490035,2,0,0,2,3.591423817448605,0.8660254037844387,-0.4999999999999998
332.369753549267,0,0,0,1,4.6531765496897375,-1.0,-1.8369701987210297e-16
5.0,2,0,0,2,0.07,-0.4999999999999997,-0.8660254037844388
248.80907605237215,0,1,0,1,3.48332706473321,-0.8660254037844386,0.5000000000000001
464.3311568163722,1,1,1,0,6.500636195429211,-0.8660254037844386,0.5000000000000001
567.0703408285606,0,0,0,1,7.938984771599848,-0.9659258262890683,-0.25881904510252063
226.5974848140764,2,0,1,2,3.1723647873970697,-0.7071067811865471,-0.7071067811865479
257.5026172990436,2,1,1,2,3.6050366421866107,0.25881904510252074,0.9659258262890683
648.0399451482759,1,0,0,0,9.072559232075863,0.258819045102521,-0.9659258262890682
454.28637068785565,2,1,1,2,6.360009189629979,0.0,1.0
138.88877753406058,2,1,1,2,1.944442885476848,0.25881904510252074,0.9659258262890683
138.58297884049787,0,0,1,1,1.9401617037669703,-0.2588190451025208,-0.9659258262890683
422.17890312170834,2,0,0,2,5.910504643703916,1.0,6.123233995736766e-17
68.0133165917685,2,0,0,2,0.952186432284759,-0.8660254037844385,-0.5000000000000004
445.79081524099354,2,0,1,2,6.241071413373909,-0.4999999999999997,-0.8660254037844388
310.17399347518153,2,0,0,2,4.342435908652542,-0.8660254037844385,-0.5000000000000004
343.18973752487307,0,0,0,1,4.804656325348223,0.8660254037844387,-0.4999999999999998
203.7879153735904,0,0,0,1,2.853030815230266,1.2246467991473532e-16,-1.0
136.63153523564623,2,1,0,2,1.9128414932990472,0.25881904510252074,0.9659258262890683
513.1587095562977,0,0,0,1,7.184221933788168,-0.4999999999999997,-0.8660254037844388
205.5872895003745,0,0,0,1,2.8782220530052434,-0.9659258262890684,0.2588190451025203
176.03168621670488,0,0,0,1,2.4644436070338682,0.49999999999999994,-0.8660254037844387
235.57532778163434,2,0,1,2,3.2980545889428807,-1.0,-1.8369701987210297e-16
284.7439838892297,0,0,1,1,3.986415774449216,-0.2588190451025208,-0.9659258262890683
64.45147719049925,2,1,0,2,0.9023206806669894,0.7071067811865476,0.7071067811865476
148.3231310427559,0,0,0,1,2.0765238345985826,0.49999999999999994,-0.8660254037844387
138.7542266969096,0,0,0,1,1.9425591737567343,-0.7071067811865471,-0.7071067811865479
402.1504548292327,2,1,0,2,5.630106367609257,-0.5000000000000004,0.8660254037844384
90.52673776001993,1,1,0,0,1.267374328640279,0.25881904510252074,0.9659258262890683
66.03821439644969,2,1,0,2,0.9245350015502957,0.25881904510252074,0.9659258262890683
104.07702132310772,0,0,1,1,1.457078298523508,0.8660254037844387,-0.4999999999999998
14.668424241629111,2,1,0,2,0.20535793938280755,-0.7071067811865477,0.7071067811865474
495.0768765126601,1,1,0,0,6.931076271177242,-0.5000000000000004,0.8660254037844384
252.9171879071293,2,1,0,2,3.54084063069981,-0.8660254037844386,0.5000000000000001
340.22483562529646,2,1,0,2,4.76314769875415,-0.8660254037844386,0.5000000000000001
346.56779088183924,2,1,1,2,4.851949072345749,0.7071067811865476,0.7071067811865476
260.11310531061764,2,0,0,2,3.6415834743486473,0.9659258262890683,-0.25881904510252063
236.53936660276452,2,1,1,2,3.3115511324387032,-0.5000000000000004,0.8660254037844384
438.01475736726536,0,0,0,1,6.132206603141715,-0.9659258262890683,-0.25881904510252063
276.2792645762752,2,0,0,2,3.8679097040678525,-0.4999999999999997,-0.8660254037844388
501.8375462674146,2,1,0,2,7.025725647743804,0.25881904510252074,0.9659258262890683
361.7493901521759,2,1,0,2,5.064491462130463,-0.7071067811865477,0.7071067811865474
138.79667077341497,0,0,0,1,1.9431533908278098,0.49999999999999994,-0.8660254037844387
160.5158757034115,0,0,0,1,2.247222259847761,-0.8660254037844385,-0.5000000000000004
119.0563348382297,0,0,1,1,1.6667886877352158,1.0,6.123233995736766e-17
469.1586439511288,0,0,0,1,6.568221015315803,0.9659258262890683,-0.25881904510252063
177.0908284698005,2,0,0,2,2.479271598577207,0.7071067811865476,-0.7071067811865475
106.27489657606617,2,1,0,2,1.4878485520649265,-0.25881904510252157,0.9659258262890681
307.5600474028276,2,1,1,2,4.305840663639587,0.49999999999999994,0.8660254037844387
232.50992085294942,0,0,0,1,3.255138891941292,1.2246467991473532e-16,-1.0
303.0223322635295,1,1,0,0,4.242312651689414,-0.5000000000000004,0.8660254037844384
590.1665027008918,2,0,0,2,8.262331037812483,-0.8660254037844385,-0.5000000000000004
414.35274506719475,2,0,1,2,5.800938430940727,1.2246467991473532e-16,-1.0
254.86189977434316,2,0,1,2,3.5680665968408043,-1.0,-1.8369701987210297e-16
5.0,2,1,0,2,0.07,-0.7071067811865477,0.7071067811865474
160.00675050244558,0,0,0,1,2.240094507034238,0.8660254037844387,-0.4999999999999998
377.98829845815453,2,1,0,2,5.291836178414163,-0.8660254037844386,0.5000000000000001
39.212612860873065,1,0,1,0,0.5489765800522229,-0.7071067811865471,-0.7071067811865479
635.3746533394637,2,1,1,2,8.895245146752492,0.8660254037844386,0.5000000000000001
252.59498127439875,1,0,0,0,3.5363297378415823,0.8660254037844387,-0.4999999999999998
258.79271077770727,0,0,1,1,3.6230979508879018,0.8660254037844387,-0.4999999999999998
130.00386526756398,0,1,0,1,1.8200541137458959,0.9659258262890683,0.25881904510252074
339.41279621962934,0,1,0,1,4.751779147074811,-0.8660254037844386,0.5000000000000001
41.55967482599826,0,0,0,1,0.5818354475639755,0.7071067811865476,-0.7071067811865475
639.6806660382624,0,0,0,1,8.955529324535673,-0.9659258262890683,-0.25881904510252063
487.123234837362,0,0,1,1,6.8197252877230685,0.49999999999999994,-0.8660254037844387
427.1733601354682,0,1,0,1,5.980427041896555,-0.25881904510252157,0.9659258262890681
5.0,1,1,0,0,0.07,-0.25881904510252157,0.9659258262890681
286.97438868239516,0,0,0,1,4.017641441553533,-0.4999999999999997,-0.8660254037844388
467.6355516425208,0,0,0,1,6.546897722995291,1.0,6.123233995736766e-17
356.7589718843931,0,0,1,1,4.994625606381503,-0.2588190451025208,-0.9659258262890683
69.62036116592051,2,0,0,2,0.9746850563228873,0.9659258262890683,-0.25881904510252063
132.98312404444204,2,0,1,2,1.8617637366221884,-1.0,-1.8369701987210297e-16
168.6514951589217,2,0,0,2,2.3611209322249036,-0.4999999999999997,-0.8660254037844388
141.38118979205063,2,0,0,2,1.9793366570887088,-1.0,-1.8369701987210297e-16
525.1801904278553,0,0,0,1,7.352522665989975,-0.9659258262890683,-0.25881904510252063
95.78236498818609,2,0,1,2,1.340953109834605,-0.8660254037844385,-0.5000000000000004
368.0654451385906,0,1,1,1,5.152916231940267,0.49999999999999994,0.8660254037844387
17.38539251287878,2,1,0,2,0.24339549518030293,0.49999999999999994,0.8660254037844387
76.97473225880779,2,0,1,2,1.0776462516233092,1.0,6.123233995736766e-17
111.75200603636915,0,0,0,1,1.5645280845091682,0.7071067811865476,-0.7071067811865475
151.17020239140413,0,0,0,1,2.116382833479658,-0.8660254037844385,-0.5000000000000004
521.9316972770584,2,0,0,2,7.307043761878818,-0.4999999999999997,-0.8660254037844388
297.66836364366003,0,0,1,1,4.16735709101124,0.9659258262890683,-0.25881904510252063
34.29492154016256,0,0,1,1,0.4801289015622759,-0.8660254037844385,-0.5000000000000004
433.0865813882763,2,1,0,2,6.063212139435867,0.49999999999999994,0.8660254037844387
471.63476744236345,2,1,0,2,6.602886744193089,0.7071067811865476,0.7071067811865476
268.7283665870354,1,0,0,0,3.7621971322184953,0.9659258262890683,-0.25881904510252063
616.2548484674662,2,0,0,2,8.627567878544527,1.2246467991473532e-16,-1.0
397.8815424324306,2,1,0,2,5.570341594054028,0.0,1.0
372.87745131266587,2,0,1,2,5.220284318377322,-0.9659258262890683,-0.25881904510252063
105.39183271006777,0,0,0,1,1.4754856579409488,0.49999999999999994,-0.8660254037844387
362.93172741184134,0,1,0,1,5.081044183765779,-0.8660254037844386,0.5000000000000001
289.0224299688088,0,1,0,1,4.046314019563323,0.9659258262890683,0.25881904510252074
343.5692204807848,2,0,0,2,4.809969086730987,-0.7071067811865471,-0.7071067811865479
126.77458855456048,0,1,1,1,1.7748442397638466,-0.8660254037844386,0.5000000000000001
273.0577991846176,2,0,0,2,3.822809188584646,-1.0,-1.8369701987210297e-16
102.96492996130755,2,1,1,2,1.4415090194583056,-0.5000000000000004,0.8660254037844384
136.48377799388572,2,0,0,2,1.9107728919144,-0.8660254037844385,-0.5000000000000004
429.694822344109,2,0,1,2,6.015727512817526,-0.9659258262890683,-0.25881904510252063
20.430016704113086,0,0,0,1,0.2860202338575832,0.49999999999999994,-0.8660254037844387
269.2935636608349,1,0,0,0,3.770109891251688,-0.2588190451025208,-0.9659258262890683
309.9403833008272,2,0,0,2,4.3391653662115806,0.258819045102521,-0.9659258262890682
308.78134285534986,0,0,1,1,4.322938799974898,-0.9659258262890684,0.2588190451025203
199.04576675231496,0,1,0,1,2.78664073453241,-0.25881904510252157,0.9659258262890681
298.8180655503952,1,0,0,0,4.183452917705533,1.0,6.123233995736766e-17
334.77407256132915,2,0,0,2,4.6868370158586075,-0.8660254037844385,-0.5000000000000004
382.29366683535727,0,1,0,1,5.352111335695001,0.8660254037844386,0.5000000000000001
562.0194410891673,2,1,0,2,7.868272175248343,-0.7071067811865477,0.7071067811865474
292.154947269677,0,0,0,1,4.090169261775478,-0.2588190451025208,-0.9659258262890683
261.52879210318633,2,1,1,2,3.6614030894446086,-0.25881904510252157,0.9659258262890681
86.78878623698307,0,0,0,1,1.2150430073177632,1.2246467991473532e-16,-1.0
328.47033830188064,2,1,1,2,4.5985847362263295,-0.25881904510252157,0.9659258262890681
370.12895856530236,2,0,0,2,5.181805419914234,0.258819045102521,-0.9659258262890682
215.3854268293071,0,0,0,1,3.0153959756102995,-0.2588190451025208,-0.9659258262890683
348.03025075312667,0,0,1,1,4.872423510543773,0.8660254037844387,-0.4999999999999998
197.34708516111849,0,1,0,1,2.7628591922556587,0.7071067811865476,0.7071067811865476
370.77867737600627,0,1,0,1,5.190901483264088,-0.7071067811865477,0.7071067811865474
414.2684165253538,2,0,0,2,5.799757831354953,-1.0,-1.8369701987210297e-16
411.7530160114874,2,1,1,2,5.764542224160823,0.0,1.0
271.2119787054341,2,0,1,2,3.7969677018760772,1.2246467991473532e-16,-1.0
62.80573270893075,2,1,0,2,0.8792802579250305,0.9659258262890683,0.25881904510252074
139.85565052447225,0,1,0,1,1.9579791073426116,0.0,1.0
357.12831829925113,0,1,0,1,4.999796456189516,-0.7071067811865477,0.7071067811865474
690.7862150332409,0,0,0,1,9.671007010465372,-0.8660254037844385,-0.5000000000000004
188.67026112422525,0,1,0,1,2.6413836557391535,0.49999999999999994,0.8660254037844387
332.05078210986517,0,0,0,1,4.648710949538112,-0.8660254037844385,-0.5000000000000004
149.9105396537074,2,1,0,2,2.0987475551519035,0.25881904510252074,0.9659258262890683
74.68593203516187,2,1,0,2,1.0456030484922663,-0.7071067811865477,0.7071067811865474
128.26314455607474,0,0,0,1,1.7956840237850462,1.0,6.123233995736766e-17
124.84495580648087,2,1,1,2,1.7478293812907322,0.0,1.0
493.6183113233951,2,1,0,2,6.910656358527532,-0.8660254037844386,0.5000000000000001
151.42344552463044,2,1,0,2,2.119928237344826,-0.7071067811865477,0.7071067811865474
202.5109185278861,0,0,0,1,2.8351528593904054,-0.4999999999999997,-0.8660254037844388
37.93697883699019,2,1,0,2,0.5311177037178627,0.7071067811865476,0.7071067811865476
90.81156123480321,0,1,0,1,1.271361857287245,0.9659258262890683,0.25881904510252074
497.77407875296024,0,1,0,1,6.9688371025414435,-0.8660254037844386,0.5000000000000001
286.19205820565054,2,0,0,2,4.006688814879108,1.2246467991473532e-16,-1.0
76.2286913472939,0,1,0,1,1.0672016788621148,-0.5000000000000004,0.8660254037844384
143.88691615062805,0,0,0,1,2.0144168261087927,1.2246467991473532e-16,-1.0
112.21338032042459,0,0,0,1,1.5709873244859442,-0.9659258262890684,0.2588190451025203
242.16177902580148,0,1,1,1,3.390264906361221,0.0,1.0
281.1205032617846,2,1,0,2,3.935687045664985,0.25881904510252074,0.9659258262890683
591.2034591811407,0,1,1,1,8.27684842853597,0.9659258262890683,0.25881904510252074
94.93413787958724,2,0,0,2,1.3290779303142213,0.49999999999999994,-0.8660254037844387
243.73378334356855,1,0,1,0,3.4122729668099594,-0.9659258262890683,-0.25881904510252063
193.197815343786,0,0,1,1,2.704769414813004,1.2246467991473532e-16,-1.0
420.3787349890208,0,1,0,1,5.885302289846291,-0.8660254037844386,0.5000000000000001
313.8672612721108,2,0,0,2,4.394141657809551,0.258819045102521,-0.9659258262890682
356.2651974606902,2,0,1,2,4.987712764449663,-0.9659258262890684,0.2588190451025203
312.11551348271485,2,0,1,2,4.369617188758007,1.0,6.123233995736766e-17
82.24159744896289,2,0,0,2,1.1513823642854804,-0.9659258262890684,0.2588190451025203
468.02778936874233,2,0,1,2,6.552389051162392,1.0,6.123233995736766e-17
393.7308828308204,2,1,0,2,5.5122323596314855,-0.25881904510252157,0.9659258262890681
414.79536251045374,2,0,0,2,5.807135075146352,1.0,6.123233995736766e-17
477.5290306912897,1,1,0,0,6.685406429678055,0.25881904510252074,0.9659258262890683
325.18151811735277,2,0,1,2,4.552541253642938,0.49999999999999994,-0.8660254037844387
516.5786327411488,1,1,1,0,7.232100858376083,0.0,1.0
317.9751229215954,1,1,0,0,4.451651720902336,-0.8660254037844386,0.5000000000000001
210.56945415557044,2,0,0,2,2.9479723581779864,1.2246467991473532e-16,-1.0
248.81129611299434,0,0,1,1,3.4833581455819207,0.258819045102521,-0.9659258262890682
245.70812173549905,2,0,1,2,3.4399137042969867,1.2246467991473532e-16,-1.0
156.50956202370227,0,0,0,1,2.1911338683318315,1.0,6.123233995736766e-17
543.7399927066397,2,0,1,2,7.612359897892955,0.258819045102521,-0.9659258262890682
303.3331657906602,2,0,1,2,4.246664321069243,-0.8660254037844385,-0.5000000000000004
267.05292564992317,0,0,0,1,3.7387409590989247,0.9659258262890683,-0.25881904510252063
319.88936588675807,2,1,0,2,4.478451122414612,0.49999999999999994,0.8660254037844387
786.3738130126865,0,0,0,1,11.00923338217761,1.0,6.123233995736766e-17
46.2896460520613,2,0,0,2,0.6480550447288582,-1.0,-1.8369701987210297e-16
97.89306789107039,2,0,0,2,1.3705029504749855,-0.9659258262890684,0.2588190451025203
5.0,2,0,1,2,0.07,0.9659258262890683,-0.25881904510252063
208.1321370816125,2,0,0,2,2.9138499191425753,-0.2588190451025208,-0.9659258262890683
294.19331979892485,2,0,0,2,4.118706477184948,-0.2588190451025208,-0.9659258262890683
166.24194669860606,2,1,0,2,2.3273872537804845,0.25881904510252074,0.9659258262890683
152.8491763326814,2,1,0,2,2.1398884686575395,0.9659258262890683,0.25881904510252074
275.6328759930638,0,0,1,1,3.8588602639028933,-0.7071067811865471,-0.7071067811865479
159.62059153065445,2,0,0,2,2.234688281429162,0.8660254037844387,-0.4999999999999998
305.8316488929109,0,1,0,1,4.281643084500753,-0.8660254037844386,0.5000000000000001
450.5621824136688,2,0,1,2,6.307870553791363,-0.4999999999999997,-0.8660254037844388
371.86548456414516,0,0,0,1,5.2061167838980325,-1.0,-1.8369701987210297e-16
408.5824024897364,2,0,0,2,5.72015363485631,-0.4999999999999997,-0.8660254037844388
445.4653140712095,2,1,0,2,6.236514396996933,-0.7071067811865477,0.7071067811865474
300.90906882136653,2,0,0,2,4.212726963499132,0.258819045102521,-0.9659258262890682
221.4446153122418,2,0,0,2,3.1002246143713856,0.8660254037844387,-0.4999999999999998
110.9944472410248,0,0,0,1,1.5539222613743473,-0.7071067811865471,-0.7071067811865479
179.5879305455702,2,1,0,2,2.514231027637983,0.9659258262890683,0.25881904510252074
155.736604118159,1,0,0,0,2.180312457654226,-0.9659258262890684,0.2588190451025203
381.7010187917641,2,0,1,2,5.343814263084698,-0.4999999999999997,-0.8660254037844388
312.4208598269553,2,0,0,2,4.373892037577374,1.2246467991473532e-16,-1.0
375.4164152885743,0,1,0,1,5.25582981404004,-0.8660254037844386,0.5000000000000001
41.139365901972724,2,1,0,2,0.5759511226276182,-0.5000000000000004,0.8660254037844384
507.71490716339423,0,0,0,1,7.1080087002875185,0.7071067811865476,-0.7071067811865475
173.1435331287828,2,0,1,2,2.424009463802959,-0.2588190451025208,-0.9659258262890683
51.99700442656072,0,1,0,1,0.7279580619718502,0.49999999999999994,0.8660254037844387
170.9408023320737,2,0,0,2,2.3931712326490318,0.258819045102521,-0.9659258262890682
697.0778786657515,0,1,0,1,9.759090301320521,0.0,1.0
180.21096403151785,0,1,1,1,2.5229534964412497,-0.25881904510252157,0.9659258262890681
191.4826351352334,2,1,0,2,2.6807568918932674,-0.8660254037844386,0.5000000000000001
215.4211574866583,2,0,1,2,3.0158962048132163,-0.7071067811865471,-0.7071067811865479
223.24833098233805,2,0,0,2,3.1254766337527324,0.7071067811865476,-0.7071067811865475
109.33430815577424,1,0,0,0,1.5306803141808394,0.8660254037844387,-0.4999999999999998
275.77835497710345,2,0,1,2,3.860896969679448,-0.9659258262890683,-0.25881904510252063
443.6070834756995,2,1,1,2,6.210499168659793,0.0,1.0
306.57207678616726,2,0,1,2,4.292009075006342,0.7071067811865476,-0.7071067811865475
49.99024619800258,2,0,1,2,0.6998634467720362,1.0,6.123233995736766e-17
188.0177371119325,0,0,1,1,2.6322483195670547,0.7071067811865476,-0.7071067811865475
150.72506798170667,1,0,1,0,2.1101509517438934,0.258819045102521,-0.9659258262890682
259.5291042822642,2,0,0,2,3.633407459951699,0.49999999999999994,-0.8660254037844387
489.48130088121707,0,0,0,1,6.852738212337039,0.8660254037844387,-0.4999999999999998
223.20109671624107,2,1,0,2,3.1248153540273753,0.8660254037844386,0.5000000000000001
234.13212360332966,2,1,0,2,3.2778497304466154,0.7071067811865476,0.7071067811865476
569.9760673874973,2,0,0,2,7.979664943424963,-0.9659258262890684,0.2588190451025203
407.7170785008989,0,0,0,1,5.708039099012584,1.2246467991473532e-16,-1.0
353.33463077917634,1,0,0,0,4.9466848309084686,0.9659258262890683,-0.25881904510252063
602.4636907543196,0,0,1,1,8.434491670560474,-0.7071067811865471,-0.7071067811865479
338.16602586292237,2,1,1,2,4.734324362080914,0.0,1.0
107.57488555595404,2,0,1,2,1.5060483977833565,-0.8660254037844385,-0.5000000000000004
399.87983641846495,2,0,0,2,5.5983177098585095,-0.4999999999999997,-0.8660254037844388
36.56152228135704,1,1,0,0,0.5118613119389986,-0.25881904510252157,0.9659258262890681
331.36096634484056,0,0,0,1,4.639053528827768,-0.4999999999999997,-0.8660254037844388
58.473843343263184,0,0,1,1,0.8186338068056845,-0.9659258262890683,-0.25881904510252063
165.9660261280145,2,1,0,2,2.3235243657922027,0.9659258262890683,0.25881904510252074
184.51878467022317,2,1,1,2,2.5832629853831244,0.25881904510252074,0.9659258262890683
111.37856069828442,2,1,1,2,1.5592998497759818,0.8660254037844386,0.5000000000000001
187.206640505584,2,0,0,2,2.620892967078176,-1.0,-1.8369701987210297e-16
435.86110966489946,2,0,1,2,6.102055535308593,1.0,6.123233995736766e-17
121.48847581128038,2,0,0,2,1.7008386613579254,0.8660254037844387,-0.4999999999999998
348.12535831189734,2,1,0,2,4.873755016366562,0.25881904510252074,0.9659258262890683
76.18306487068597,0,0,0,1,1.0665629081896035,1.0,6.123233995736766e-17
215.89007624941675,0,1,1,1,3.0224610674918346,-0.25881904510252157,0.9659258262890681
308.29106793894107,2,0,0,2,4.316074951145175,-0.2588190451025208,-0.9659258262890683
70.62488500865925,2,1,0,2,0.9887483901212295,-0.25881904510252157,0.9659258262890681
13.890322076075819,2,1,0,2,0.19446450906506146,-0.5000000000000004,0.8660254037844384
338.53806710419985,0,0,0,1,4.739532939458798,-0.4999999999999997,-0.8660254037844388
452.154471881315,0,0,1,1,6.33016260633841,0.258819045102521,-0.9659258262890682
235.768296492273,0,0,0,1,3.300756150891822,-0.9659258262890684,0.2588190451025203
167.68367681979322,0,1,1,1,2.347571475477105,0.7071067811865476,0.7071067811865476
278.0215697839096,2,0,0,2,3.8923019769747347,1.2246467991473532e-16,-1.0
259.9863853777685,2,0,0,2,3.6398093952887587,0.8660254037844387,-0.4999999999999998
293.72245732802526,2,0,1,2,4.112114402592353,0.258819045102521,-0.9659258262890682
205.08411805646858,2,0,0,2,2.8711776527905606,0.7071067811865476,-0.7071067811865475
57.561227590126634,0,0,0,1,0.8058571862617728,0.8660254037844387,-0.4999999999999998
97.85858102136632,2,1,0,2,1.3700201342991285,-0.8660254037844386,0.5000000000000001
277.1561731320813,2,1,0,2,3.880186423849138,-0.5000000000000004,0.8660254037844384
283.45801905200796,2,0,0,2,3.9684122667281114,1.0,6.123233995736766e-17
364.5124879631265,1,0,0,0,5.103174831483771,0.258819045102521,-0.9659258262890682
296.36471485787865,2,0,0,2,4.1491060080103015,-0.7071067811865471,-0.7071067811865479
15.86768733027958,0,0,0,1,0.2221476226239141,-0.4999999999999997,-0.8660254037844388
510.4608311653108,2,0,0,2,7.146451636314351,1.0,6.123233995736766e-17
478.94529461602593,2,0,1,2,6.705234124624363,0.9659258262890683,-0.25881904510252063
23.524487795153362,2,0,0,2,0.3293428291321471,1.0,6.123233995736766e-17
309.8869529873529,0,0,0,1,4.338417341822941,0.49999999999999994,-0.8660254037844387
142.82361065625716,2,1,0,2,1.9995305491876,0.7071067811865476,0.7071067811865476
274.99551805609866,0,0,0,1,3.8499372527853812,-0.9659258262890683,-0.25881904510252063
439.5958503355367,2,0,1,2,6.154341904697513,-1.0,-1.8369701987210297e-16
633.4187679377726,2,0,0,2,8.867862751128817,1.0,6.123233995736766e-17
385.22998692566983,1,0,0,0,5.393219816959378,1.2246467991473532e-16,-1.0
303.08825231982445,2,0,0,2,4.243235532477542,0.8660254037844387,-0.4999999999999998
188.8321897045065,0,0,0,1,2.643650655863091,-0.9659258262890683,-0.25881904510252063
282.7842767820118,0,0,1,1,3.958979874948165,1.0,6.123233995736766e-17
494.7589407990964,2,0,0,2,6.92662517118735,-0.9659258262890684,0.2588190451025203
241.95242378327464,0,0,0,1,3.3873339329658445,-0.7071067811865471,-0.7071067811865479
90.49972275742294,2,1,1,2,1.2669961186039214,-0.5000000000000004,0.8660254037844384
41.544175792992746,2,1,1,2,0.5816184611018984,0.8660254037844386,0.5000000000000001
342.34861613384516,2,0,1,2,4.792880625873832,1.0,6.123233995736766e-17
294.51186261299307,0,1,0,1,4.123166076581903,0.9659258262890683,0.25881904510252074
133.73652881278662,2,1,0,2,1.8723114033790125,0.25881904510252074,0.9659258262890683
434.6825426273136,0,0,1,1,6.08555559678239,1.0,6.123233995736766e-17
174.08016441022653,1,1,0,0,2.4371223017431713,-0.8660254037844386,0.5000000000000001
225.76406347153687,2,0,1,2,3.160696888601516,0.8660254037844387,-0.4999999999999998
247.00045600637017,2,0,0,2,3.4580063840891824,1.2246467991473532e-16,-1.0
186.82850641514415,2,0,0,2,2.6155990898120183,-0.8660254037844385,-0.5000000000000004
292.45571183492274,2,0,0,2,4.094379965688918,-0.8660254037844385,-0.5000000000000004
457.2727262679402,2,0,1,2,6.401818167751163,-0.4999999999999997,-0.8660254037844388
44.3532583386839,0,0,0,1,0.6209456167415747,-0.9659258262890683,-0.25881904510252063
337.93362492532157,1,1,1,0,4.731070748954502,-0.25881904510252157,0.9659258262890681
280.9885605291594,1,0,0,0,3.9338398474082314,-0.4999999999999997,-0.8660254037844388
277.67748931804715,0,0,1,1,3.88748485045266,0.49999999999999994,-0.8660254037844387
406.93202257733634,0,0,0,1,5.697048316082709,0.258819045102521,-0.9659258262890682
258.87353653908855,2,1,0,2,3.62422951154724,-0.5000000000000004,0.8660254037844384
336.4412671430265,0,0,0,1,4.710177740002371,-0.8660254037844385,-0.5000000000000004
378.8556333228065,0,0,0,1,5.303978866519291,0.258819045102521,-0.9659258262890682
159.2142639314908,2,0,0,2,2.2289996950408715,1.0,6.123233995736766e-17
303.8530229464837,1,1,1,0,4.253942321250772,-0.25881904510252157,0.9659258262890681
204.85823070208625,2,0,0,2,2.8680152298292074,1.0,6.123233995736766e-17
226.11727965041882,0,1,0,1,3.1656419151058635,-0.8660254037844386,0.5000000000000001
192.02894863390026,0,1,0,1,2.6884052808746035,-0.5000000000000004,0.8660254037844384
334.79447273743955,1,0,0,0,4.687122618324153,0.7071067811865476,-0.7071067811865475
264.69604762328566,2,0,0,2,3.705744666725999,-0.7071067811865471,-0.7071067811865479
321.0179261770014,0,0,0,1,4.49425096647802,0.49999999999999994,-0.8660254037844387
246.8468746787653,2,0,0,2,3.455856245502714,-0.7071067811865471,-0.7071067811865479
38.74178224465851,2,1,1,2,0.5423849514252191,0.25881904510252074,0.9659258262890683
255.64631489794752,0,1,0,1,3.579048408571265,0.25881904510252074,0.9659258262890683
261.43683192822704,0,0,1,1,3.6601156469951786,-0.9659258262890683,-0.25881904510252063
293.6672686876228,0,1,0,1,4.111341761626719,0.8660254037844386,0.5000000000000001
143.12874513656647,2,0,1,2,2.0038024319119305,-0.2588190451025208,-0.9659258262890683
34.815451000207844,2,0,1,2,0.4874163140029098,0.9659258262890683,-0.25881904510252063
362.42919608097003,0,1,1,1,5.074008745133581,0.9659258262890683,0.25881904510252074
200.7508198238496,2,0,0,2,2.810511477533894,0.8660254037844387,-0.4999999999999998
280.8239285832992,2,1,1,2,3.931535000166189,0.9659258262890683,0.25881904510252074
199.3371856201068,1,1,0,0,2.7907205986814954,-0.8660254037844386,0.5000000000000001
248.90887136075293,2,0,1,2,3.484724199050541,-0.8660254037844385,-0.5000000000000004
169.12863737155453,0,0,0,1,2.3678009232017634,0.9659258262890683,-0.25881904510252063
75.74495395231094,2,1,1,2,1.0604293553323532,0.49999999999999994,0.8660254037844387
335.27169893835827,2,0,1,2,4.693803785137016,0.258819045102521,-0.9659258262890682
141.4383841192984,2,0,0,2,1.9801373776701776,1.2246467991473532e-16,-1.0
279.5112665610659,2,0,0,2,3.9131577318549224,-0.9659258262890683,-0.25881904510252063
323.882839942374,2,1,0,2,4.534359759193236,-0.5000000000000004,0.8660254037844384
144.3737111914453,2,0,0,2,2.021231956680234,0.49999999999999994,-0.8660254037844387
33.30058581286272,2,1,1,2,0.46620820138007807,0.25881904510252074,0.9659258262890683
686.6954104935495,2,0,1,2,9.613735746909693,-0.2588190451025208,-0.9659258262890683
155.0010623298233,2,1,0,2,2.1700148726175263,0.0,1.0
362.21508854820854,2,0,0,2,5.071011239674919,-0.4999999999999997,-0.8660254037844388
599.1034389226223,2,0,0,2,8.387448144916712,-0.9659258262890683,-0.25881904510252063
392.18339443370076,1,1,1,0,5.49056752207181,-0.7071067811865477,0.7071067811865474
195.92029441104071,0,0,0,1,2.74288412175457,-0.9659258262890683,-0.25881904510252063
237.91905024367998,0,0,1,1,3.3308667034115196,-0.8660254037844385,-0.5000000000000004
100.13070044700731,2,1,0,2,1.4018298062581025,0.0,1.0
408.7053568523936,1,0,1,0,5.721874995933511,-0.2588190451025208,-0.9659258262890683
351.9287274505639,0,0,0,1,4.927002184307894,-0.9659258262890684,0.2588190451025203
157.40335271288623,0,1,0,1,2.203646937980407,-0.25881904510252157,0.9659258262890681
62.408534722279995,2,1,0,2,0.8737194861119199,-0.7071067811865477,0.7071067811865474
12.177927220535508,1,0,1,0,0.1704909810874971,-0.7071067811865471,-0.7071067811865479
427.5725206847561,0,1,1,1,5.986015289586586,0.7071067811865476,0.7071067811865476
271.66716321200096,0,1,0,1,3.803340284968013,-0.7071067811865477,0.7071067811865474
288.6972165398953,2,1,0,2,4.041761031558535,0.9659258262890683,0.25881904510252074
101.86924734477569,2,0,0,2,1.4261694628268597,-0.7071067811865471,-0.7071067811865479
13.430558594793126,2,0,1,2,0.18802782032710377,-0.9659258262890684,0.2588190451025203
423.27044344809383,2,1,0,2,5.925786208273314,0.9659258262890683,0.25881904510252074
257.56702665950155,0,0,0,1,3.6059383732330215,-0.4999999999999997,-0.8660254037844388
413.30223881037165,2,1,0,2,5.786231343345203,0.0,1.0
180.53203722719846,2,0,0,2,2.5274485211807782,1.0,6.123233995736766e-17
207.37278825336548,2,1,1,2,2.903219035547117,-0.5000000000000004,0.8660254037844384
378.3936717917138,2,0,1,2,5.297511405083993,0.49999999999999994,-0.8660254037844387
381.82265433709443,2,1,0,2,5.345517160719322,0.0,1.0
393.56181208347175,0,0,1,1,5.509865369168605,0.9659258262890683,-0.25881904510252063
196.8637744415147,0,0,1,1,2.756092842181206,-0.2588190451025208,-0.9659258262890683
360.6185027771562,2,1,1,2,5.048659038880187,0.8660254037844386,0.5000000000000001
449.6379037858094,2,0,0,2,6.294930653001331,1.2246467991473532e-16,-1.0
231.14103789732383,2,0,0,2,3.2359745305625336,-0.4999999999999997,-0.8660254037844388
157.57209452067036,2,0,0,2,2.206009323289385,0.8660254037844387,-0.4999999999999998
491.69456859701785,0,0,0,1,6.8837239603582505,0.9659258262890683,-0.25881904510252063
132.19976796076475,0,0,0,1,1.8507967514507064,-1.0,-1.8369701987210297e-16
363.3057694806058,0,0,1,1,5.086280772728482,-0.8660254037844385,-0.5000000000000004
239.48398410642494,0,0,0,1,3.352775777489949,-1.0,-1.8369701987210297e-16
81.4818109672209,2,0,0,2,1.1407453535410925,-0.9659258262890683,-0.25881904510252063
453.1469321461444,1,0,0,0,6.344057050046022,-0.9659258262890683,-0.25881904510252063
246.4136533185262,0,1,1,1,3.4497911464593667,0.7071067811865476,0.7071067811865476
107.14305201636961,1,1,1,0,1.5000027282291744,0.25881904510252074,0.9659258262890683
344.91941430652093,2,1,0,2,4.828871800291293,-0.25881904510252157,0.9659258262890681
344.8728157620608,1,1,1,0,4.828219420668851,0.8660254037844386,0.5000000000000001
135.23562558204358,0,0,0,1,1.8932987581486103,-0.8660254037844385,-0.5000000000000004
276.60797625458406,0,1,1,1,3.8725116675641766,-0.7071067811865477,0.7071067811865474
205.65740824004087,2,0,1,2,2.879203715360572,1.0,6.123233995736766e-17
377.25558360470785,0,0,0,1,5.28157817046591,-0.7071067811865471,-0.7071067811865479
294.95058766964746,1,1,0,0,4.1293082273750645,0.0,1.0
241.78428639991682,0,0,0,1,3.3849800095988356,0.258819045102521,-0.9659258262890682
253.75146678479896,0,0,0,1,3.552520534987185,-1.0,-1.8369701987210297e-16
338.78575171474574,1,0,0,0,4.74300052400644,0.8660254037844387,-0.4999999999999998
244.79772577038503,2,0,0,2,3.4271681607853903,-0.7071067811865471,-0.7071067811865479
87.32999049161964,0,0,0,1,1.222619866882675,1.0,6.123233995736766e-17
645.3398022140541,2,0,0,2,9.034757230996759,-0.4999999999999997,-0.8660254037844388
466.14414749712125,1,0,1,0,6.526018064959698,0.258819045102521,-0.9659258262890682
18.709960848130947,2,1,1,2,0.2619394518738333,0.7071067811865476,0.7071067811865476
187.8752985142137,2,1,0,2,2.630254179198992,0.9659258262890683,0.25881904510252074
207.51384577191266,0,1,0,1,2.9051938408067772,0.9659258262890683,0.25881904510252074
444.19292197161343,0,0,0,1,6.218700907602588,-0.4999999999999997,-0.8660254037844388
138.66840835755823,0,1,1,1,1.9413577170058152,0.49999999999999994,0.8660254037844387
160.17851240263795,1,1,1,0,2.242499173636931,0.25881904510252074,0.9659258262890683
66.91455980075068,1,1,0,0,0.9368038372105095,0.8660254037844386,0.5000000000000001
198.6828071508991,2,0,0,2,2.7815593001125873,0.9659258262890683,-0.25881904510252063
164.94983924471723,2,0,0,2,2.309297749426041,-1.0,-1.8369701987210297e-16
264.3449321288882,2,1,0,2,3.7008290498044354,-0.8660254037844386,0.5000000000000001
141.12260817834698,2,0,0,2,1.9757165144968576,-0.7071067811865471,-0.7071067811865479
114.81578954970564,2,0,0,2,1.607421053695879,-1.0,-1.8369701987210297e-16
361.5382045173666,1,1,0,0,5.061534863243132,-0.5000000000000004,0.8660254037844384
331.84109336966446,0,0,1,1,4.6457753071753025,-0.7071067811865471,-0.7071067811865479
349.2517017000836,2,1,0,2,4.88952382380117,0.9659258262890683,0.25881904510252074
218.1579837116483,2,1,0,2,3.0542117719630766,-0.7071067811865477,0.7071067811865474
147.0870551994659,0,1,0,1,2.059218772792523,0.0,1.0
228.60655323626125,2,0,0,2,3.2004917453076573,-0.9659258262890683,-0.25881904510252063
340.20917261232137,2,1,1,2,4.7629284165725,-0.7071067811865477,0.7071067811865474
141.8203461749327,0,0,0,1,1.9854848464490578,0.9659258262890683,-0.25881904510252063
320.9401474667544,1,1,0,0,4.493162064534562,0.8660254037844386,0.5000000000000001
305.6448737202636,2,0,0,2,4.27902823208369,0.258819045102521,-0.9659258262890682
261.18716309543083,0,0,1,1,3.6566202833360317,-0.9659258262890683,-0.25881904510252063
223.12358406309846,2,1,1,2,3.1237301768833787,0.8660254037844386,0.5000000000000001
211.90148946783444,0,1,0,1,2.966620852549682,-0.7071067811865477,0.7071067811865474
170.82641264192694,2,0,0,2,2.391569776986977,1.2246467991473532e-16,-1.0
572.0989679939272,2,1,0,2,8.009385551914981,-0.8660254037844386,0.5000000000000001
252.32223320229502,1,1,0,0,3.53251126483213,-0.7071067811865477,0.7071067811865474
194.68782903855075,2,0,0,2,2.7256296065397105,0.258819045102521,-0.9659258262890682
253.04311520622028,0,0,0,1,3.542603612887084,-0.7071067811865471,-0.7071067811865479
313.85911635304154,2,0,0,2,4.394027628942582,-0.2588190451025208,-0.9659258262890683
368.58764404410357,2,0,0,2,5.16022701661745,0.49999999999999994,-0.8660254037844387
208.80157063157048,2,0,0,2,2.923221988841987,0.8660254037844387,-0.4999999999999998
326.48552843086304,2,1,0,2,4.570797398032082,-0.5000000000000004,0.8660254037844384
551.7971444970447,0,0,0,1,7.725160022958626,0.7071067811865476,-0.7071067811865475
431.12514389788873,2,0,0,2,6.035752014570442,-0.7071067811865471,-0.7071067811865479
671.2540388542564,0,0,1,1,9.397556543959588,-1.0,-1.8369701987210297e-16
131.78133549669104,0,0,0,1,1.8449386969536745,0.7071067811865476,-0.7071067811865475
551.7141113503627,0,1,1,1,7.723997558905078,-0.8660254037844386,0.5000000000000001
107.67874481393295,2,1,0,2,1.5075024273950612,0.7071067811865476,0.7071067811865476
313.6419064132834,1,1,1,0,4.390986689785968,-0.8660254037844386,0.5000000000000001
381.8457752628579,2,0,1,2,5.345840853680011,0.9659258262890683,-0.25881904510252063
158.06010545719494,2,0,0,2,2.212841476400729,0.49999999999999994,-0.8660254037844387
265.8335699453696,2,1,0,2,3.7216699792351746,0.9659258262890683,0.25881904510252074
413.88299844133144,2,1,0,2,5.79436197817864,0.7071067811865476,0.7071067811865476
122.15123830385657,2,1,0,2,1.710117336253992,-0.8660254037844386,0.5000000000000001
550.4890227185765,0,1,0,1,7.706846318060071,-0.5000000000000004,0.8660254037844384
5.0,2,1,0,2,0.07,-0.25881904510252157,0.9659258262890681
599.1444596911092,2,1,0,2,8.388022435675527,0.8660254037844386,0.5000000000000001
430.2387042639266,0,0,0,1,6.023341859694972,-0.9659258262890683,-0.25881904510252063
233.84939626099987,2,1,1,2,3.2738915476539985,-0.7071067811865477,0.7071067811865474
177.51972197738834,2,1,0,2,2.4852761076834367,0.49999999999999994,0.8660254037844387
158.73491269761575,2,0,0,2,2.2222887777666207,1.0,6.123233995736766e-17
225.55678475373733,0,1,0,1,3.157794986552323,-0.25881904510252157,0.9659258262890681
241.27074492121127,2,1,1,2,3.377790428896958,-0.7071067811865477,0.7071067811865474
475.9407243942247,2,0,0,2,6.663170141519146,0.258819045102521,-0.9659258262890682
604.3577380692251,2,1,0,2,8.461008332969152,0.49999999999999994,0.8660254037844387
285.8883857177214,0,0,0,1,4.0024374000481,-0.8660254037844385,-0.5000000000000004
97.78687216190724,0,1,0,1,1.3690162102667014,0.49999999999999994,0.8660254037844387
151.7693126854851,0,0,0,1,2.124770377596791,0.49999999999999994,-0.8660254037844387
217.0436587699688,2,1,0,2,3.038611222779563,0.9659258262890683,0.25881904510252074
64.5780210465804,2,0,0,2,0.9040922946521257,0.49999999999999994,-0.8660254037844387
37.790547620671816,2,1,0,2,0.5290676666894054,0.7071067811865476,0.7071067811865476
627.4828982271449,2,0,1,2,8.784760575180028,-0.8660254037844385,-0.5000000000000004
304.47043467032574,2,1,1,2,4.2625860853845605,-0.7071067811865477,0.7071067811865474
100.03603593753758,2,1,0,2,1.400504503125526,0.0,1.0
396.9886426643883,2,0,1,2,5.557840997301436,0.258819045102521,-0.9659258262890682
37.89769753476779,0,1,0,1,0.5305677654867491,-0.25881904510252157,0.9659258262890681
52.71783138321035,2,1,0,2,0.7380496393649449,0.49999999999999994,0.8660254037844387
105.4523678084359,0,0,0,1,1.4763331493181027,-0.7071067811865471,-0.7071067811865479
547.8123905557061,2,1,1,2,7.669373467779885,0.49999999999999994,0.8660254037844387
204.48158815989268,2,0,0,2,2.8627422342384974,-0.2588190451025208,-0.9659258262890683
189.5072576424476,2,0,0,2,2.6531016069942663,-0.8660254037844385,-0.5000000000000004
467.8118679716068,2,0,0,2,6.549366151602495,-1.0,-1.8369701987210297e-16
194.85135445077566,2,0,0,2,2.7279189623108593,1.0,6.123233995736766e-17
82.89344105811301,2,1,1,2,1.1605081748135821,-0.25881904510252157,0.9659258262890681
192.99697216658623,1,0,0,0,2.7019576103322076,0.49999999999999994,-0.8660254037844387
343.78070138888256,0,0,0,1,4.812929819444356,-0.7071067811865471,-0.7071067811865479
322.7288499759345,2,1,1,2,4.518203899663083,-0.25881904510252157,0.9659258262890681
573.7146962496674,0,0,0,1,8.032005747495345,-1.0,-1.8369701987210297e-16
96.50178473741249,0,1,0,1,1.351024986323775,0.8660254037844386,0.5000000000000001
258.409621647695,0,1,1,1,3.6177347030677303,0.0,1.0
124.07752985588407,0,1,0,1,1.737085417982377,-0.25881904510252157,0.9659258262890681
27.59472095370012,2,0,0,2,0.3863260933518017,0.7071067811865476,-0.7071067811865475
409.39492701507186,2,0,0,2,5.7315289782110055,-0.9659258262890683,-0.25881904510252063
333.3885224465536,2,0,1,2,4.667439314251751,0.7071067811865476,-0.7071067811865475
301.0621209457935,2,1,0,2,4.214869693241108,0.0,1.0
326.822234786556,2,0,0,2,4.575511287011785,1.2246467991473532e-16,-1.0
126.61488651608438,0,1,1,1,1.7726084112251812,0.7071067811865476,0.7071067811865476
68.97488428272518,1,0,0,0,0.9656483799581527,0.258819045102521,-0.9659258262890682
256.77652699048485,1,1,0,0,3.594871377866788,-0.25881904510252157,0.9659258262890681
459.0180524340905,0,0,0,1,6.426252734077267,-0.7071067811865471,-0.7071067811865479
539.4538843816385,0,0,0,1,7.55235438134294,-1.0,-1.8369701987210297e-16
393.17788722533794,1,0,0,0,5.504490421154731,0.258819045102521,-0.9659258262890682
255.25139681825726,2,1,1,2,3.5735195554556016,0.9659258262890683,0.25881904510252074
298.5611072919885,2,0,0,2,4.17985550208784,-0.7071067811865471,-0.7071067811865479
252.08689467856686,2,0,0,2,3.5292165254999364,0.258819045102521,-0.9659258262890682
65.33019885410292,0,1,1,1,0.9146227839574408,-0.25881904510252157,0.9659258262890681
254.43652807789772,2,0,1,2,3.562111393090568,0.7071067811865476,-0.7071067811865475
9.73117283407123,0,1,0,1,0.13623641967699723,0.8660254037844386,0.5000000000000001
227.66609930145287,2,0,0,2,3.18732539022034,-1.0,-1.8369701987210297e-16
544.4989199073375,2,0,0,2,7.622984878702725,0.258819045102521,-0.9659258262890682
398.1146601010033,0,0,0,1,5.573605241414047,0.9659258262890683,-0.25881904510252063
83.83854683742464,2,1,1,2,1.173739655723945,0.7071067811865476,0.7071067811865476
236.96276746438903,2,0,0,2,3.317478744501446,1.0,6.123233995736766e-17
99.81226388414717,2,1,1,2,1.3973716943780605,-0.25881904510252157,0.9659258262890681
238.74752172810219,2,1,0,2,3.3424653041934307,-0.5000000000000004,0.8660254037844384
437.39940697442137,0,1,1,1,6.123591697641899,0.8660254037844386,0.5000000000000001
367.5414288957827,2,0,0,2,5.145580004540958,0.49999999999999994,-0.8660254037844387
697.1459345341605,0,0,0,1,9.760043083478246,-0.8660254037844385,-0.5000000000000004
464.6459324513629,2,1,0,2,6.5050430543190805,-0.25881904510252157,0.9659258262890681
286.7200685939845,0,1,0,1,4.014080960315782,-0.8660254037844386,0.5000000000000001
371.8869953439928,2,1,1,2,5.206417934815899,0.49999999999999994,0.8660254037844387
213.56022864699958,0,1,0,1,2.9898432010579943,0.25881904510252074,0.9659258262890683
47.049235524430685,0,0,1,1,0.6586892973420296,-1.0,-1.8369701987210297e-16
485.03978409175375,2,1,0,2,6.7905569772845515,0.25881904510252074,0.9659258262890683
431.6184658476966,0,0,1,1,6.042658521867752,-0.2588190451025208,-0.9659258262890683
206.61024137308644,0,1,0,1,2.89254337922321,0.0,1.0
299.30843264764087,2,0,0,2,4.190318057066972,-0.7071067811865471,-0.7071067811865479
473.36905372926515,2,0,1,2,6.627166752209712,-0.4999999999999997,-0.8660254037844388
402.3432567170836,1,0,0,0,5.63280559403917,-0.9659258262890683,-0.25881904510252063
13.358225224945784,0,1,0,1,0.18701515314924097,0.25881904510252074,0.9659258262890683
293.85160386816835,2,0,0,2,4.113922454154357,0.49999999999999994,-0.8660254037844387
219.8263254120945,2,1,0,2,3.077568555769323,-0.8660254037844386,0.5000000000000001
450.34012584496253,0,0,1,1,6.304761761829475,-0.8660254037844385,-0.5000000000000004
435.58769298087907,0,0,1,1,6.0982277017323065,1.2246467991473532e-16,-1.0
487.34940907204805,0,0,1,1,6.822891727008673,0.258819045102521,-0.9659258262890682
48.77901903036263,2,1,0,2,0.6829062664250769,-0.25881904510252157,0.9659258262890681
108.85992386987701,0,1,0,1,1.524038934178278,0.25881904510252074,0.9659258262890683
450.53483850437897,2,1,0,2,6.3074877390613056,-0.7071067811865477,0.7071067811865474
143.50375323835976,2,1,0,2,2.0090525453370365,-0.8660254037844386,0.5000000000000001
23.85793656457537,0,0,1,1,0.33401111190405514,-0.9659258262890683,-0.25881904510252063
345.86736777053176,1,0,0,0,4.842143148787445,0.7071067811865476,-0.7071067811865475
151.5006807521249,2,0,0,2,2.1210095305297485,0.258819045102521,-0.9659258262890682
572.162338655512,2,0,0,2,8.010272741177168,-0.8660254037844385,-0.5000000000000004
303.31321971792346,0,1,0,1,4.246385076050928,-0.7071067811865477,0.7071067811865474
278.8466715954998,2,0,1,2,3.9038534023369973,-0.2588190451025208,-0.9659258262890683
183.53609950916373,0,1,1,1,2.5695053931282925,-0.7071067811865477,0.7071067811865474
536.3503601068549,0,0,0,1,7.508905041495967,-1.0,-1.8369701987210297e-16
314.53980278016775,2,0,1,2,4.403557238922349,1.2246467991473532e-16,-1.0
176.47008673188284,1,1,0,0,2.4705812142463595,-0.25881904510252157,0.9659258262890681
107.06493281101956,0,1,0,1,1.4989090593542738,0.49999999999999994,0.8660254037844387
236.77485017844077,0,0,0,1,3.3148479024981707,0.9659258262890683,-0.25881904510252063
74.02356931213498,0,1,0,1,1.0363299703698896,0.8660254037844386,0.5000000000000001
435.1979395022099,0,1,0,1,6.092771153030939,-0.7071067811865477,0.7071067811865474
75.50156972436213,2,0,0,2,1.05702197614107,0.258819045102521,-0.9659258262890682
224.88747490004727,2,1,0,2,3.148424648600662,0.0,1.0
359.8240381158282,0,1,0,1,5.037536533621594,-0.8660254037844386,0.5000000000000001
311.5814956197383,2,0,0,2,4.362140938676336,-0.7071067811865471,-0.7071067811865479
120.88906485717959,2,0,0,2,1.6924469080005142,0.258819045102521,-0.9659258262890682
368.84656720717885,0,1,0,1,5.1638519409005035,-0.5000000000000004,0.8660254037844384
90.51291009053665,0,0,1,1,1.267180741267513,-0.8660254037844385,-0.5000000000000004
245.9707618305742,2,0,0,2,3.4435906656280384,0.8660254037844387,-0.4999999999999998
367.331482956464,0,0,0,1,5.142640761390496,1.2246467991473532e-16,-1.0
333.32430030876037,0,1,0,1,4.666540204322645,-0.5000000000000004,0.8660254037844384
128.49297794449575,2,1,1,2,1.7989016912229403,0.7071067811865476,0.7071067811865476
465.5490129815854,0,1,0,1,6.517686181742196,0.7071067811865476,0.7071067811865476
265.60502286739614,2,0,0,2,3.718470320143546,-0.4999999999999997,-0.8660254037844388
383.7391739690473,2,0,0,2,5.3723484355666615,0.7071067811865476,-0.7071067811865475
525.2381812011845,2,1,0,2,7.353334536816583,-0.5000000000000004,0.8660254037844384
451.15369877942925,2,1,1,2,6.3161517829120095,0.9659258262890683,0.25881904510252074
451.6232931395879,2,1,0,2,6.32272610395423,0.49999999999999994,0.8660254037844387
284.682387372905,0,0,0,1,3.98555342322067,-0.4999999999999997,-0.8660254037844388
392.90832176389176,0,1,1,1,5.500716504694485,0.9659258262890683,0.25881904510252074
288.4473834215769,0,0,0,1,4.0382633679020765,0.49999999999999994,-0.8660254037844387
32.321595799885586,0,1,0,1,0.4525023411983982,0.25881904510252074,0.9659258262890683
304.4938826509076,2,1,0,2,4.262914357112706,0.25881904510252074,0.9659258262890683
296.1449770729238,2,1,0,2,4.146029679020933,0.0,1.0
355.07128507392747,0,0,0,1,4.970997991034984,0.49999999999999994,-0.8660254037844387
226.96054446158888,2,1,0,2,3.1774476224622443,0.8660254037844386,0.5000000000000001
112.93799978250686,2,1,1,2,1.581131996955096,0.9659258262890683,0.25881904510252074
368.17109497154087,0,1,1,1,5.154395329601573,0.49999999999999994,0.8660254037844387
13.610988294595359,2,0,0,2,0.19055383612433502,-0.9659258262890684,0.2588190451025203
512.5874444541645,0,1,0,1,7.176224222358303,0.8660254037844386,0.5000000000000001
208.34474898310137,2,0,0,2,2.916826485763419,-0.9659258262890684,0.2588190451025203
294.1950709701103,2,0,0,2,4.1187309935815435,0.8660254037844387,-0.4999999999999998
350.54046759068297,2,0,0,2,4.907566546269561,-1.0,-1.8369701987210297e-16
356.32384807195433,0,1,0,1,4.988533873007361,0.8660254037844386,0.5000000000000001
5.0,2,1,0,2,0.07,-0.5000000000000004,0.8660254037844384
398.3355844979675,2,0,0,2,5.576698182971545,0.258819045102521,-0.9659258262890682
304.5676891077292,0,0,0,1,4.26394764750821,0.258819045102521,-0.9659258262890682
135.6529507794504,1,0,1,0,1.8991413109123056,-0.7071067811865471,-0.7071067811865479
115.0599488297355,2,0,1,2,1.610839283616297,1.0,6.123233995736766e-17
189.87044522976782,2,0,0,2,2.658186233216749,-0.2588190451025208,-0.9659258262890683
16.22649641011145,2,1,0,2,0.22717094974156032,-0.7071067811865477,0.7071067811865474
560.0081303776647,1,0,0,0,7.840113825287305,0.8660254037844387,-0.4999999999999998
517.507238525802,1,0,0,0,7.245101339361228,-0.4999999999999997,-0.8660254037844388
331.3060361756691,2,1,1,2,4.638284506459367,-0.5000000000000004,0.8660254037844384
209.78828505842364,0,0,0,1,2.9370359908179307,0.49999999999999994,-0.8660254037844387
214.52056217126884,2,1,1,2,3.0032878703977635,0.7071067811865476,0.7071067811865476
386.4518271113143,2,0,1,2,5.4103255795584,0.49999999999999994,-0.8660254037844387
566.4088419103512,2,0,0,2,7.929723786744916,0.8660254037844387,-0.4999999999999998
147.32858687258624,2,1,0,2,2.062600216216208,0.9659258262890683,0.25881904510252074
48.83451232780166,2,0,0,2,0.6836831725892232,-0.8660254037844385,-0.5000000000000004
528.5753392471488,2,0,0,2,7.400054749460083,0.8660254037844387,-0.4999999999999998
71.68494576520123,0,1,0,1,1.0035892407128173,-0.5000000000000004,0.8660254037844384
68.46445451452368,2,1,0,2,0.9585023632033315,0.9659258262890683,0.25881904510252074
205.5655793480465,0,1,0,1,2.8779181108726513,0.9659258262890683,0.25881904510252074
30.878024204905614,2,1,0,2,0.43229233886867857,0.7071067811865476,0.7071067811865476
450.18683130518764,2,0,0,2,6.302615638272627,-0.9659258262890684,0.2588190451025203
404.242948690918,2,0,1,2,5.659401281672852,0.49999999999999994,-0.8660254037844387
146.53721910124293,2,1,0,2,2.0515210674174007,0.49999999999999994,0.8660254037844387
480.3305414519946,2,1,0,2,6.724627580327924,-0.25881904510252157,0.9659258262890681
510.8726371126887,2,1,0,2,7.152216919577643,-0.25881904510252157,0.9659258262890681
229.62928330778857,2,0,1,2,3.2148099663090397,-0.9659258262890683,-0.25881904510252063
168.87972803775864,2,0,0,2,2.3643161925286207,-0.7071067811865471,-0.7071067811865479
656.7283649936461,0,1,0,1,9.194197109911045,-0.8660254037844386,0.5000000000000001
379.80912797514793,0,0,0,1,5.317327791652071,-0.7071067811865471,-0.7071067811865479
296.1384375343936,2,0,1,2,4.14593812548151,0.258819045102521,-0.9659258262890682
495.43827039513025,2,0,0,2,6.936135785531824,-0.2588190451025208,-0.9659258262890683
304.3475143005438,2,0,0,2,4.260865200207613,0.8660254037844387,-0.4999999999999998
158.98829453454607,0,0,0,1,2.225836123483645,1.0,6.123233995736766e-17
264.4287568877596,2,0,0,2,3.7020025964286347,-0.2588190451025208,-0.9659258262890683
436.9577717175523,2,0,0,2,6.1174088040457315,-0.9659258262890684,0.2588190451025203
108.59340194285846,2,0,1,2,1.5203076272000184,-0.9659258262890684,0.2588190451025203
198.1544669009402,1,0,1,0,2.774162536613163,0.7071067811865476,-0.7071067811865475
498.9503317446889,2,0,0,2,6.9853046444256455,0.49999999999999994,-0.8660254037844387
157.86368780316684,0,0,0,1,2.2100916292443356,1.0,6.123233995736766e-17
528.2995408776537,2,0,0,2,7.396193572287152,-1.0,-1.8369701987210297e-16
504.6538874847663,1,0,1,0,7.065154424786728,-1.0,-1.8369701987210297e-16
238.20475921198877,0,1,0,1,3.3348666289678426,-0.8660254037844386,0.5000000000000001
147.6629251199799,2,0,0,2,2.0672809516797184,0.49999999999999994,-0.8660254037844387
198.27540265306578,0,1,0,1,2.775855637142921,0.9659258262890683,0.25881904510252074
729.6306085602582,2,0,1,2,10.214828519843616,0.9659258262890683,-0.25881904510252063
587.3964004479839,0,1,0,1,8.223549606271774,0.0,1.0
272.5703749252129,0,1,0,1,3.8159852489529804,-0.5000000000000004,0.8660254037844384
140.5323607083263,2,0,1,2,1.9674530499165683,0.9659258262890683,-0.25881904510252063
271.06738640462737,0,1,0,1,3.7949434096647834,0.8660254037844386,0.5000000000000001
293.8888467910176,2,0,0,2,4.1144438550742475,0.7071067811865476,-0.7071067811865475
26.195427230316284,2,1,0,2,0.36673598122442796,0.25881904510252074,0.9659258262890683
264.40742845874684,2,1,0,2,3.7017039984224556,0.7071067811865476,0.7071067811865476
488.0327784661114,0,1,0,1,6.83245889852556,-0.7071067811865477,0.7071067811865474
73.88420261896522,2,1,0,2,1.0343788366655131,0.25881904510252074,0.9659258262890683
398.7851137247047,2,0,1,2,5.5829915921458655,-0.4999999999999997,-0.8660254037844388
497.4636346098604,0,0,1,1,6.964490884538045,-0.9659258262890684,0.2588190451025203
149.09967788301373,2,0,1,2,2.087395490362192,0.7071067811865476,-0.7071067811865475
554.9516364743902,2,1,0,2,7.769322910641462,-0.8660254037844386,0.5000000000000001
125.73932875929783,2,1,1,2,1.7603506026301698,-0.25881904510252157,0.9659258262890681
329.39487913487267,2,1,0,2,4.611528307888218,-0.25881904510252157,0.9659258262890681
194.78091676054652,2,1,0,2,2.7269328346476516,0.25881904510252074,0.9659258262890683
194.74065571073135,2,1,0,2,2.7263691799502388,0.9659258262890683,0.25881904510252074
138.8861674435518,1,1,0,0,1.9444063442097255,-0.7071067811865477,0.7071067811865474
375.7435865551636,0,0,0,1,5.260410211772291,-0.2588190451025208,-0.9659258262890683
402.78498239166083,2,1,1,2,5.638989753483251,0.8660254037844386,0.5000000000000001
238.40400407610605,2,1,0,2,3.3376560570654847,-0.25881904510252157,0.9659258262890681
5.205721538990645,2,1,0,2,0.07288010154586902,0.25881904510252074,0.9659258262890683
322.57062999419014,0,0,0,1,4.515988819918662,-0.2588190451025208,-0.9659258262890683
325.9625846939249,2,0,0,2,4.563476185714949,1.2246467991473532e-16,-1.0
210.99129795044308,2,1,1,2,2.953878171306203,0.25881904510252074,0.9659258262890683
586.1016316925455,0,1,0,1,8.205422843695638,-0.5000000000000004,0.8660254037844384
31.507267682117742,2,0,0,2,0.44110174754964837,0.8660254037844387,-0.4999999999999998
149.11106784564225,2,1,1,2,2.0875549498389914,0.49999999999999994,0.8660254037844387
118.44971805441924,0,0,0,1,1.6582960527618693,-0.4999999999999997,-0.8660254037844388
377.8764161364609,0,1,1,1,5.290269825910452,-0.5000000000000004,0.8660254037844384
59.94796526190865,2,1,0,2,0.8392715136667211,0.49999999999999994,0.8660254037844387
73.42523466530645,0,0,0,1,1.0279532853142903,0.258819045102521,-0.9659258262890682
421.18384051206783,2,1,0,2,5.89657376716895,0.9659258262890683,0.25881904510252074
333.2586261035949,0,0,0,1,4.6656207654503286,-1.0,-1.8369701987210297e-16
317.870963733112,2,0,1,2,4.450193492263567,-0.8660254037844385,-0.5000000000000004
390.65720550379507,0,1,0,1,5.469200877053131,0.9659258262890683,0.25881904510252074
173.4652684108808,1,0,0,0,2.4285137577523312,-1.0,-1.8369701987210297e-16
181.78286666952556,1,0,1,0,2.5449601333733582,-0.8660254037844385,-0.5000000000000004
395.76026906105653,1,0,0,0,5.540643766854791,-0.7071067811865471,-0.7071067811865479
7.920379459384094,2,1,1,2,0.11088531243137731,-0.8660254037844386,0.5000000000000001
135.68957235173838,2,0,0,2,1.899654012924337,0.9659258262890683,-0.25881904510252063
172.00884874698622,2,1,1,2,2.408123882457807,-0.25881904510252157,0.9659258262890681
417.55719203182446,0,1,0,1,5.845800688445543,-0.25881904510252157,0.9659258262890681
296.0007458176246,0,0,1,1,4.144010441446744,-1.0,-1.8369701987210297e-16
404.31247074214275,2,0,0,2,5.660374590389998,0.9659258262890683,-0.25881904510252063
112.93297587616973,1,0,0,0,1.5810616622663762,-0.9659258262890684,0.2588190451025203
306.7894254982285,0,0,0,1,4.2950519569751995,-0.4999999999999997,-0.8660254037844388
367.69561083562803,1,0,0,0,5.147738551698793,0.9659258262890683,-0.25881904510252063
6.856463930076757,0,1,1,1,0.0959904950210746,0.49999999999999994,0.8660254037844387
405.1703662983781,2,0,1,2,5.672385128177293,-0.7071067811865471,-0.7071067811865479
229.9265986289573,2,1,0,2,3.2189723808054023,0.49999999999999994,0.8660254037844387
802.8406062890804,2,1,0,2,11.239768488047124,0.0,1.0
141.90249240141242,2,0,0,2,1.9866348936197737,0.9659258262890683,-0.25881904510252063
496.44058618145516,0,1,0,1,6.950168206540372,-0.25881904510252157,0.9659258262890681
179.05154262530672,0,0,1,1,2.506721596754294,0.8660254037844387,-0.4999999999999998
41.08730859920786,0,1,0,1,0.57522232038891,-0.7071067811865477,0.7071067811865474
155.14807415830145,0,0,1,1,2.1720730382162206,0.258819045102521,-0.9659258262890682
299.94626344074385,2,0,1,2,4.199247688170415,-0.9659258262890683,-0.25881904510252063
436.7440005217078,2,0,1,2,6.114416007303909,-0.8660254037844385,-0.5000000000000004
559.9535718637916,2,0,0,2,7.839350006093082,0.9659258262890683,-0.25881904510252063
505.9407559667817,2,0,0,2,7.083170583534944,-0.9659258262890684,0.2588190451025203
76.231236273191,2,0,1,2,1.067237307824674,0.49999999999999994,-0.8660254037844387
453.429644607901,2,0,1,2,6.348015024510614,1.0,6.123233995736766e-17
320.43129228175724,2,0,1,2,4.486038091944602,-0.2588190451025208,-0.9659258262890683
132.1714562327822,2,0,0,2,1.8504003872589505,0.7071067811865476,-0.7071067811865475
211.8560931740534,0,0,0,1,2.9659853044367472,-0.4999999999999997,-0.8660254037844388
122.2283212999497,2,0,0,2,1.7111964981992958,0.258819045102521,-0.9659258262890682
256.676621548562,2,0,0,2,3.593472701679868,-0.9659258262890684,0.2588190451025203
118.66158118705837,2,0,0,2,1.6612621366188174,-0.8660254037844385,-0.5000000000000004
64.96106682086096,1,0,1,0,0.9094549354920535,0.9659258262890683,-0.25881904510252063
336.241443000899,2,0,1,2,4.707380202012586,-0.2588190451025208,-0.9659258262890683
363.1714986867347,2,0,0,2,5.084400981614286,-0.4999999999999997,-0.8660254037844388
216.23253998350987,0,0,0,1,3.027255559769138,0.49999999999999994,-0.8660254037844387
496.177234708475,0,0,0,1,6.946481285918649,0.258819045102521,-0.9659258262890682
203.12249443087964,1,0,1,0,2.843714922032315,-0.9659258262890684,0.2588190451025203
195.5005818774031,2,0,0,2,2.7370081462836433,-0.7071067811865471,-0.7071067811865479
368.8880168222255,2,0,1,2,5.164432235511157,-0.9659258262890684,0.2588190451025203
226.16339471019938,2,0,1,2,3.1662875259427916,-0.9659258262890683,-0.25881904510252063
265.2635912247058,0,0,0,1,3.713690277145881,0.7071067811865476,-0.7071067811865475
203.6789247114317,2,0,1,2,2.851504945960044,-1.0,-1.8369701987210297e-16
253.0073292528355,2,0,1,2,3.542102609539697,-0.9659258262890683,-0.25881904510252063
78.89526874482681,2,1,1,2,1.1045337624275753,0.0,1.0
30.228897220203294,2,1,1,2,0.4232045610828461,-0.7071067811865477,0.7071067811865474
9.641943024009095,2,1,1,2,0.13498720233612732,0.7071067811865476,0.7071067811865476
62.335032363911296,0,1,1,1,0.8726904530947581,-0.5000000000000004,0.8660254037844384
151.20630526619448,0,0,0,1,2.1168882737267225,1.0,6.123233995736766e-17
162.43132920181264,2,1,0,2,2.2740386088253772,0.0,1.0
369.56953676628257,2,0,0,2,5.173973514727956,0.9659258262890683,-0.25881904510252063
290.02980654424545,0,0,0,1,4.060417291619436,-0.8660254037844385,-0.5000000000000004
92.19339718723745,2,0,1,2,1.2907075606213243,0.9659258262890683,-0.25881904510252063
264.9930347584254,2,1,1,2,3.7099024866179553,0.8660254037844386,0.5000000000000001
307.28594438501693,2,1,0,2,4.302003221390237,0.0,1.0
190.85802707446754,0,0,0,1,2.6720123790425454,-0.4999999999999997,-0.8660254037844388
239.04052415679354,1,1,1,0,3.3465673381951095,0.7071067811865476,0.7071067811865476
284.2558225714702,0,0,0,1,3.979581516000583,1.0,6.123233995736766e-17
387.62792757440445,2,0,0,2,5.426790986041662,-0.2588190451025208,-0.9659258262890683
33.47839774329225,2,0,1,2,0.4686975684060915,0.258819045102521,-0.9659258262890682
206.02293304486318,0,1,0,1,2.8843210626280844,-0.8660254037844386,0.5000000000000001
521.5004976503913,2,1,0,2,7.301006967105477,0.49999999999999994,0.8660254037844387
504.9990354936321,1,0,0,0,7.0699864969108495,-0.9659258262890684,0.2588190451025203
403.1686469996404,1,0,1,0,5.644361057994965,-0.9659258262890683,-0.25881904510252063
346.62844311202167,2,0,1,2,4.8527982035683035,0.9659258262890683,-0.25881904510252063
547.8342547123759,1,1,0,0,7.669679565973263,0.25881904510252074,0.9659258262890683
595.2126402891998,2,1,1,2,8.332976964048797,0.9659258262890683,0.25881904510252074
226.76560215156655,0,0,1,1,3.174718430121932,1.0,6.123233995736766e-17
75.50216020810237,2,0,0,2,1.057030242913433,1.0,6.123233995736766e-17
201.34738282759088,2,0,1,2,2.818863359586272,1.2246467991473532e-16,-1.0
807.4051924789696,0,1,0,1,11.303672694705575,0.0,1.0
32.484141690534955,0,0,0,1,0.45477798366748934,0.9659258262890683,-0.25881904510252063
165.3029548847049,2,1,0,2,2.3142413683858685,-0.5000000000000004,0.8660254037844384
5.0,0,0,0,1,0.07,1.2246467991473532e-16,-1.0
272.4574953179294,2,1,0,2,3.8144049344510114,-0.25881904510252157,0.9659258262890681
33.51561479892385,2,0,0,2,0.4692186071849339,-0.9659258262890684,0.2588190451025203
230.42481588994877,2,1,0,2,3.225947422459283,-0.25881904510252157,0.9659258262890681
101.01712880337664,2,0,0,2,1.414239803247273,-1.0,-1.8369701987210297e-16
361.1717197152371,2,0,1,2,5.05640407601332,-0.8660254037844385,-0.5000000000000004
470.02214616423544,2,0,1,2,6.580310046299296,1.2246467991473532e-16,-1.0
180.89014802857739,2,0,1,2,2.5324620724000835,-0.7071067811865471,-0.7071067811865479
225.67659872637364,2,1,0,2,3.159472382169231,-0.25881904510252157,0.9659258262890681
220.5866984683638,2,0,0,2,3.088213778557093,-0.4999999999999997,-0.8660254037844388
282.56392154050457,1,0,1,0,3.9558949015670644,0.49999999999999994,-0.8660254037844387
243.1294743460429,2,0,1,2,3.4038126408446003,0.258819045102521,-0.9659258262890682
388.2610514375249,1,1,0,0,5.435654720125349,-0.7071067811865477,0.7071067811865474
471.9470440211702,0,1,0,1,6.607258616296383,0.49999999999999994,0.8660254037844387
103.46717995140708,0,1,0,1,1.4485405193196992,-0.25881904510252157,0.9659258262890681
194.32087130062658,0,0,0,1,2.720492198208772,0.8660254037844387,-0.4999999999999998
412.29150080645405,0,0,1,1,5.772081011290356,-0.2588190451025208,-0.9659258262890683
5.900428650625827,2,0,0,2,0.08260600110876158,1.0,6.123233995736766e-17
104.72983073220257,2,0,1,2,1.466217630250836,0.49999999999999994,-0.8660254037844387
290.73687152172613,0,0,0,1,4.070316201304165,0.7071067811865476,-0.7071067811865475
339.3423539926886,0,1,0,1,4.75079295589764,0.49999999999999994,0.8660254037844387
119.9859661683534,0,0,0,1,1.6798035263569477,-1.0,-1.8369701987210297e-16
145.84281025831808,2,1,0,2,2.041799343616453,0.25881904510252074,0.9659258262890683
113.1653820866382,0,0,0,1,1.584315349212935,-0.8660254037844385,-0.5000000000000004
93.95345691800179,2,1,0,2,1.315348396852025,0.25881904510252074,0.9659258262890683
374.829247708828,2,1,0,2,5.247609467923592,-0.8660254037844386,0.5000000000000001
37.51027234042505,2,0,1,2,0.5251438127659507,-0.7071067811865471,-0.7071067811865479
202.20588494199723,0,0,0,1,2.830882389187961,-0.8660254037844385,-0.5000000000000004
87.03948984732656,0,0,1,1,1.218552857862572,0.7071067811865476,-0.7071067811865475
11.952015662218798,2,1,0,2,0.16732821927106317,0.7071067811865476,0.7071067811865476
406.6320714544188,0,0,0,1,5.692849000361862,0.49999999999999994,-0.8660254037844387
156.431460008763,2,0,0,2,2.190040440122682,-0.8660254037844385,-0.5000000000000004
283.9192144757362,2,1,0,2,3.974869002660307,-0.25881904510252157,0.9659258262890681
21.45365836418182,2,0,0,2,0.30035121709854545,0.258819045102521,-0.9659258262890682
116.45089832383434,2,1,0,2,1.6303125765336808,-0.8660254037844386,0.5000000000000001
386.095818525101,2,0,1,2,5.405341459351414,0.7071067811865476,-0.7071067811865475
715.7088620521558,2,0,0,2,10.019924068730182,-0.7071067811865471,-0.7071067811865479
105.71889159025613,0,1,0,1,1.4800644822635858,0.7071067811865476,0.7071067811865476
213.80059684790325,0,1,0,1,2.9932083558706455,0.49999999999999994,0.8660254037844387
324.21050766583,2,0,0,2,4.53894710732162,0.8660254037844387,-0.4999999999999998
139.10197241692893,2,1,0,2,1.947427613837005,0.9659258262890683,0.25881904510252074
402.9139576589423,2,0,1,2,5.640795407225192,0.258819045102521,-0.9659258262890682
93.98811928114364,2,1,0,2,1.315833669936011,0.0,1.0
277.6925788389954,2,0,0,2,3.887696103745936,-0.2588190451025208,-0.9659258262890683
156.02705719029524,2,1,0,2,2.1843788006641334,-0.25881904510252157,0.9659258262890681
469.49759493185906,1,0,0,0,6.572966329046027,0.7071067811865476,-0.7071067811865475
128.254389453591,0,0,0,1,1.7955614523502739,-0.9659258262890683,-0.25881904510252063
186.66271666842715,2,0,0,2,2.61327803335798,1.2246467991473532e-16,-1.0
420.22402674948796,2,0,1,2,5.883136374492831,0.8660254037844387,-0.4999999999999998
64.95304136328454,2,1,1,2,0.9093425790859835,-0.5000000000000004,0.8660254037844384
262.375010217443,0,0,0,1,3.6732501430442017,-1.0,-1.8369701987210297e-16
78.05618186358834,2,1,1,2,1.0927865460902366,0.7071067811865476,0.7071067811865476
54.17197744676653,2,1,1,2,0.7584076842547315,0.49999999999999994,0.8660254037844387
318.7836296603446,0,1,0,1,4.462970815244825,0.9659258262890683,0.25881904510252074
71.67444828347817,2,0,0,2,1.0034422759686943,0.8660254037844387,-0.4999999999999998
151.97687227171753,2,0,0,2,2.127676211804045,0.7071067811865476,-0.7071067811865475
338.7555523686288,2,0,0,2,4.742577733160803,0.8660254037844387,-0.4999999999999998
145.74649459355254,2,0,1,2,2.0404509243097353,-0.8660254037844385,-0.5000000000000004
398.11157317894447,2,0,1,2,5.573562024505223,0.7071067811865476,-0.7071067811865475
288.8193017474916,2,1,0,2,4.043470224464882,0.9659258262890683,0.25881904510252074
328.42296014641056,2,0,0,2,4.597921442049748,-0.7071067811865471,-0.7071067811865479
473.37380777293583,2,0,0,2,6.6272333088211015,-0.8660254037844385,-0.5000000000000004
307.5681512705318,0,0,1,1,4.305954117787445,0.49999999999999994,-0.8660254037844387
526.9925122844819,2,0,0,2,7.377895171982747,-0.9659258262890684,0.2588190451025203
414.0272109468082,2,0,0,2,5.796380953255315,1.0,6.123233995736766e-17
155.7785626297978,0,1,1,1,2.1808998768171692,0.7071067811865476,0.7071067811865476
482.7666535038288,0,0,1,1,6.758733149053604,0.7071067811865476,-0.7071067811865475
297.4958837625301,0,1,0,1,4.164942372675422,-0.8660254037844386,0.5000000000000001
178.9576524411094,2,0,1,2,2.5054071341755315,-0.2588190451025208,-0.9659258262890683
300.1094251577589,2,0,0,2,4.201531952208625,-0.8660254037844385,-0.5000000000000004
450.2188283902473,0,0,1,1,6.303063597463463,-0.2588190451025208,-0.9659258262890683
331.9081169635999,0,0,1,1,4.646713637490398,-0.9659258262890684,0.2588190451025203
578.0307098592516,2,1,0,2,8.092429938029522,-0.5000000000000004,0.8660254037844384
445.5755004217879,1,0,1,0,6.238057005905031,1.2246467991473532e-16,-1.0
344.16880601238927,2,1,1,2,4.81836328417345,0.25881904510252074,0.9659258262890683
65.30774510659163,1,0,0,0,0.9143084314922828,0.8660254037844387,-0.4999999999999998
217.64814747817826,0,1,1,1,3.0470740646944954,0.49999999999999994,0.8660254037844387
262.89954515515325,0,1,0,1,3.6805936321721457,0.7071067811865476,0.7071067811865476
375.39367021919446,1,0,0,0,5.255511383068723,0.258819045102521,-0.9659258262890682
364.7199474289947,0,0,1,1,5.106079264005926,-0.4999999999999997,-0.8660254037844388
280.51727383929153,2,0,1,2,3.9272418337500814,-0.9659258262890684,0.2588190451025203
271.6629847678908,2,0,0,2,3.8032817867504716,0.9659258262890683,-0.25881904510252063
379.68224111369256,2,0,0,2,5.315551375591696,-0.9659258262890683,-0.25881904510252063
95.45447938660254,2,1,0,2,1.3363627114124357,0.8660254037844386,0.5000000000000001
555.1928474649742,0,1,0,1,7.772699864509639,0.25881904510252074,0.9659258262890683
118.4900393294248,2,1,1,2,1.6588605506119471,-0.7071067811865477,0.7071067811865474
511.97370679096525,2,0,0,2,7.167631895073513,0.8660254037844387,-0.4999999999999998
241.86660488347084,0,0,0,1,3.386132468368592,-0.2588190451025208,-0.9659258262890683
430.46436656888693,0,1,1,1,6.026501131964417,0.0,1.0
315.49127817267026,2,0,1,2,4.416877894417384,-0.9659258262890684,0.2588190451025203
312.28619396394436,2,1,0,2,4.372006715495221,0.7071067811865476,0.7071067811865476
349.7658056847738,2,0,0,2,4.896721279586833,-0.8660254037844385,-0.5000000000000004
395.6297720358001,0,0,1,1,5.538816808501201,0.7071067811865476,-0.7071067811865475
190.8104512142968,2,1,0,2,2.6713463170001552,0.25881904510252074,0.9659258262890683
436.26384349472255,0,1,1,1,6.107693808926116,0.9659258262890683,0.25881904510252074
54.795287755818975,2,0,0,2,0.7671340285814656,-1.0,-1.8369701987210297e-16
249.04049680129756,2,0,1,2,3.4865669552181657,0.8660254037844387,-0.4999999999999998
400.47458636900984,1,0,0,0,5.606644209166137,-1.0,-1.8369701987210297e-16
429.10316433086007,2,0,0,2,6.007444300632041,-1.0,-1.8369701987210297e-16
332.9419926870522,2,0,0,2,4.66118789761873,0.8660254037844387,-0.4999999999999998
179.1893611679676,2,1,0,2,2.5086510563515465,0.49999999999999994,0.8660254037844387
411.4074001063666,2,1,0,2,5.759703601489133,0.9659258262890683,0.25881904510252074
129.5140769586244,2,1,1,2,1.8131970774207415,0.9659258262890683,0.25881904510252074
565.253633274804,2,0,1,2,7.913550865847255,-0.8660254037844385,-0.5000000000000004
234.75923845006045,2,0,0,2,3.2866293383008465,1.2246467991473532e-16,-1.0
27.132624957072892,2,0,0,2,0.3798567493990205,1.2246467991473532e-16,-1.0
34.95697575702067,0,0,0,1,0.48939766059828943,1.0,6.123233995736766e-17
257.85585463832575,0,0,1,1,3.6099819649365603,0.8660254037844387,-0.4999999999999998
275.16854883868956,2,0,0,2,3.852359683741654,-0.9659258262890683,-0.25881904510252063
604.5382032911972,0,1,1,1,8.46353484607676,0.0,1.0
63.07011922943926,2,1,0,2,0.8829816692121496,-0.7071067811865477,0.7071067811865474
257.1031958747075,2,1,1,2,3.5994447422459053,-0.7071067811865477,0.7071067811865474
59.3041467252298,2,0,0,2,0.8302580541532173,-0.9659258262890684,0.2588190451025203
161.32212642158737,2,0,1,2,2.258509769902223,1.2246467991473532e-16,-1.0
553.1149654124808,2,0,0,2,7.7436095157747316,0.9659258262890683,-0.25881904510252063
45.45947983192164,2,1,0,2,0.636432717646903,-0.8660254037844386,0.5000000000000001
355.66763633221007,0,1,0,1,4.979346908650942,-0.5000000000000004,0.8660254037844384
320.7233246225905,1,0,0,0,4.490126544716267,0.8660254037844387,-0.4999999999999998
245.64914325552246,2,1,1,2,3.4390880055773145,0.0,1.0
343.49859217451274,0,0,0,1,4.808980290443178,0.8660254037844387,-0.4999999999999998
41.19633125020806,0,0,0,1,0.5767486375029128,-0.9659258262890684,0.2588190451025203
548.1380514046404,0,1,1,1,7.673932719664965,-0.5000000000000004,0.8660254037844384
596.4721891222338,2,0,0,2,8.350610647711273,0.49999999999999994,-0.8660254037844387
258.4788455966764,2,0,0,2,3.61870383835347,-0.9659258262890684,0.2588190451025203
686.1591035104398,2,1,0,2,9.606227449146157,0.7071067811865476,0.7071067811865476
178.1749723210143,2,0,0,2,2.4944496124942,-0.7071067811865471,-0.7071067811865479
322.07775889413045,0,0,0,1,4.509088624517826,-0.2588190451025208,-0.9659258262890683
507.74003147941244,2,0,1,2,7.108360440711775,-0.9659258262890684,0.2588190451025203
167.3791971598763,2,1,0,2,2.3433087602382683,-0.7071067811865477,0.7071067811865474
5.0,0,1,1,1,0.07,-0.8660254037844386,0.5000000000000001
40.10907181139373,0,0,0,1,0.5615270053595123,-0.9659258262890683,-0.25881904510252063
620.9487815024786,2,1,0,2,8.6932829410347,-0.7071067811865477,0.7071067811865474
154.77556288502,0,1,0,1,2.16685788039028,-0.7071067811865477,0.7071067811865474
216.56738258467024,2,0,0,2,3.0319433561853835,0.8660254037844387,-0.4999999999999998
49.70246590221021,2,1,0,2,0.6958345226309429,0.0,1.0
420.70107027925394,2,1,0,2,5.889814983909555,-0.5000000000000004,0.8660254037844384
109.3192253395747,0,1,0,1,1.5304691547540459,0.49999999999999994,0.8660254037844387
161.57265502096206,1,0,1,0,2.262017170293469,-0.9659258262890684,0.2588190451025203
303.9136754949089,2,1,1,2,4.254791456928724,0.0,1.0
58.471733095796964,2,1,0,2,0.8186042633411575,0.49999999999999994,0.8660254037844387
217.85519148743944,2,0,0,2,3.049972680824152,-0.2588190451025208,-0.9659258262890683
502.39772611058856,2,0,0,2,7.033568165548241,-0.2588190451025208,-0.9659258262890683
327.0857915530354,2,1,0,2,4.579201081742495,-0.5000000000000004,0.8660254037844384
273.4976126371045,2,1,0,2,3.828966576919463,-0.7071067811865477,0.7071067811865474
288.6756477034957,0,0,0,1,4.0414590678489395,1.2246467991473532e-16,-1.0
179.95568272421852,0,1,1,1,2.5193795581390592,0.0,1.0
609.3074175558866,2,0,0,2,8.530303845782411,-0.4999999999999997,-0.8660254037844388
103.81171650386787,2,0,1,2,1.4533640310541502,-0.9659258262890684,0.2588190451025203
287.9667091535074,2,0,0,2,4.031533928149103,1.0,6.123233995736766e-17
270.7046019417053,2,0,1,2,3.7898644271838737,-0.7071067811865471,-0.7071067811865479
431.5772512839643,0,0,0,1,6.0420815179755,-0.9659258262890684,0.2588190451025203
448.57130898285516,1,1,1,0,6.279998325759973,-0.5000000000000004,0.8660254037844384
244.23661519232726,2,1,1,2,3.4193126126925817,-0.8660254037844386,0.5000000000000001
302.31996876034896,2,1,0,2,4.232479562644885,0.0,1.0
309.1362557045107,0,0,1,1,4.327907579863149,-0.4999999999999997,-0.8660254037844388
158.98549800270928,2,0,0,2,2.2257969720379296,-0.9659258262890684,0.2588190451025203
36.018128445999594,0,0,0,1,0.5042537982439943,-0.4999999999999997,-0.8660254037844388
141.0885356700453,2,0,0,2,1.9752394993806341,-1.0,-1.8369701987210297e-16
148.9122382521636,0,1,0,1,2.08477133553029,0.9659258262890683,0.25881904510252074
34.1291640464562,2,1,0,2,0.47780829665038677,0.9659258262890683,0.25881904510252074
384.9248628472534,0,1,1,1,5.388948079861548,0.0,1.0
250.38131578314506,0,0,0,1,3.505338420964031,-0.7071067811865471,-0.7071067811865479
211.3549814703693,2,0,0,2,2.9589697405851703,-0.9659258262890683,-0.25881904510252063
23.8920505886704,0,0,1,1,0.3344887082413856,1.2246467991473532e-16,-1.0
241.98192443593805,0,0,1,1,3.3877469421031328,0.258819045102521,-0.9659258262890682
222.8032560797501,2,0,0,2,3.1192455851165013,-0.9659258262890683,-0.25881904510252063
220.6678640549486,2,0,0,2,3.0893500967692806,0.7071067811865476,-0.7071067811865475
261.3730603853961,2,0,0,2,3.6592228453955458,-0.2588190451025208,-0.9659258262890683
293.54469717786975,2,0,0,2,4.109625760490177,-0.9659258262890684,0.2588190451025203
31.538317426270396,2,0,0,2,0.4415364439677855,0.49999999999999994,-0.8660254037844387
290.4670126044655,0,0,0,1,4.066538176462517,-0.9659258262890683,-0.25881904510252063
62.54237142438234,2,1,0,2,0.8755931999413528,-0.25881904510252157,0.9659258262890681
103.75543018737989,0,0,1,1,1.4525760226233182,0.258819045102521,-0.9659258262890682
379.22764944807966,2,0,1,2,5.309187092273115,-0.8660254037844385,-0.5000000000000004
612.540470204754,2,1,0,2,8.575566582866555,-0.25881904510252157,0.9659258262890681
259.2445765844824,2,1,0,2,3.6294240721827538,0.49999999999999994,0.8660254037844387
102.92281744475818,2,1,0,2,1.4409194442266147,-0.8660254037844386,0.5000000000000001
283.9606805517997,2,1,0,2,3.975449527725196,0.0,1.0
419.02524834984615,2,1,1,2,5.866353476897846,0.0,1.0
361.77956185709235,2,1,1,2,5.064913865999293,0.9659258262890683,0.25881904510252074
743.7603170434743,0,0,0,1,10.412644438608641,-1.0,-1.8369701987210297e-16
121.23923756296,0,1,1,1,1.69734932588144,-0.25881904510252157,0.9659258262890681
295.4016663854737,2,1,1,2,4.135623329396632,0.7071067811865476,0.7071067811865476
528.8052316152766,0,1,0,1,7.4032732426138725,-0.7071067811865477,0.7071067811865474
517.5086626633358,0,0,0,1,7.245121277286702,1.2246467991473532e-16,-1.0
101.01402677438853,2,0,0,2,1.4141963748414395,0.258819045102521,-0.9659258262890682
249.3956283928034,1,0,0,0,3.4915387974992473,0.9659258262890683,-0.25881904510252063
517.2137378527659,0,0,0,1,7.240992329938723,-0.9659258262890684,0.2588190451025203
770.3157382718448,2,1,1,2,10.784420335805828,-0.25881904510252157,0.9659258262890681
376.6832590751473,2,0,0,2,5.273565627052062,1.0,6.123233995736766e-17
183.78460713463295,2,1,0,2,2.572984499884861,-0.8660254037844386,0.5000000000000001
68.34343256126982,2,0,1,2,0.9568080558577775,1.0,6.123233995736766e-17
649.3738043555529,0,0,0,1,9.09123326097774,1.0,6.123233995736766e-17
381.1734855638366,2,0,0,2,5.336428797893713,-0.2588190451025208,-0.9659258262890683
97.34795316062485,0,0,0,1,1.362871344248748,-0.9659258262890683,-0.25881904510252063
213.43185405991937,0,1,0,1,2.9880459568388713,-0.5000000000000004,0.8660254037844384
305.8335730291667,0,0,0,1,4.281670022408334,-1.0,-1.8369701987210297e-16
347.8851976998612,0,1,0,1,4.870392767798056,-0.25881904510252157,0.9659258262890681
88.06864164175781,2,1,0,2,1.2329609829846093,-0.25881904510252157,0.9659258262890681
139.4457247374113,2,0,0,2,1.9522401463237582,-0.9659258262890684,0.2588190451025203
47.5282212271328,0,0,0,1,0.6653950971798592,-1.0,-1.8369701987210297e-16
437.1572121288607,2,0,0,2,6.120200969804049,-0.9659258262890683,-0.25881904510252063
188.50867598134312,2,1,0,2,2.639121463738804,0.9659258262890683,0.25881904510252074
333.9378968529926,0,0,0,1,4.675130555941896,-0.7071067811865471,-0.7071067811865479
506.00653154373884,0,1,1,1,7.084091441612344,0.49999999999999994,0.8660254037844387
289.5766256273102,2,1,0,2,4.054072758782342,-0.8660254037844386,0.5000000000000001
229.66531432916776,0,1,0,1,3.2153144006083485,0.25881904510252074,0.9659258262890683
284.9058658391082,0,0,0,1,3.9886821217475146,-0.4999999999999997,-0.8660254037844388
261.3748486930408,2,0,1,2,3.659247881702571,-0.9659258262890684,0.2588190451025203
474.3096996180301,2,0,0,2,6.6403357946524215,0.49999999999999994,-0.8660254037844387
305.9509115569822,1,0,0,0,4.283312761797751,-1.0,-1.8369701987210297e-16
152.00781647579572,2,0,0,2,2.1281094306611403,-0.9659258262890683,-0.25881904510252063
438.61283024015506,2,1,0,2,6.1405796233621714,-0.7071067811865477,0.7071067811865474
471.4871841445034,2,0,0,2,6.600820578023048,0.49999999999999994,-0.8660254037844387
9.100487172316548,0,1,0,1,0.12740682041243168,0.49999999999999994,0.8660254037844387
525.9010992582589,2,1,1,2,7.362615389615625,0.7071067811865476,0.7071067811865476
315.6481191775274,2,1,0,2,4.4190736684853835,0.9659258262890683,0.25881904510252074
300.9885910263877,2,0,0,2,4.213840274369428,0.258819045102521,-0.9659258262890682
431.19243368737267,1,1,0,0,6.036694071623217,-0.8660254037844386,0.5000000000000001
147.94424961922982,2,1,0,2,2.0712194946692177,0.7071067811865476,0.7071067811865476
421.7496125543663,0,0,0,1,5.904494575761128,0.258819045102521,-0.9659258262890682
182.18041544718605,1,1,0,0,2.550525816260605,0.7071067811865476,0.7071067811865476
15.49112234786088,2,1,0,2,0.21687571287005233,0.25881904510252074,0.9659258262890683
70.40386976075183,1,0,1,0,0.9856541766505257,0.258819045102521,-0.9659258262890682
352.06392992258077,1,0,0,0,4.928895018916131,1.2246467991473532e-16,-1.0
79.81569880096151,0,0,0,1,1.1174197832134611,-0.7071067811865471,-0.7071067811865479
539.8137021741368,2,1,0,2,7.557391830437915,0.7071067811865476,0.7071067811865476
464.0710216191357,0,0,1,1,6.4969943026679005,0.9659258262890683,-0.25881904510252063
490.01904988593367,0,1,0,1,6.860266698403072,0.8660254037844386,0.5000000000000001
272.46014434193415,1,0,0,0,3.814442020787078,-0.2588190451025208,-0.9659258262890683
296.4150911130927,2,0,0,2,4.149811275583298,-0.4999999999999997,-0.8660254037844388
35.13186623603005,0,0,1,1,0.4918461273044207,0.49999999999999994,-0.8660254037844387
429.24103182834824,2,0,0,2,6.009374445596875,0.7071067811865476,-0.7071067811865475
318.37002190667533,2,0,0,2,4.457180306693455,0.7071067811865476,-0.7071067811865475
352.11501255260686,2,1,0,2,4.929610175736496,-0.25881904510252157,0.9659258262890681
553.8961260615188,0,1,0,1,7.754545764861263,0.9659258262890683,0.25881904510252074
140.9266628894482,2,0,0,2,1.972973280452275,-0.7071067811865471,-0.7071067811865479
227.29452102208273,2,1,0,2,3.182123294309158,-0.8660254037844386,0.5000000000000001
308.8007658775902,1,1,0,0,4.323210722286263,0.7071067811865476,0.7071067811865476
81.62162701743279,2,0,0,2,1.142702778244059,0.8660254037844387,-0.4999999999999998
216.23221217016885,0,0,0,1,3.027250970382364,0.7071067811865476,-0.7071067811865475
338.7309658840545,2,1,1,2,4.742233522376763,0.8660254037844386,0.5000000000000001
191.4241711528904,2,0,1,2,2.6799383961404657,0.7071067811865476,-0.7071067811865475
485.61809375124017,0,0,0,1,6.798653312517363,-0.7071067811865471,-0.7071067811865479
21.966421127058936,1,0,1,0,0.3075298957788251,0.49999999999999994,-0.8660254037844387
452.0988232420016,2,1,1,2,6.329383525388023,0.9659258262890683,0.25881904510252074
369.01338546688083,0,0,0,1,5.166187396536332,1.0,6.123233995736766e-17
147.61085423981365,2,0,1,2,2.066551959357391,0.258819045102521,-0.9659258262890682
83.60645771860035,2,0,0,2,1.1704904080604048,1.2246467991473532e-16,-1.0
124.4508711036413,2,0,0,2,1.7423121954509784,-0.8660254037844385,-0.5000000000000004
106.86849776550989,2,0,0,2,1.4961589687171384,0.8660254037844387,-0.4999999999999998
438.49179790053944,2,0,1,2,6.138885170607552,0.9659258262890683,-0.25881904510252063
239.90456926983862,2,0,0,2,3.3586639697777403,-0.7071067811865471,-0.7071067811865479
459.3365584705315,2,1,1,2,6.430711818587441,-0.8660254037844386,0.5000000000000001
138.42320728758062,2,1,0,2,1.9379249020261287,0.49999999999999994,0.8660254037844387
377.2791088191813,2,1,0,2,5.281907523468539,0.8660254037844386,0.5000000000000001
120.85025162480412,0,1,0,1,1.6919035227472576,-0.8660254037844386,0.5000000000000001
76.19649888222898,1,1,1,0,1.0667509843512057,-0.5000000000000004,0.8660254037844384
230.71710090927826,0,0,1,1,3.2300394127298957,1.2246467991473532e-16,-1.0
130.30602796240063,2,0,0,2,1.8242843914736089,-0.9659258262890683,-0.25881904510252063
27.70798682669823,1,1,0,0,0.38791181557377524,-0.8660254037844386,0.5000000000000001
217.1833538709412,0,0,0,1,3.040566954193177,-0.7071067811865471,-0.7071067811865479
269.15837495763196,2,0,0,2,3.768217249406847,-0.2588190451025208,-0.9659258262890683
478.30455006929213,2,0,0,2,6.69626370097009,0.49999999999999994,-0.8660254037844387
418.6250218839508,0,0,1,1,5.860750306375311,-0.9659258262890683,-0.25881904510252063
469.58977586190963,0,0,0,1,6.574256862066735,0.9659258262890683,-0.25881904510252063
379.6643497108315,0,0,0,1,5.315300895951641,0.258819045102521,-0.9659258262890682
309.87029661099547,0,0,0,1,4.338184152553937,-1.0,-1.8369701987210297e-16
28.78991683505936,0,0,0,1,0.403058835690831,-0.9659258262890684,0.2588190451025203
276.9769956283494,1,1,1,0,3.8776779387968916,0.25881904510252074,0.9659258262890683
357.4228799195465,2,0,0,2,5.003920318873651,0.8660254037844387,-0.4999999999999998
512.3388308866786,2,1,0,2,7.1727436324135,-0.7071067811865477,0.7071067811865474
373.5319375117265,0,0,1,1,5.229447125164171,0.8660254037844387,-0.4999999999999998
473.26901822897594,2,0,1,2,6.625766255205662,-0.2588190451025208,-0.9659258262890683
64.24037955425698,0,0,0,1,0.8993653137595977,-0.4999999999999997,-0.8660254037844388
191.2448272933429,1,0,0,0,2.6774275821068003,0.49999999999999994,-0.8660254037844387
327.2831284590287,0,0,1,1,4.5819637984264014,1.2246467991473532e-16,-1.0
458.971484333661,0,1,1,1,6.425600780671254,-0.25881904510252157,0.9659258262890681
223.85884374899447,2,1,0,2,3.1340238124859225,0.8660254037844386,0.5000000000000001
235.1597273531524,2,1,1,2,3.2922361829441336,0.9659258262890683,0.25881904510252074
373.6852550805362,2,1,1,2,5.231593571127507,-0.5000000000000004,0.8660254037844384
47.34325111387761,0,1,0,1,0.6628055155942866,0.8660254037844386,0.5000000000000001
539.3328189682172,0,1,1,1,7.550659465555041,0.0,1.0
91.75550324061675,0,0,0,1,1.2845770453686345,-0.9659258262890683,-0.25881904510252063
95.34609624067457,2,1,0,2,1.334845347369444,-0.5000000000000004,0.8660254037844384
251.8120615340645,2,1,0,2,3.525368861476903,-0.25881904510252157,0.9659258262890681
555.7225664276017,0,0,0,1,7.780115929986424,0.9659258262890683,-0.25881904510252063
355.5615634600498,2,0,0,2,4.977861888440697,-0.8660254037844385,-0.5000000000000004
385.1962977406539,2,1,1,2,5.392748168369155,-0.5000000000000004,0.8660254037844384
257.44943721528057,0,0,0,1,3.604292121013928,0.49999999999999994,-0.8660254037844387
222.57205049118812,0,0,0,1,3.116008706876634,0.49999999999999994,-0.8660254037844387
28.0836865267608,2,1,0,2,0.39317161137465123,0.49999999999999994,0.8660254037844387
156.6895264227535,0,0,0,1,2.193653369918549,0.9659258262890683,-0.25881904510252063
285.3290209193554,2,0,0,2,3.9946062928709756,0.9659258262890683,-0.25881904510252063
486.2588549812407,1,1,0,0,6.807623969737369,-0.25881904510252157,0.9659258262890681
311.94406686905177,2,1,1,2,4.367216936166725,-0.8660254037844386,0.5000000000000001
362.2479148693624,2,1,1,2,5.071470808171073,-0.8660254037844386,0.5000000000000001
535.0691582151171,0,1,0,1,7.490968215011639,0.49999999999999994,0.8660254037844387
309.1780332593904,2,1,1,2,4.3284924656314665,-0.7071067811865477,0.7071067811865474
227.92208194462847,0,0,0,1,3.1909091472247986,0.7071067811865476,-0.7071067811865475
102.6655349829883,0,0,0,1,1.4373174897618362,-1.0,-1.8369701987210297e-16
613.9982613349755,0,0,0,1,8.595975658689657,-0.2588190451025208,-0.9659258262890683
344.77860024766244,1,0,0,0,4.826900403467274,-0.9659258262890683,-0.25881904510252063
80.15169113452046,2,1,0,2,1.1221236758832864,-0.5000000000000004,0.8660254037844384
39.18981979577737,0,1,0,1,0.5486574771408832,0.49999999999999994,0.8660254037844387
475.5514708472043,2,0,0,2,6.65772059186086,-0.9659258262890684,0.2588190451025203
63.2604946465014,2,0,0,2,0.8856469250510196,-0.2588190451025208,-0.9659258262890683
583.6901483503998,0,0,1,1,8.171662076905598,0.49999999999999994,-0.8660254037844387
246.163303476328,2,0,0,2,3.4462862486685917,0.7071067811865476,-0.7071067811865475
506.0671356021958,0,1,0,1,7.084939898430741,-0.25881904510252157,0.9659258262890681
337.6410660091536,2,0,0,2,4.726974924128149,-0.2588190451025208,-0.9659258262890683
271.3469961502373,0,1,0,1,3.7988579461033223,0.0,1.0
218.41748169248268,1,0,0,0,3.0578447436947576,-0.7071067811865471,-0.7071067811865479
590.3313727469254,2,1,0,2,8.264639218456956,0.9659258262890683,0.25881904510252074
377.27059451221663,0,0,0,1,5.281788323171033,-0.9659258262890683,-0.25881904510252063
87.42335039881874,0,0,0,1,1.2239269055834625,-0.7071067811865471,-0.7071067811865479
59.40379208519863,2,0,1,2,0.8316530891927808,-1.0,-1.8369701987210297e-16
281.9134983665155,2,0,1,2,3.946788977131217,-0.7071067811865471,-0.7071067811865479
249.80719596326546,0,1,0,1,3.497300743485716,0.8660254037844386,0.5000000000000001
23.576246727591638,2,0,0,2,0.3300674541862829,0.258819045102521,-0.9659258262890682
240.02916541317958,2,1,0,2,3.360408315784514,0.9659258262890683,0.25881904510252074
146.69176604664398,0,1,0,1,2.0536847246530154,0.25881904510252074,0.9659258262890683
251.67221229520501,2,0,0,2,3.52341097213287,-0.7071067811865471,-0.7071067811865479
380.66625009671236,1,1,0,0,5.329327501353974,-0.8660254037844386,0.5000000000000001
518.6697905435265,0,1,1,1,7.26137706760937,-0.5000000000000004,0.8660254037844384
413.6000265464717,0,0,0,1,5.790400371650604,0.49999999999999994,-0.8660254037844387
120.14066503056299,2,0,0,2,1.6819693104278817,0.258819045102521,-0.9659258262890682
316.404723189255,2,0,0,2,4.42966612464957,0.49999999999999994,-0.8660254037844387
261.3592818685643,2,1,1,2,3.6590299461599005,-0.5000000000000004,0.8660254037844384
10.216788166437823,1,0,0,0,0.1430350343301295,-0.9659258262890684,0.2588190451025203
321.68190124460904,2,0,1,2,4.503546617424527,-1.0,-1.8369701987210297e-16
584.2010208251885,2,0,0,2,8.178814291552639,0.9659258262890683,-0.25881904510252063
255.83678875366073,2,0,0,2,3.58171504255125,-0.9659258262890683,-0.25881904510252063
36.95288235057211,2,1,0,2,0.5173403529080095,0.8660254037844386,0.5000000000000001
255.44836079955144,2,0,1,2,3.57627705119372,0.258819045102521,-0.9659258262890682
31.531804184814973,0,0,0,1,0.44144525858740963,0.7071067811865476,-0.7071067811865475
405.4489912395318,2,0,0,2,5.676285877353444,-0.4999999999999997,-0.8660254037844388
344.4756985105232,2,1,0,2,4.822659779147325,0.8660254037844386,0.5000000000000001
219.2361903745462,2,0,0,2,3.069306665243647,-0.8660254037844385,-0.5000000000000004
190.3904321459522,0,1,0,1,2.6654660500433307,-0.5000000000000004,0.8660254037844384
211.7978257092016,0,1,0,1,2.9651695599288224,0.7071067811865476,0.7071067811865476
251.48940898161766,2,0,0,2,3.5208517257426473,0.258819045102521,-0.9659258262890682
110.99769615852242,0,0,0,1,1.5539677462193138,-0.9659258262890683,-0.25881904510252063
5.0,2,0,0,2,0.07,0.9659258262890683,-0.25881904510252063
454.9658104050367,1,0,0,0,6.369521345670513,-0.9659258262890684,0.2588190451025203
180.6278242305475,2,0,1,2,2.528789539227665,-0.8660254037844385,-0.5000000000000004
280.06775875044593,0,0,1,1,3.9209486225062427,0.9659258262890683,-0.25881904510252063
301.350751210149,0,0,0,1,4.218910516942086,1.2246467991473532e-16,-1.0
307.9636863379385,0,1,0,1,4.3114916087311395,-0.5000000000000004,0.8660254037844384
38.712760522283645,2,1,0,2,0.541978647311971,0.49999999999999994,0.8660254037844387
51.65122961933258,2,1,0,2,0.7231172146706561,0.49999999999999994,0.8660254037844387
144.03534555544144,0,0,1,1,2.01649483777618,1.0,6.123233995736766e-17
321.2280758350516,2,0,0,2,4.497193061690722,-0.9659258262890683,-0.25881904510252063
118.96902385462366,0,1,0,1,1.6655663339647313,-0.8660254037844386,0.5000000000000001
186.11415633413796,0,0,0,1,2.6055981886779316,1.0,6.123233995736766e-17
632.9135344749222,0,1,1,1,8.860789482648912,-0.7071067811865477,0.7071067811865474
82.17629926481641,2,1,0,2,1.1504681897074298,-0.5000000000000004,0.8660254037844384
114.09388073611026,0,1,0,1,1.5973143303055437,0.25881904510252074,0.9659258262890683
591.3887323433071,0,0,0,1,8.279442252806298,1.0,6.123233995736766e-17
241.9722390408598,0,1,0,1,3.3876113465720374,0.25881904510252074,0.9659258262890683
122.9226702101961,2,0,0,2,1.7209173829427455,1.0,6.123233995736766e-17
460.37840506200166,2,0,0,2,6.445297670868023,-0.2588190451025208,-0.9659258262890683
259.94147856660004,2,0,0,2,3.6391806999324006,-0.4999999999999997,-0.8660254037844388
187.30448889207892,2,0,0,2,2.6222628444891045,-0.7071067811865471,-0.7071067811865479
284.626406866752,0,1,0,1,3.9847696961345282,-0.25881904510252157,0.9659258262890681
131.5404143111021,1,0,0,0,1.8415658003554294,0.9659258262890683,-0.25881904510252063
66.85160868014589,2,0,1,2,0.9359225215220424,-0.7071067811865471,-0.7071067811865479
229.55255302574528,0,1,1,1,3.213735742360434,-0.8660254037844386,0.5000000000000001
68.02054718631871,2,0,0,2,0.9522876606084619,1.0,6.123233995736766e-17
251.92479612336646,2,0,0,2,3.5269471457271306,0.49999999999999994,-0.8660254037844387
313.793182145381,2,1,0,2,4.393104550035334,-0.25881904510252157,0.9659258262890681
403.55088208929,2,1,0,2,5.649712349250059,0.7071067811865476,0.7071067811865476
453.02649739302893,1,0,1,0,6.342370963502405,-0.9659258262890683,-0.25881904510252063
176.9674297061947,2,1,1,2,2.4775440158867257,-0.5000000000000004,0.8660254037844384
339.8946294290325,0,0,0,1,4.7585248120064545,1.2246467991473532e-16,-1.0
338.65422031714417,2,0,1,2,4.741159084440018,-0.8660254037844385,-0.5000000000000004
309.0073688468771,1,0,0,0,4.32610316385628,0.258819045102521,-0.9659258262890682
163.69730602891747,2,0,0,2,2.291762284404845,-0.9659258262890683,-0.25881904510252063
64.94779375646007,2,0,0,2,0.909269112590441,0.7071067811865476,-0.7071067811865475
340.36034003198074,2,0,0,2,4.76504476044773,1.0,6.123233995736766e-17
57.235261194749,2,0,1,2,0.801293656726486,0.258819045102521,-0.9659258262890682
201.78890213770399,2,0,0,2,2.8250446299278558,0.258819045102521,-0.9659258262890682
209.65358281674764,0,0,0,1,2.935150159434467,1.2246467991473532e-16,-1.0
9.447563795512593,0,1,0,1,0.1322658931371763,0.0,1.0
92.11589107946358,0,0,1,1,1.28962247511249,1.0,6.123233995736766e-17
447.41035737327115,2,0,0,2,6.263745003225797,-0.7071067811865471,-0.7071067811865479
373.8594443927684,2,0,0,2,5.234032221498757,-0.7071067811865471,-0.7071067811865479
150.2917569083964,2,1,1,2,2.1040845967175494,-0.8660254037844386,0.5000000000000001
381.2865631233551,1,0,1,0,5.338011883726971,-0.7071067811865471,-0.7071067811865479
409.7721334084714,0,0,0,1,5.7368098677186,-0.7071067811865471,-0.7071067811865479
221.08032729255012,0,0,1,1,3.095124582095702,-0.2588190451025208,-0.9659258262890683
5.0,0,0,0,1,0.07,0.49999999999999994,-0.8660254037844387
212.57578418809942,2,0,0,2,2.9760609786333916,-1.0,-1.8369701987210297e-16
232.37936706901547,2,0,0,2,3.253311138966217,0.49999999999999994,-0.8660254037844387
28.158209650559343,2,1,0,2,0.3942149351078308,0.25881904510252074,0.9659258262890683
316.06842272739425,2,0,0,2,4.4249579181835195,1.0,6.123233995736766e-17
300.36613377442393,2,0,0,2,4.205125872841935,0.8660254037844387,-0.4999999999999998
330.10768598095365,2,0,0,2,4.621507603733351,0.8660254037844387,-0.4999999999999998
300.20615749013984,0,0,0,1,4.202886204861958,-0.2588190451025208,-0.9659258262890683
381.37174632069696,0,0,0,1,5.339204448489758,0.7071067811865476,-0.7071067811865475
217.72095498285432,0,0,1,1,3.04809336975996,-0.7071067811865471,-0.7071067811865479
286.3213193267716,1,1,0,0,4.008498470574802,-0.25881904510252157,0.9659258262890681
178.40674883580425,2,0,0,2,2.4976944837012596,-0.9659258262890683,-0.25881904510252063
144.79014118804895,2,1,0,2,2.0270619766326856,0.0,1.0
490.88493353717365,0,1,0,1,6.872389069520431,-0.25881904510252157,0.9659258262890681
117.87836627476935,2,1,0,2,1.6502971278467709,0.25881904510252074,0.9659258262890683
407.8167980477675,2,0,0,2,5.709435172668745,-0.9659258262890684,0.2588190451025203
138.30264241978108,2,1,0,2,1.9362369938769353,0.7071067811865476,0.7071067811865476
114.99312802423822,2,1,1,2,1.6099037923393351,0.25881904510252074,0.9659258262890683
297.08394713177324,2,1,0,2,4.159175259844826,0.7071067811865476,0.7071067811865476
18.129730223180502,2,1,1,2,0.253816223124527,-0.5000000000000004,0.8660254037844384
103.11584704968345,2,1,1,2,1.4436218586955682,0.9659258262890683,0.25881904510252074
97.15486362766143,0,1,1,1,1.3601680907872602,-0.7071067811865477,0.7071067811865474
210.14831352668293,2,1,1,2,2.942076389373561,0.7071067811865476,0.7071067811865476
105.25521613107605,2,0,0,2,1.4735730258350648,-0.9659258262890683,-0.25881904510252063
538.2013634150684,2,1,0,2,7.534819087810957,0.8660254037844386,0.5000000000000001
573.4629729696317,2,0,0,2,8.028481621574842,0.49999999999999994,-0.8660254037844387
113.95883409465137,0,0,1,1,1.5954236773251191,1.2246467991473532e-16,-1.0
347.9780868578325,0,1,1,1,4.871693216009655,0.49999999999999994,0.8660254037844387
404.5594190339634,0,0,0,1,5.663831866475488,-1.0,-1.8369701987210297e-16
347.73733643039895,2,0,0,2,4.868322710025585,-0.9659258262890684,0.2588190451025203
131.539571243495,0,0,0,1,1.84155399740893,0.49999999999999994,-0.8660254037844387
206.06279881146253,0,0,1,1,2.8848791833604754,0.49999999999999994,-0.8660254037844387
115.31056214001481,2,1,1,2,1.6143478699602074,-0.8660254037844386,0.5000000000000001
174.35247439141085,2,1,1,2,2.440934641479752,0.25881904510252074,0.9659258262890683
32.20629483990828,2,1,1,2,0.45088812775871595,-0.7071067811865477,0.7071067811865474
229.33801210578093,0,0,0,1,3.210732169480933,-0.4999999999999997,-0.8660254037844388
20.504308034912583,0,1,0,1,0.28706031248877617,-0.7071067811865477,0.7071067811865474
213.97578023893522,2,0,1,2,2.9956609233450933,0.9659258262890683,-0.25881904510252063
25.255295962042396,0,1,0,1,0.35357414346859356,0.25881904510252074,0.9659258262890683
287.22694512245266,2,0,0,2,4.021177231714337,0.9659258262890683,-0.25881904510252063
127.70447903027967,2,1,0,2,1.7878627064239154,-0.25881904510252157,0.9659258262890681
302.30446261741673,1,0,1,0,4.232262476643834,-0.9659258262890684,0.2588190451025203
444.68453110566077,1,1,0,0,6.22558343547925,-0.5000000000000004,0.8660254037844384
536.1004484988475,2,0,0,2,7.505406278983865,-0.4999999999999997,-0.8660254037844388
205.04082602368828,2,0,0,2,2.870571564331636,-0.7071067811865471,-0.7071067811865479
99.84506310271911,2,0,0,2,1.3978308834380675,1.2246467991473532e-16,-1.0
195.44450611983748,2,1,1,2,2.7362230856777248,-0.5000000000000004,0.8660254037844384
332.85900730866695,0,0,0,1,4.660026102321337,-0.8660254037844385,-0.5000000000000004
47.063810747815296,1,0,0,0,0.6588933504694141,-0.2588190451025208,-0.9659258262890683
73.22336677596118,0,0,1,1,1.0251271348634565,-0.2588190451025208,-0.9659258262890683
273.4642964782798,2,1,0,2,3.828500150695917,0.0,1.0
265.2798834748001,0,1,0,1,3.7139183686472017,-0.25881904510252157,0.9659258262890681
317.9713131556167,2,1,0,2,4.4515983841786335,0.0,1.0
329.86163083986094,1,1,0,0,4.618062831758053,0.49999999999999994,0.8660254037844387
310.94699796085524,0,1,0,1,4.353257971451973,-0.7071067811865477,0.7071067811865474
284.85795699366867,0,1,1,1,3.9880113979113614,-0.25881904510252157,0.9659258262890681
260.0331591987462,2,0,0,2,3.640464228782447,-0.4999999999999997,-0.8660254037844388
369.6573561503853,2,1,0,2,5.175202986105394,0.8660254037844386,0.5000000000000001
153.0780799815605,2,1,0,2,2.143093119741847,0.8660254037844386,0.5000000000000001
527.9800276548222,0,1,0,1,7.39172038716751,0.7071067811865476,0.7071067811865476
146.80676915845834,2,0,0,2,2.055294768218417,-0.2588190451025208,-0.9659258262890683
55.75087295719143,2,0,0,2,0.7805122214006801,-0.9659258262890684,0.2588190451025203
209.18305660297395,2,0,0,2,2.9285627924416353,1.0,6.123233995736766e-17
371.0703203961716,0,1,0,1,5.194984485546403,-0.7071067811865477,0.7071067811865474
289.1480403439309,2,1,1,2,4.048072564815032,-0.25881904510252157,0.9659258262890681
244.9376216904698,0,0,0,1,3.429126703666577,-0.4999999999999997,-0.8660254037844388
392.6311070948322,0,0,1,1,5.496835499327651,0.49999999999999994,-0.8660254037844387
429.0132608851259,1,0,1,0,6.006185652391762,-0.2588190451025208,-0.9659258262890683
124.48066147045742,2,1,0,2,1.7427292605864038,0.9659258262890683,0.25881904510252074
195.8496483480942,2,0,0,2,2.741895076873319,0.7071067811865476,-0.7071067811865475
